"年月","總編號","處理單位","處理編號","年","月","日","時","分","縣市","區","村里","鄰","街道","段","巷","弄","號","公尺處","街道.1","段.1","側","附近","道路","公里","公尺處.1","向","車道","平交道","公里.1","公尺處.2","附近.1","死","受傷","X2.30","天候","光線","道路類別","速限","道路型態","事故位置","路面鋪裝","路面狀態","路面缺陷","障礙物","視距","號誌種類","號誌動作","分向設施","快車道或一般車道間","快慢車道間","路面邊線","事故類型及型態","主要肇因","警局","分局","案件類別","事故類別","日期","道路1","道路2","概略位置","lon","lat"
10101,"10101Y00020001","YYA1","10101YY000001",2012,1,1,16,7,"金門縣","金沙鎮","",NA,"環島北路","三","",NA,"","","高陽路","","","",NA,NA,NA,NA,NA,NA,NA,NA,NA,0,1,0,"晴","日間自然光線","村里道路",60,"三岔路","交岔路口內","柏油","乾燥","無缺陷","無障礙物","良好","無號誌","無號誌","無分向設施","未繪設車道線","未繪設快慢車道分隔線","有","側撞","未依規定讓車","Y000","YY00",1,2,2012-01-01,"環島北路三段","高陽路","","118.3887036","24.46664488"
10101,"10101Y00020002","YYA1","10101YY000003",2012,1,2,16,27,"金門縣","金湖鎮","山外里",NA,"","","",NA,"","","","","","安民15號軍事檢察署前路段",NA,NA,NA,NA,NA,NA,NA,NA,NA,0,1,0,"晴","日間自然光線","村里道路",50,"彎曲路及附近","一般車道（未劃分快慢車道）","柏油","乾燥","無缺陷","無障礙物","彎道","無號誌","無號誌","無分向設施","未繪設車道線","未繪設快慢車道分隔線","無","對撞","未靠右行駛","Y000","YY00",1,2,2012-01-02,"金門縣金湖鎮山外里安民15號軍事檢察署前路段","","金門縣金湖鎮山外里安民15號軍事檢察署前路段","118.431767","24.445345"
10101,"","YYA1","10101YY000004",2012,1,2,6,15,"金門縣","金沙鎮","",NA,"","","",NA,"","","","","","田埔水庫內",NA,NA,NA,NA,NA,NA,NA,NA,NA,1,0,0,"晴","夜間（或隧道、地下道、涵洞）有照明","村里道路",50,"直路","一般車道（未劃分快慢車道）","水泥","乾燥","無缺陷","無障礙物","良好","無號誌","無號誌","附標記","未繪設車道線","未繪設快慢車道分隔線","有","衝出路外","不明原因肇事","Y000","YY00",2,1,2012-01-02,"金門縣金沙鎮田埔水庫內","","金門縣金沙鎮田埔水庫內","118.456382","24.476293"
10101,"10101Y00020004","YYA1","10101YY000006",2012,1,3,19,33,"金門縣","金沙鎮","",NA,"環島北路","四","",NA,"","","","","","警光會館往營山路口間路段",NA,NA,NA,NA,NA,NA,NA,NA,NA,0,1,0,"陰","夜間（或隧道、地下道、涵洞）有照明","村里道路",60,"直路","一般車道（未劃分快慢車道）","柏油","乾燥","無缺陷","無障礙物","良好","無號誌","無號誌","附標記","未繪設車道線","未繪設快慢車道分隔線","有","撞號誌、標誌桿","未注意車前狀態","Y000","YY00",1,2,2012-01-03,"環島北路四段","","金門縣金沙鎮警光會館往營山路口間路段","118.4045085","24.4840105"
10101,"10101Y00020028","YYA1","10101YY000008",2012,1,4,17,50,"金門縣","金湖鎮","",NA,"太湖路","三","",NA,"","","","","","金湖國中旁路段",NA,NA,NA,NA,NA,NA,NA,NA,NA,0,2,0,"陰","晨或暮光","村里道路",60,"直路","一般車道（未劃分快慢車道）","柏油","乾燥","無缺陷","無障礙物","良好","無號誌","無號誌","無標記","未繪設車道線","未繪設快慢車道分隔線","有","追撞","未注意車前狀態","Y000","YY00",1,2,2012-01-04,"太湖路三段","","金門縣金湖鎮金湖國中旁路段","118.4317691","24.4347503"
10101,"10101Y00020006","YYA1","10101YY000009",2012,1,5,20,46,"金門縣","金湖鎮","",NA,"黃海路","","",NA,"","","復興路","","","",NA,NA,NA,NA,NA,NA,NA,NA,NA,0,1,0,"晴","夜間（或隧道、地下道、涵洞）無照明","村里道路",40,"四岔路","交岔路口內","柏油","乾燥","無缺陷","無障礙物","良好","閃光號誌","正常","無分向設施","未繪設車道線","未繪設快慢車道分隔線","有","側撞","未依規定讓車","Y000","YY00",1,2,2012-01-05,"黃海路","復興路","","118.4143341","24.44234488"
10101,"10101Y00020007","YYA1","10101YY000010",2012,1,6,7,22,"金門縣","金湖鎮","",NA,"太湖路","","",NA,"","","","","","武德新莊00624燈桿",NA,NA,NA,NA,NA,NA,NA,NA,NA,0,1,0,"雨","日間自然光線","村里道路",50,"直路","一般車道（未劃分快慢車道）","柏油","濕潤","無缺陷","其他障礙物","良好","無號誌","無號誌","無標記","未繪設車道線","未繪設快慢車道分隔線","有","穿越道路中","未注意車前狀態","Y000","YY00",1,2,2012-01-06,"太湖路","","金門縣金湖鎮武德新莊00624燈桿","118.4047483","24.4473343"
10101,"","YYA1","10101YY000014",2012,1,6,8,18,"金門縣","金湖鎮","",NA,"太湖路","二","",NA,"","","","","","往舊市場產業道路",NA,NA,NA,NA,NA,NA,NA,NA,NA,0,0,0,"雨",NA,NA,40,NA,NA,NA,NA,NA,NA,NA,NA,NA,NA,NA,NA,NA,NA,NA,"Y000","YY00",1,4,2012-01-06,"太湖路二段","","金門縣金湖鎮往舊市場產業道路","118.4170143","24.4394812"
10101,"10101Y00020014","YYA1","10101YY000021",2012,1,12,17,57,"金門縣","金湖鎮","",NA,"瓊徑路","","",NA,"","","經武路","","","",NA,NA,NA,NA,NA,NA,NA,NA,NA,0,1,0,"陰","晨或暮光","村里道路",50,"四岔路","交岔路口內","柏油","乾燥","無缺陷","無障礙物","良好","行車管制號誌","正常","無分向設施","未繪設車道線","未繪設快慢車道分隔線","有","側撞","未注意車前狀態","Y000","YY00",1,2,2012-01-12,"瓊徑路","經武路","","118.3880485","24.44342822"
10101,"10101Y00020015","YYA1","10101YY000025",2012,1,14,15,10,"金門縣","金湖鎮","新市里",NA,"林森路","","",NA,"","","","","","與自強路口",NA,NA,NA,NA,NA,NA,NA,NA,NA,0,2,0,"雨","日間自然光線","村里道路",40,"四岔路","交岔口附近","柏油","濕潤","無缺陷","無障礙物","良好","無號誌","無號誌","附標記","未繪設車道線","未繪設快慢車道分隔線","有","其他","開啟車門不當而肇事","Y000","YY00",1,2,2012-01-14,"林森路","","金門縣金湖鎮新市里與自強路口","118.4162571","24.4417488"
10101,"10101Y00030005","YYA1","10101YY000028",2012,1,15,14,44,"金門縣","金沙鎮","",NA,"環島北路","三","",NA,"","","","","","何厝候車亭前路段",NA,NA,NA,NA,NA,NA,NA,NA,NA,0,0,0,"雨","日間自然光線","村里道路",60,"直路","一般車道（未劃分快慢車道）","柏油","濕潤","無缺陷","無障礙物","良好","無號誌","無號誌","附標記","未繪設車道線","未繪設快慢車道分隔線","有","衝出路外","酒醉（後）駕駛失控","Y000","YY00",1,3,2012-01-15,"環島北路三段","","金門縣金沙鎮何厝候車亭前路段","118.388325","24.466263"
10101,"10101Y00020018","YYA1","10101YY000030",2012,1,17,17,42,"金門縣","金湖鎮","",NA,"瓊義路","","",NA,"","","","","","瓊林246號前路段",NA,NA,NA,NA,NA,NA,NA,NA,NA,0,1,0,"晴","晨或暮光","村里道路",50,"三岔路","交岔路口內","柏油","乾燥","無缺陷","其他障礙物","良好","無號誌","無號誌","無標記","未繪設車道線","未繪設快慢車道分隔線","有","穿越道路中","穿越道路未注意左右來車","Y000","YY00",1,2,2012-01-17,"瓊義路","","金門縣金湖鎮瓊林246號前路段","118.3750744","24.4504136"
10101,"10101Y00020019","YYA1","10101YY000031",2012,1,18,15,57,"金門縣","金湖鎮","",NA,"瓊徑路","","",NA,"","","","","","小徑圓環",NA,NA,NA,NA,NA,NA,NA,NA,NA,0,1,0,"晴","日間自然光線","村里道路",50,"圓環","其他","柏油","乾燥","無缺陷","無障礙物","良好","無號誌","無號誌","無分向設施","未繪設車道線","未繪設快慢車道分隔線","有","路上翻車、摔倒","未依規定減速","Y000","YY00",1,2,2012-01-18,"瓊徑路","","金門縣金湖鎮小徑圓環","118.3837181","24.4489328"
10101,"10101Y00020022","YYA1","10101YY000034",2012,1,21,18,30,"金門縣","金湖鎮","",NA,"太湖路","一","",NA,"","","","","","塔后20871號路口",NA,NA,NA,NA,NA,NA,NA,NA,NA,0,1,0,"晴","夜間（或隧道、地下道、涵洞）有照明","村里道路",50,"三岔路","交岔路口內","柏油","乾燥","無缺陷","無障礙物","良好","無號誌","無號誌","附標記","未繪設車道線","未繪設快慢車道分隔線","有","倒車撞","倒車未依規定","Y000","YY00",1,2,2012-01-21,"太湖路一段","","金門縣金湖鎮塔后20871號路口","118.4047483","24.4473343"
10101,"10101Y00030006","YYA1","10101YY000035",2012,1,23,9,36,"金門縣","金湖鎮","",NA,"太湖路","三","",NA,"","","","","","三谿橋路口",NA,NA,NA,NA,NA,NA,NA,NA,NA,0,0,0,"晴","日間自然光線","村里道路",50,"四岔路","交岔路口內","水泥","乾燥","無缺陷","無障礙物","其他","閃光號誌","正常","無分向設施","未繪設車道線","未繪設快慢車道分隔線","有","側撞","未依規定讓車","Y000","YY00",1,3,2012-01-23,"太湖路三段","","金門縣金湖鎮三谿橋路口","118.4317691","24.4347503"
10101,"10101Y00020023","YYA1","10101YY000037",2012,1,27,14,31,"金門縣","金湖鎮","",NA,"經武路","","",NA,"","","瓊徑路","","","",NA,NA,NA,NA,NA,NA,NA,NA,NA,0,1,0,"陰","日間自然光線","村里道路",50,"四岔路","交岔路口內","柏油","乾燥","無缺陷","無障礙物","良好","行車管制號誌","正常","無分向設施","未繪設車道線","未繪設快慢車道分隔線","有","側撞","未依規定讓車","Y000","YY00",1,2,2012-01-27,"經武路","瓊徑路","","118.3880485","24.44342822"
10101,"10101Y00020024","YYA1","10101YY000038",2012,1,28,10,14,"金門縣","金沙鎮","",NA,"環島北路","三","",NA,"","","","","","0710號路燈屠宰場及瓊徑路口間",NA,NA,NA,NA,NA,NA,NA,NA,NA,0,1,0,"晴","日間自然光線","村里道路",60,"直路","一般車道（未劃分快慢車道）","柏油","乾燥","無缺陷","無障礙物","良好","無號誌","無號誌","無標記","未繪設車道線","未繪設快慢車道分隔線","有","同向擦撞","未保持行車安全間隔","Y000","YY00",1,2,2012-01-28,"環島北路三段","","金門縣金沙鎮0710號路燈屠宰場及瓊徑路口間","118.388325","24.466263"
10101,"10101Y00020025","YYA1","10101YY000039",2012,1,30,8,30,"金門縣","金湖鎮","新市里",NA,"復興路","","",NA,"1-10","","","","","復興路110號前路口",NA,NA,NA,NA,NA,NA,NA,NA,NA,0,2,0,"晴","日間自然光線","村里道路",40,"三岔路","交岔路口內","柏油","乾燥","無缺陷","無障礙物","良好","無號誌","無號誌","無分向設施","未繪設車道線","未繪設快慢車道分隔線","有","穿越道路中","未依規定行走行人穿越道、地下道、天橋而穿越道路","Y000","YY00",1,2,2012-01-30,"復興路1-10號","","金門縣金湖鎮新市里復興路110號前路口","118.4161413","24.4412321"
10101,"10101Y00020026","YYA1","10101YY000040",2012,1,30,12,15,"金門縣","金湖鎮","新市里",NA,"自強路","","",NA,"","","中正路","","","",NA,NA,NA,NA,NA,NA,NA,NA,NA,0,1,0,"晴","日間自然光線","村里道路",50,"四岔路","交岔路口內","其他鋪裝","乾燥","無缺陷","無障礙物","良好","無號誌","無號誌","無分向設施","未繪設車道線","未繪設快慢車道分隔線","有","路口交岔撞","未依規定讓車","Y000","YY00",1,2,2012-01-30,"自強路","中正路","","118.4156185","24.44089977"
10101,"10101Y00030001","YZA1","10101YZ000002",2012,1,2,14,34,"金門縣","金城鎮","",NA,"西海路","二","",NA,"","","","","","03717號燈桿前路口",NA,NA,NA,NA,NA,NA,NA,NA,NA,0,0,0,"晴","日間自然光線","縣道",50,"三岔路","交岔路口內","柏油","乾燥","無缺陷","無障礙物","良好","無號誌","無號誌","附標記","未繪設車道線","未繪設快慢車道分隔線","有","側撞","未依規定讓車","Y000","YZ00",1,3,2012-01-02,"西海路二段","","金門縣金城鎮03717號燈桿前路口","118.3041626","24.4144371"
10101,"10101Y00020003","YZA1","10101YZ000005",2012,1,3,18,40,"金門縣","金城鎮","",NA,"","","",NA,"","","","","","民生民權路口",NA,NA,NA,NA,NA,NA,NA,NA,NA,0,1,0,"晴","夜間（或隧道、地下道、涵洞）有照明","村里道路",40,"四岔路","行人穿越道","柏油","乾燥","無缺陷","無障礙物","良好","行車管制號誌","正常","無分向設施","未繪設車道線","未繪設快慢車道分隔線","有","穿越道路中","搶越行人穿越道","Y000","YZ00",1,2,2012-01-03,"金門縣金城鎮民生民權路口","","金門縣金城鎮民生民權路口","118.318387","24.437086"
10101,"10101Y00020027","YZA1","10101YZ000007",2012,1,4,16,0,"金門縣","金寧鄉","",NA,"環島西路","二","",NA,"","","","","","光前廟前",NA,NA,NA,NA,NA,NA,NA,NA,NA,0,1,0,"晴","日間自然光線","鄉道",60,"直路","穿越道附近","柏油","乾燥","無缺陷","無障礙物","路上停放車輛","無號誌","無號誌","無標記","未繪設車道線","未繪設快慢車道分隔線","有","穿越道路中","未依規定減速","Y000","YZ00",1,2,2012-01-04,"環島西路二段","","金門縣金寧鄉光前廟前","118.3148723","24.4566699"
10101,"10101Y00030002","YZA1","10101YZ000011",2012,1,6,0,25,"金門縣","金城鎮","東門里",NA,"民族路","","",NA,"22","","","","","",NA,NA,NA,NA,NA,NA,NA,NA,NA,0,0,0,"雨","夜間（或隧道、地下道、涵洞）有照明","村里道路",40,"直路","一般車道（未劃分快慢車道）","柏油","濕潤","無缺陷","無障礙物","良好","無號誌","無號誌","無標記","車道線（無標記）","未繪設快慢車道分隔線","有","追撞","未注意車前狀態","Y000","YZ00",1,3,2012-01-06,"民族路22號","","金門縣金城鎮東門里","118.3157499","24.4302723"
10101,"10101Y00020029","YZA1","10101YZ000012",2012,1,6,22,50,"金門縣","金城鎮","",NA,"","","",NA,"","","","","","后豐港41號旁",NA,NA,NA,NA,NA,NA,NA,NA,NA,0,1,0,"陰","夜間（或隧道、地下道、涵洞）有照明","村里道路",40,"巷弄","一般車道（未劃分快慢車道）","柏油","乾燥","無缺陷","無障礙物","良好","無號誌","無號誌","無分向設施","未繪設車道線","未繪設快慢車道分隔線","無","其他","酒醉（後）駕駛失控","Y000","YZ00",1,2,2012-01-06,"金門縣金城鎮后豐港41號旁","","金門縣金城鎮后豐港41號旁","118.301926","24.418403"
10101,"10101Y00020005","YZA1","10101YZ000013",2012,1,4,20,3,"金門縣","金城鎮","",NA,"光前路","","",NA,"31","","","","","福德宮",NA,NA,NA,NA,NA,NA,NA,NA,NA,0,1,0,"陰","夜間（或隧道、地下道、涵洞）有照明","村里道路",40,"三岔路","交岔路口內","其他鋪裝","乾燥","無缺陷","無障礙物","良好","無號誌","無號誌","無分向設施","未繪設車道線","未繪設快慢車道分隔線","無","撞橋樑、建築物","其他引起事故之違規或不當行為","Y000","YZ00",1,2,2012-01-04,"光前路31號","","金門縣金城鎮福德宮","118.3142468","24.4339885"
10101,"10101Y00020008","YZA1","10101YZ000015",2012,1,9,8,51,"金門縣","金寧鄉","",NA,"林湖路","","",NA,"","","","","","僑美傢具行旁路段",NA,NA,NA,NA,NA,NA,NA,NA,NA,0,1,0,"晴","日間自然光線","村里道路",50,"三岔路","交岔口附近","柏油","乾燥","無缺陷","無障礙物","良好","無號誌","無號誌","附標記","未繪設車道線","未繪設快慢車道分隔線","有","同向擦撞","逆向行駛","Y000","YZ00",1,2,2012-01-09,"林湖路","","金門縣金寧鄉僑美傢具行旁路段","118.330303","24.4320985"
10101,"10101Y00020009","YZA1","10101YZ000016",2012,1,10,8,47,"金門縣","金城鎮","",NA,"環島西路","一","",NA,"","","","","","官裡03585燈桿旁",NA,NA,NA,NA,NA,NA,NA,NA,NA,0,1,0,"晴","日間自然光線","村里道路",40,"彎曲路及附近","一般車道（未劃分快慢車道）","柏油","乾燥","無缺陷","無障礙物","良好","無號誌","無號誌","附標記","未繪設車道線","未繪設快慢車道分隔線","有","對向擦撞","違規超車","Y000","YZ00",1,2,2012-01-10,"環島西路一段","","金門縣金城鎮官裡03585燈桿旁","118.3184801","24.4172073"
10101,"10101Y00020010","YZA1","10101YZ000017",2012,1,10,18,0,"金門縣","金寧鄉","",NA,"伯玉路","二","",NA,"","","","","","上古厝麵線前路段",NA,NA,NA,NA,NA,NA,NA,NA,NA,0,1,0,"陰","夜間（或隧道、地下道、涵洞）有照明","縣道",70,"直路","一般車道（未劃分快慢車道）","柏油","濕潤","無缺陷","無障礙物","良好","無號誌","無號誌","附標記","未繪設車道線","快慢車道分隔線","有","側撞","未依規定讓車","Y000","YZ00",1,2,2012-01-10,"伯玉路二段","","金門縣金寧鄉上古厝麵線前路段","118.3416148","24.4414563"
10101,"10101Y00020011","YZA1","10101YZ000018",2012,1,11,16,10,"金門縣","金城鎮","",NA,"珠浦西路","","80",NA,"10","","","","","路口",NA,NA,NA,NA,NA,NA,NA,NA,NA,0,1,0,"晴","日間自然光線","村里道路",40,"四岔路","交岔路口內","其他鋪裝","乾燥","無缺陷","無障礙物","建築物","無號誌","無號誌","無分向設施","未繪設車道線","未繪設快慢車道分隔線","無","側撞","未依規定讓車","Y000","YZ00",1,2,2012-01-11,"珠浦西路80巷10號","","金門縣金城鎮路口","118.3147803","24.4384226"
10101,"10101Y00020012","YZA1","10101YZ000019",2012,1,11,20,45,"金門縣","金城鎮","",NA,"民權路","","",NA,"192","","","","","",NA,NA,NA,NA,NA,NA,NA,NA,NA,0,1,0,"陰","日間自然光線","縣道",50,"直路","一般車道（未劃分快慢車道）","柏油","乾燥","無缺陷","無障礙物","良好","無號誌","無號誌","附標記","未繪設車道線","未繪設快慢車道分隔線","有","其他","起步未注意其他車（人）安全","Y000","YZ00",1,2,2012-01-11,"民權路192號","","金門縣金城鎮","118.3197267","24.4385954"
10101,"10101Y00020013","YZA1","10101YZ000020",2012,1,12,7,25,"金門縣","烈嶼鄉","",NA,"東林街","","",NA,"175","","","","","",NA,NA,NA,NA,NA,NA,NA,NA,NA,0,1,0,"陰","日間自然光線","鄉道",40,"三岔路","交岔口附近","柏油","乾燥","無缺陷","無障礙物","良好","無號誌","無號誌","無標記","未繪設車道線","未繪設快慢車道分隔線","有","同向擦撞","其他引起事故之違規或不當行為","Y000","YZ00",1,2,2012-01-12,"東林街175號","","金門縣烈嶼鄉","118.2485954","24.4282783"
10101,"","YZA1","10101YZ000022",2012,1,13,18,37,"金門縣","金城鎮","",NA,"環島西路","一","",NA,"22","","","","","",NA,NA,NA,NA,NA,NA,NA,NA,NA,0,0,0,"雨",NA,NA,0,NA,NA,NA,NA,NA,NA,NA,NA,NA,NA,NA,NA,NA,NA,NA,"Y000","YZ00",1,4,2012-01-13,"環島西路一段22號","","金門縣金城鎮","118.3184801","24.4172073"
10101,"10101Y00030003","YZA1","10101YZ000023",2012,1,13,19,30,"金門縣","金城鎮","",NA,"莒光路","","26",NA,"14","","","","","",NA,NA,NA,NA,NA,NA,NA,NA,NA,0,0,0,"雨","夜間（或隧道、地下道、涵洞）有照明","村里道路",40,"直路","其他","水泥","濕潤","無缺陷","無障礙物","良好","無號誌","無號誌","無分向設施","未繪設車道線","未繪設快慢車道分隔線","有","其他","不明原因肇事","Y000","YZ00",1,3,2012-01-13,"莒光路26巷14號","","金門縣金城鎮","118.3186659","24.4322304"
10101,"10101Y00030004","YZA1","10101YZ000024",2012,1,13,22,45,"金門縣","金城鎮","",NA,"環島西路","一","",NA,"65","","","","","",NA,NA,NA,NA,NA,NA,NA,NA,NA,0,0,0,"陰","夜間（或隧道、地下道、涵洞）有照明","村里道路",50,"直路","一般車道（未劃分快慢車道）","柏油","乾燥","無缺陷","無障礙物","良好","無號誌","無號誌","無標記","未繪設車道線","未繪設快慢車道分隔線","有","其他","未注意車前狀態","Y000","YZ00",1,3,2012-01-13,"環島西路一段65號","","金門縣金城鎮","118.3184801","24.4172073"
10101,"10101Y00020016","YZA1","10101YZ000026",2012,1,14,18,35,"金門縣","金城鎮","",NA,"民權路","","",NA,"61","","","","","路段",NA,NA,NA,NA,NA,NA,NA,NA,NA,0,1,0,"雨","夜間（或隧道、地下道、涵洞）有照明","村里道路",40,"三岔路","交岔路口內","柏油","濕潤","無缺陷","無障礙物","良好","無號誌","無號誌","無分向設施","未繪設車道線","未繪設快慢車道分隔線","有","側撞","未依規定讓車","Y000","YZ00",NA,NA,2012-01-14,"民權路61號","","金門縣金城鎮路段","118.3140012","24.4324688"
10101,"10101Y00020017","YZA1","10101YZ000027",2012,1,14,20,5,"金門縣","金寧鄉","",NA,"環島北路","二","",NA,"","","","","","07168燈桿前路段",NA,NA,NA,NA,NA,NA,NA,NA,NA,0,2,0,"雨","夜間（或隧道、地下道、涵洞）有照明","縣道",60,"直路","一般車道（未劃分快慢車道）","柏油","濕潤","無缺陷","無障礙物","良好","無號誌","無號誌","無標記","未繪設車道線","未繪設快慢車道分隔線","有","撞路樹、電桿","未注意車前狀態","Y000","YZ00",1,2,2012-01-14,"環島北路二段","","金門縣金寧鄉07168燈桿前路段","118.3537405","24.452631"
10101,"","YZA1","10101YZ000029",2012,1,17,16,2,"金門縣","金寧鄉","",NA,"伯玉路","一","",NA,"","","","","","水玲瓏檳榔攤旁產業道路",NA,NA,NA,NA,NA,NA,NA,NA,NA,0,0,0,"晴","日間自然光線","村里道路",40,"四岔路","交岔路口內","水泥","乾燥","無缺陷","無障礙物","良好","無號誌","無號誌","無分向設施","未繪設車道線","未繪設快慢車道分隔線","無","路口交岔撞","未依規定讓車","Y000","YZ00",1,4,2012-01-17,"伯玉路一段","","金門縣金寧鄉水玲瓏檳榔攤旁產業道路","118.3267756","24.4346914"
10101,"10101Y00020020","YZA1","10101YZ000032",2012,1,19,19,9,"金門縣","金城鎮","",NA,"環島西路","","",NA,"","","","","","莒光橋上",NA,NA,NA,NA,NA,NA,NA,NA,NA,0,1,0,"晴","夜間（或隧道、地下道、涵洞）有照明","村里道路",40,"三岔路","交岔口附近","柏油","乾燥","無缺陷","無障礙物","良好","行車管制號誌","正常","附標記","未繪設車道線","未繪設快慢車道分隔線","有","追撞","未注意車前狀態","Y000","YZ00",1,2,2012-01-19,"環島西路","","金門縣金城鎮莒光橋上","118.3148723","24.4566699"
10101,"10101Y00020021","YZA1","10101YZ000033",2012,1,20,18,0,"金門縣","金城鎮","",NA,"伯玉路","一","",NA,"","","","","","00274燈桿旁路段",NA,NA,NA,NA,NA,NA,NA,NA,NA,0,2,0,"陰","夜間（或隧道、地下道、涵洞）有照明","村里道路",60,"三岔路","交岔路口內","柏油","乾燥","無缺陷","無障礙物","良好","無號誌","無號誌","附標記","未繪設車道線","未繪設快慢車道分隔線","有","側撞","未依規定讓車","Y000","YZ00",1,2,2012-01-20,"伯玉路一段","","金門縣金城鎮00274燈桿旁路段","118.3267756","24.4346914"
10101,"10101Y00030007","YZA1","10101YZ000036",2012,1,24,17,36,"金門縣","金城鎮","",NA,"民權路","","",NA,"98","","","","","",NA,NA,NA,NA,NA,NA,NA,NA,NA,0,0,0,"雨","夜間（或隧道、地下道、涵洞）有照明","村里道路",40,"直路","一般車道（未劃分快慢車道）","柏油","濕潤","無缺陷","無障礙物","良好","無號誌","無號誌","附標記","未繪設車道線","未繪設快慢車道分隔線","有","同向擦撞","違規超車","Y000","YZ00",1,3,2012-01-24,"民權路98號","","金門縣金城鎮","118.3161157","24.4347418"
10102,"10102Y00020002","YYA1","10102YY000003",2012,2,2,2,0,"金門縣","金湖鎮","",NA,"環島南路","四","",NA,"","","","","","夏興路段05095號路燈桿",NA,NA,NA,NA,NA,NA,NA,NA,NA,0,1,0,"晴","夜間（或隧道、地下道、涵洞）有照明","村里道路",50,"彎曲路及附近","一般車道（未劃分快慢車道）","柏油","乾燥","無缺陷","無障礙物","良好","無號誌","無號誌","附標記","未繪設車道線","快慢車道分隔線","有","撞護欄（樁）","未依規定減速","Y000","YY00",1,2,2012-02-02,"環島南路四段","","金門縣金湖鎮夏興路段05095號路燈桿","118.40101","24.438041"
10102,"10102Y00020004","YYA1","10102YY000005",2012,2,4,20,40,"金門縣","金湖鎮","",NA,"環島北路","三","",NA,"","","","","","瓊林候車亭路段",NA,NA,NA,NA,NA,NA,NA,NA,NA,0,1,0,"晴","夜間（或隧道、地下道、涵洞）有照明","村里道路",60,"三岔路","交岔路口內","柏油","乾燥","無缺陷","無障礙物","良好","無號誌","無號誌","無分向設施","未繪設車道線","未繪設快慢車道分隔線","有","追撞","違規超車","Y000","YY00",1,2,2012-02-04,"環島北路三段","","金門縣金湖鎮瓊林候車亭路段","118.388325","24.466263"
10102,"10102Y00020007","YYA1","10102YY000009",2012,2,5,20,21,"金門縣","金湖鎮","山外里",NA,"士校路","","",NA,"","","","","","01479路燈前",NA,NA,NA,NA,NA,NA,NA,NA,NA,0,1,0,"晴","夜間（或隧道、地下道、涵洞）有照明","村里道路",50,"直路","一般車道（未劃分快慢車道）","柏油","乾燥","無缺陷","無障礙物","良好","無號誌","無號誌","無標記","未繪設車道線","未繪設快慢車道分隔線","有","追撞","未保持行車安全距離","Y000","YY00",1,2,2012-02-05,"士校路","","金門縣金湖鎮山外里01479路燈前","118.4271704","24.4453138"
10102,"10102Y00020017","YYA1","10102YY000011",2012,2,6,9,37,"金門縣","金湖鎮","",NA,"士校路","","",NA,"","","","","","太湖二橋路口",NA,NA,NA,NA,NA,NA,NA,NA,NA,0,1,0,"雨","日間自然光線","村里道路",40,"四岔路","交岔路口內","柏油","濕潤","無缺陷","無障礙物","良好","無號誌","無號誌","無分向設施","未繪設車道線","未繪設快慢車道分隔線","有","其他","未依規定讓車","Y000","YY00",1,2,2012-02-06,"士校路","","金門縣金湖鎮太湖二橋路口","118.4271704","24.4453138"
10102,"10102Y00020013","YYA1","10102YY000016",2012,2,9,7,23,"金門縣","金湖鎮","",NA,"伯玉路","四","",NA,"","","瓊義路","","東","",NA,NA,NA,NA,NA,NA,NA,NA,NA,0,1,0,"晴","日間自然光線","縣道",70,"圓環","其他","柏油","乾燥","無缺陷","無障礙物","良好","行車管制號誌","正常","無分向設施","車道線（無標記）","未繪設快慢車道分隔線","有","其他","未保持行車安全距離","Y000","YY00",1,2,2012-02-09,"伯玉路四段","瓊義路","","118.3764902","24.44678396"
10102,"10102Y00020012","YYA1","10102YY000017",2012,2,9,7,18,"金門縣","金沙鎮","",NA,"","","",NA,"","","","","","忠孝新",NA,NA,NA,NA,NA,NA,NA,NA,NA,0,0,0,NA,NA,NA,0,NA,NA,NA,NA,NA,NA,NA,NA,NA,NA,NA,NA,NA,NA,NA,"","",NA,NA,2012-02-09,"金門縣金沙鎮忠孝新","","金門縣金沙鎮忠孝新","118.413013","24.493643"
10102,"10102Y00020018","YYA1","10102YY000020",2012,2,10,15,11,"金門縣","金湖鎮","",NA,"環島南路","五","",NA,"","","","","","05035號燈桿附近",NA,NA,NA,NA,NA,NA,NA,NA,NA,0,1,0,"晴","日間自然光線","村里道路",60,"直路","一般車道（未劃分快慢車道）","柏油","乾燥","無缺陷","無障礙物","良好","無號誌","無號誌","附標記","未繪設車道線","未繪設快慢車道分隔線","有","對向擦撞","違規超車","Y000","YY00",1,2,2012-02-10,"環島南路五段","","金門縣金湖鎮05035號燈桿附近","118.4239844","24.4324232"
10102,"10102Y00020021","YYA1","10102YY000025",2012,2,18,11,38,"金門縣","金沙鎮","",NA,"環島東路","二","",NA,"","","","","","大舞台前路段",NA,NA,NA,NA,NA,NA,NA,NA,NA,0,2,0,"晴","日間自然光線","村里道路",60,"直路","一般車道（未劃分快慢車道）","柏油","乾燥","無缺陷","無障礙物","良好","無號誌","無號誌","無標記","未繪設車道線","未繪設快慢車道分隔線","有","對撞","違規超車","Y000","YY00",1,2,2012-02-18,"環島東路二段","","金門縣金沙鎮大舞台前路段","118.4328094","24.4713308"
10102,"10102Y00020015","YYA1","10102YY000026",2012,2,18,17,5,"金門縣","金湖鎮","",NA,"環島南路","四","",NA,"","","","","","05088路燈桿前",NA,NA,NA,NA,NA,NA,NA,NA,NA,0,1,0,"陰","日間自然光線","村里道路",50,"直路","快車道","柏油","乾燥","無缺陷","無障礙物","良好","無號誌","無號誌","附標記","未繪設車道線","快慢車道分隔線","有","其他","變換車道或方向不當","Y000","YY00",1,2,2012-02-18,"環島南路四段","","金門縣金湖鎮05088路燈桿前","118.40101","24.438041"