"年月","總編號","處理單位","處理編號","年","月","日","時","分","縣市","區","村里","鄰","街道","段","巷","弄","號","公尺處","街道.1","段.1","側","附近","道路","公里","公尺處.1","向","車道","平交道","公里.1","公尺處.2","附近.1","死","受傷","X2.30","天候","光線","道路類別","速限","道路型態","事故位置","路面鋪裝","路面狀態","路面缺陷","障礙物","視距","號誌種類","號誌動作","分向設施","快車道或一般車道間","快慢車道間","路面邊線","事故類型及型態","主要肇因","警局","分局","案件類別","事故類別","日期","道路1","道路2","概略位置","lon","lat"
10102,"10102Y00020025","YYA1","10102YY000032",2012,2,21,7,55,"金門縣","金湖鎮","",NA,"太湖路","二","",NA,"","","","","","與自強路口",NA,NA,NA,NA,NA,NA,NA,NA,NA,0,1,0,"晴","日間自然光線","村里道路",50,"四岔路","交岔路口內","柏油","乾燥","無缺陷","無障礙物","良好","無號誌","無號誌","無分向設施","未繪設車道線","未繪設快慢車道分隔線","有","追撞","未保持行車安全距離","Y000","YY00",1,2,2012-02-21,"太湖路二段","","金門縣金湖鎮與自強路口","118.4170143","24.4394812"
10102,"10102Y00030006","YYA1","10102YY000035",2012,2,26,9,10,"金門縣","金湖鎮","",NA,"","三","",NA,"","","","","","環島北路三段屠宰場路段07097號燈桿",NA,NA,NA,NA,NA,NA,NA,NA,NA,0,0,0,"陰","日間自然光線","村里道路",60,"直路","一般車道（未劃分快慢車道）","柏油","濕潤","無缺陷","無障礙物","良好","無號誌","無號誌","附標記","未繪設車道線","未繪設快慢車道分隔線","有","同向通行中","酒醉（後）駕駛失控","Y000","YY00",1,3,2012-02-26,"","","金門縣金湖鎮環島北路三段屠宰場路段07097號燈桿","118.388325","24.466263"
10102,"10102Y00020001","YZA1","10102YZ000001",2012,2,1,12,18,"金門縣","金城鎮","南門里",NA,"光前路","","",NA,"85之1","","","","","",NA,NA,NA,NA,NA,NA,NA,NA,NA,0,1,0,"晴","日間自然光線","村里道路",40,"坡路","一般車道（未劃分快慢車道）","其他鋪裝","油滑","無缺陷","無障礙物","其他","無號誌","無號誌","無分向設施","未繪設車道線","未繪設快慢車道分隔線","有","路上翻車、摔倒","未注意車前狀態","Y000","YZ00",1,2,2012-02-01,"光前路85-1號","","金門縣金城鎮南門里","118.3142468","24.4339885"
10102,"10102Y00010001","YZA1","10102YZ000002",2012,2,1,21,54,"金門縣","金城鎮","西門里",NA,"環島北路","","",NA,"66號","","","","","00299路燈桿",NA,NA,NA,NA,NA,NA,NA,NA,NA,1,0,0,"晴","夜間（或隧道、地下道、涵洞）有照明","縣道",60,"直路","一般車道（未劃分快慢車道）","柏油","乾燥","無缺陷","無障礙物","良好","無號誌","無號誌","附標記","未繪設車道線","快慢車道分隔線","有","對撞","違規超車","Y000","YZ00",1,1,2012-02-01,"金門縣金城鎮西門里66號號","","金門縣金城鎮西門里00299路燈桿","118.3166667","24.4166667"
10102,"10102Y00020003","YZA1","10102YZ000004",2012,2,3,15,40,"金門縣","烈嶼鄉","上林村",NA,"","","",NA,"","","","","","上林17之5號前路段",NA,NA,NA,NA,NA,NA,NA,NA,NA,0,2,0,"晴","日間自然光線","村里道路",40,"三岔路","交岔路口內","其他鋪裝","乾燥","無缺陷","無障礙物","良好","無號誌","無號誌","無分向設施","未繪設車道線","未繪設快慢車道分隔線","無","其他","未靠右行駛","Y000","YZ00",1,2,2012-02-03,"金門縣烈嶼鄉上林村上林17之5號前路段","","金門縣烈嶼鄉上林村上林17之5號前路段","118.2345673","24.4288494"
10102,"10102Y00020005","YZA1","10102YZ000006",2012,2,4,23,5,"金門縣","金城鎮","",NA,"中興路","","146",NA,"24","","","","","天羅地網網咖前",NA,NA,NA,NA,NA,NA,NA,NA,NA,0,1,0,"晴","夜間（或隧道、地下道、涵洞）有照明","村里道路",40,"三岔路","交岔路口內","其他鋪裝","乾燥","無缺陷","無障礙物","良好","無號誌","無號誌","無分向設施","未繪設車道線","未繪設快慢車道分隔線","有","追撞","酒醉（後）駕駛失控","Y000","YZ00",1,2,2012-02-04,"中興路146巷24號","","金門縣金城鎮天羅地網網咖前","118.3195106","24.4334378"
10102,"10102Y00030001","YZA1","10102YZ000007",2012,2,4,15,12,"金門縣","金城鎮","",NA,"西海路","一","",NA,"","","","","","水頭活活動中心後方06098燈桿旁路段",NA,NA,NA,NA,NA,NA,NA,NA,NA,0,0,0,"晴","日間自然光線","村里道路",40,"三岔路","交岔路口內","水泥","乾燥","無缺陷","無障礙物","良好","無號誌","無號誌","無分向設施","未繪設車道線","未繪設快慢車道分隔線","無","撞路樹、電桿","倒車未依規定","Y000","YZ00",1,3,2012-02-04,"西海路一段","","金門縣金城鎮水頭活活動中心後方06098燈桿旁路段","118.2906709","24.4124946"
10102,"10102Y00020006","YZA1","10102YZ000008",2012,2,5,17,48,"金門縣","金城鎮","",NA,"民權路","","",NA,"","","","","","中正國小旁路口",NA,NA,NA,NA,NA,NA,NA,NA,NA,0,2,0,"陰","晨或暮光","村里道路",40,"四岔路","交岔路口內","柏油","乾燥","無缺陷","無障礙物","良好","行車管制號誌","正常","無分向設施","未繪設車道線","未繪設快慢車道分隔線","有","側撞","未依規定讓車","Y000","YZ00",1,2,2012-02-05,"民權路","","金門縣金城鎮中正國小旁路口","118.3168946","24.4355379"
10102,"10102Y00020016","YZA1","10102YZ000010",2012,2,6,8,18,"金門縣","金城鎮","",NA,"北堤路","","9",NA,"","","","","","",NA,NA,NA,NA,NA,NA,NA,NA,NA,0,1,0,"雨","日間自然光線","村里道路",40,"三岔路","交岔路口內","柏油","濕潤","無缺陷","無障礙物","良好","無號誌","無號誌","無分向設施","未繪設車道線","快慢車道分隔線","有","側撞","未依規定讓車","Y000","YZ00",1,2,2012-02-06,"北堤路9巷","","金門縣金城鎮","118.3167419","24.4294062"
10102,"10102Y00020009","YZA1","10102YZ000012",2012,2,6,14,22,"金門縣","烈嶼鄉","",NA,"","","",NA,"","","","","","東林12號前路段",NA,NA,NA,NA,NA,NA,NA,NA,NA,0,1,0,"晴","日間自然光線","村里道路",40,"直路","一般車道（未劃分快慢車道）","柏油","乾燥","無缺陷","無障礙物","良好","無號誌","無號誌","無標記","未繪設車道線","未繪設快慢車道分隔線","有","倒車撞","倒車未依規定","Y000","YZ00",1,2,2012-02-06,"金門縣烈嶼鄉東林12號前路段","","金門縣烈嶼鄉東林12號前路段","118.2455353","24.4288578"
10102,"10102Y00020010","YZA1","10102YZ000013",2012,2,6,19,20,"金門縣","金城鎮","西門里",NA,"民權路","","",NA,"","","光前路","","","",NA,NA,NA,NA,NA,NA,NA,NA,NA,0,1,0,"晴","夜間（或隧道、地下道、涵洞）有照明","村里道路",40,"四岔路","交岔口附近","柏油","乾燥","無缺陷","無障礙物","良好","行車管制號誌","正常","無標記","未繪設車道線","未繪設快慢車道分隔線","有","側撞","未依規定讓車","Y000","YZ00",1,2,2012-02-06,"民權路","光前路","","118.3154588","24.43343543"
10102,"10102Y00020008","YZA1","10102YZ000014",2012,2,6,13,51,"金門縣","金城鎮","",NA,"民生路","","",NA,"","","","","","金城車站旁路段",NA,NA,NA,NA,NA,NA,NA,NA,NA,0,1,0,"晴","日間自然光線","村里道路",40,"圓環","其他","柏油","乾燥","無缺陷","無障礙物","路上停放車輛","無號誌","無號誌","無分向設施","未繪設車道線","未繪設快慢車道分隔線","有","其他","逆向行駛","Y000","YZ00",1,2,2012-02-06,"民生路","","金門縣金城鎮金城車站旁路段","118.3190184","24.43575"
10102,"10102Y00020011","YZA1","10102YZ000015",2012,2,8,7,39,"金門縣","金寧鄉","",NA,"桃園路","","",NA,"1","","","","","金酒公司側門",NA,NA,NA,NA,NA,NA,NA,NA,NA,0,0,1,"晴","日間自然光線","縣道",60,"三岔路","交岔路口內","柏油","乾燥","無缺陷","無障礙物","良好","無號誌","無號誌","無分向設施","未繪設車道線","未繪設快慢車道分隔線","有","側撞","未依規定減速","Y000","YZ00",1,2,2012-02-08,"桃園路1號","","金門縣金寧鄉金酒公司側門","118.3446627","24.4317794"
10102,"10102Y00020014","YZA1","10102YZ000018",2012,2,9,19,15,"金門縣","金城鎮","",NA,"北堤路","","",NA,"","","","","","03154燈桿前路段",NA,NA,NA,NA,NA,NA,NA,NA,NA,0,1,0,"陰","夜間（或隧道、地下道、涵洞）有照明","村里道路",40,"直路","一般車道（未劃分快慢車道）","柏油","乾燥","無缺陷","無障礙物","良好","無號誌","無號誌","無標記","未繪設車道線","未繪設快慢車道分隔線","有","側撞","迴轉未依規定","Y000","YZ00",1,2,2012-02-09,"北堤路","","金門縣金城鎮03154燈桿前路段","118.3167419","24.4294062"
10102,"10102Y00030002","YZA1","10102YZ000019",2012,2,9,21,27,"金門縣","金寧鄉","埔後里",NA,"","","",NA,"70之8","","","","","旁路口",NA,NA,NA,NA,NA,NA,NA,NA,NA,0,0,0,"晴","夜間（或隧道、地下道、涵洞）有照明","村里道路",40,"四岔路","交岔路口內","水泥","乾燥","無缺陷","無障礙物","良好","無號誌","無號誌","無分向設施","未繪設車道線","未繪設快慢車道分隔線","有","路口交岔撞","未依規定讓車","Y000","YZ00",1,3,2012-02-09,"金門縣金寧鄉埔後里70-8","","金門縣金寧鄉埔後里旁路口","118.317029","24.442928"
10102,"10102Y00020019","YZA1","10102YZ000021",2012,2,12,23,38,"金門縣","金城鎮","",NA,"環島西路","一","",NA,"","","","","","03170號路燈桿",NA,NA,NA,NA,NA,NA,NA,NA,NA,0,2,0,"晴","夜間（或隧道、地下道、涵洞）有照明","鄉道",50,"直路","一般車道（未劃分快慢車道）","柏油","乾燥","無缺陷","無障礙物","良好","無號誌","無號誌","附標記","未繪設車道線","未繪設快慢車道分隔線","有","追撞","未保持行車安全距離","Y000","YZ00",1,2,2012-02-12,"環島西路一段","","金門縣金城鎮03170號路燈桿","118.3184801","24.4172073"
10102,"10102Y00030003","YZA1","10102YZ000022",2012,2,11,21,57,"金門縣","金城鎮","",NA,"民生路","","",NA,"","","","","","中興路口",NA,NA,NA,NA,NA,NA,NA,NA,NA,0,0,0,"晴","夜間（或隧道、地下道、涵洞）有照明","村里道路",40,"四岔路","交岔路口內","柏油","乾燥","無缺陷","無障礙物","良好","閃光號誌","正常","無分向設施","未繪設車道線","未繪設快慢車道分隔線","有","路口交岔撞","未依規定讓車","Y000","YZ00",1,3,2012-02-11,"民生路","","金門縣金城鎮中興路口","118.3190184","24.43575"
10102,"10102Y00020020","YZA1","10102YZ000023",2012,2,15,7,25,"金門縣","金城鎮","",NA,"民生路","","54",NA,"","","","","","",NA,NA,NA,NA,NA,NA,NA,NA,NA,0,1,0,"雨","日間自然光線","鄉道",40,"三岔路","交岔路口內","柏油","濕潤","無缺陷","無障礙物","良好","無號誌","無號誌","無分向設施","未繪設車道線","未繪設快慢車道分隔線","有","側撞","未依規定讓車","Y000","YZ00",1,2,2012-02-15,"民生路54巷","","金門縣金城鎮","118.3196657","24.436923"
10102,"10102Y00030004","YZA1","10102YZ000024",2012,2,18,8,5,"金門縣","金城鎮","",NA,"民生路","","",NA,"2","","","","","金城鎮公所前",NA,NA,NA,NA,NA,NA,NA,NA,NA,0,0,0,"晴","日間自然光線","村里道路",50,"三岔路","交岔路口內","柏油","乾燥","無缺陷","無障礙物","良好","無號誌","無號誌","無分向設施","未繪設車道線","未繪設快慢車道分隔線","有","追撞","未保持行車安全距離","Y000","YZ00",1,3,2012-02-18,"民生路2號","","金門縣金城鎮金城鎮公所前","118.3209249","24.4326671"
10102,"10102Y00020022","YZA1","10102YZ000027",2012,2,18,17,14,"金門縣","金寧鄉","",NA,"","","",NA,"","","","","","金寶來飯店前",NA,NA,NA,NA,NA,NA,NA,NA,NA,0,1,0,"晴","日間自然光線","村里道路",40,"四岔路","交岔路口內","水泥","乾燥","無缺陷","無障礙物","良好","無號誌","無號誌","無分向設施","未繪設車道線","未繪設快慢車道分隔線","無","路上翻車、摔倒","未注意車前狀態","Y000","YZ00",1,2,2012-02-18,"金門縣金寧鄉金寶來飯店前","","金門縣金寧鄉金寶來飯店前","118.312619","24.440298"
10102,"10102Y00020023","YZA1","10102YZ000028",2012,2,19,19,40,"金門縣","金寧鄉","",NA,"東湖路","","",NA,"","","桃園路","","","",NA,NA,NA,NA,NA,NA,NA,NA,NA,0,1,0,"晴","夜間（或隧道、地下道、涵洞）有照明","村里道路",60,"三岔路","交岔路口內","柏油","乾燥","無缺陷","無障礙物","良好","無號誌","無號誌","無分向設施","未繪設車道線","未繪設快慢車道分隔線","有","側撞","未依規定讓車","Y000","YZ00",1,2,2012-02-19,"東湖路","桃園路","","118.3409757","24.4297648"
10102,"10102Y00020024","YZA1","10102YZ000029",2012,2,20,7,48,"金門縣","金城鎮","",NA,"北堤路","","",NA,"63","","","","","",NA,NA,NA,NA,NA,NA,NA,NA,NA,0,1,0,"晴","日間自然光線","村里道路",50,"三岔路","交岔路口內","柏油","乾燥","無缺陷","無障礙物","良好","無號誌","無號誌","無分向設施","未繪設車道線","快慢車道分隔線","有","側撞","右轉彎未依規定","Y000","YZ00",1,2,2012-02-20,"北堤路63號","","金門縣金城鎮","118.3167419","24.4294062"
10102,"10102Y00020026","YZA1","10102YZ000030",2012,2,21,8,19,"金門縣","金寧鄉","",NA,"環島北路","二","",NA,"","","","","","07186號燈桿前路段",NA,NA,NA,NA,NA,NA,NA,NA,NA,0,2,0,"晴","日間自然光線","村里道路",60,"三岔路","交岔路口內","柏油","乾燥","無缺陷","無障礙物","良好","無號誌","無號誌","無標記","未繪設車道線","未繪設快慢車道分隔線","有","側撞","未依規定讓車","Y000","YZ00",1,2,2012-02-21,"環島北路二段","","金門縣金寧鄉07186號燈桿前路段","118.3537405","24.452631"
10102,"10102Y00030005","YZA1","10102YZ000033",2012,2,22,18,15,"金門縣","金寧鄉","盤山村",NA,"環島北路","二","",NA,"","","","","","頂堡路口",NA,NA,NA,NA,NA,NA,NA,NA,NA,0,0,0,"雨","夜間（或隧道、地下道、涵洞）有照明","縣道",60,"三岔路","交岔口附近","柏油","濕潤","無缺陷","無障礙物","良好","無號誌","無號誌","附標記","未繪設車道線","未繪設快慢車道分隔線","有","追撞","未保持行車安全距離","Y000","YZ00",1,3,2012-02-22,"環島北路二段","","金門縣金寧鄉盤山村頂堡路口","118.3537405","24.452631"
10102,"10102Y00020027","YZA1","10102YZ000034",2012,2,23,13,18,"金門縣","金寧鄉","安美村",NA,"","","",NA,"","","","","","消防局後側產業道路",NA,NA,NA,NA,NA,NA,NA,NA,NA,0,1,0,"晴","日間自然光線","村里道路",40,"直路","一般車道（未劃分快慢車道）","水泥","乾燥","無缺陷","無障礙物","良好","無號誌","無號誌","無分向設施","未繪設車道線","未繪設快慢車道分隔線","無","路上翻車、摔倒","未注意車前狀態","Y000","YZ00",1,2,2012-02-23,"金門縣金寧鄉安美村消防局後側產業道路","","金門縣金寧鄉安美村消防局後側產業道路","118.3313809","24.4565347"
10102,"10102Y00020028","YZA1","10102YZ000036",2012,2,25,17,45,"金門縣","金城鎮","",NA,"北堤路","","",NA,"","","","","","03166燈桿前路段",NA,NA,NA,NA,NA,NA,NA,NA,NA,0,2,0,"陰","夜間（或隧道、地下道、涵洞）有照明","村里道路",40,"直路","一般車道（未劃分快慢車道）","柏油","乾燥","無缺陷","無障礙物","良好","無號誌","無號誌","無標記","未繪設車道線","未繪設快慢車道分隔線","有","側撞","左轉彎未依規定","Y000","YZ00",1,2,2012-02-25,"北堤路","","金門縣金城鎮03166燈桿前路段","118.3167419","24.4294062"
10102,"","YZA1","10102YZ000037",2012,2,26,7,50,"金門縣","金寧鄉","",NA,"伯玉路","二","",NA,"","","","","","與盤果路口",NA,NA,NA,NA,NA,NA,NA,NA,NA,0,0,0,NA,NA,NA,0,NA,NA,NA,NA,NA,NA,NA,NA,NA,NA,NA,NA,NA,NA,NA,"Y000","YZ00",1,4,2012-02-26,"伯玉路二段","","金門縣金寧鄉與盤果路口","118.3416148","24.4414563"
10102,"10102Y00020030","YZA1","10102YZ000038",2012,2,29,8,20,"金門縣","金城鎮","",NA,"中興路","","161",NA,"","","","","","",NA,NA,NA,NA,NA,NA,NA,NA,NA,0,1,0,"陰","日間自然光線","村里道路",30,"四岔路","交岔路口內","水泥","濕潤","無缺陷","無障礙物","良好","無號誌","無號誌","無分向設施","未繪設車道線","未繪設快慢車道分隔線","有","路口交岔撞","未依規定讓車","Y000","YZ00",1,2,2012-02-29,"中興路161巷","","金門縣金城鎮","118.3185269","24.4344058"
10102,"10102Y00020031","YZA1","10102YZ000039",2012,2,29,8,57,"金門縣","金寧鄉","",NA,"環島南路","一","",NA,"","","東湖路","","","",NA,NA,NA,NA,NA,NA,NA,NA,NA,0,3,0,"陰","日間自然光線","縣道",60,"四岔路","交岔路口內","柏油","濕潤","無缺陷","無障礙物","良好","閃光號誌","正常","無分向設施","未繪設車道線","未繪設快慢車道分隔線","有","側撞","未依規定讓車","Y000","YZ00",1,2,2012-02-29,"環島南路一段","東湖路","","118.3388096","24.4228996"
10102,"10102Y00020029","YZA1","10102YZ000040",2012,2,27,16,20,"金門縣","金城鎮","",NA,"珠浦西路","","80",NA,"17","","","","","旁十字路口",NA,NA,NA,NA,NA,NA,NA,NA,NA,0,1,0,"晴","日間自然光線","村里道路",40,"四岔路","交岔路口內","水泥","乾燥","無缺陷","無障礙物","良好","無號誌","無號誌","無分向設施","未繪設車道線","未繪設快慢車道分隔線","無","路口交岔撞","未依規定讓車","Y000","YZ00",1,2,2012-02-27,"珠浦西路80巷17號","","金門縣金城鎮旁十字路口","118.3147803","24.4384226"
10102,"10102Y00030007","YZA1","10102YZ000041",2012,2,29,18,45,"金門縣","金城鎮","",NA,"民生路","","",NA,"33-3","","","","","",NA,NA,NA,NA,NA,NA,NA,NA,NA,0,0,0,"晴","夜間（或隧道、地下道、涵洞）有照明","村里道路",40,"直路","一般車道（未劃分快慢車道）","柏油","乾燥","無缺陷","無障礙物","良好","無號誌","無號誌","無標記","未繪設車道線","快慢車道分隔線","有","同向擦撞","未保持行車安全間隔","Y000","YZ00",1,3,2012-02-29,"民生路33-3號","","金門縣金城鎮","118.3190184","24.43575"
10103,"10103Y00020001","YYA1","10103YY000001",2012,3,1,8,39,"金門縣","金湖鎮","",NA,"太湖路","三","",NA,"","","","","","9號前路口",NA,NA,NA,NA,NA,NA,NA,NA,NA,0,1,0,"陰","日間自然光線","村里道路",50,"直路","一般車道（未劃分快慢車道）","柏油","乾燥","無缺陷","無障礙物","良好","無號誌","無號誌","無標記","未繪設車道線","未繪設快慢車道分隔線","有","倒車撞","倒車未依規定","Y000","YY00",1,2,2012-03-01,"太湖路三段","","金門縣金湖鎮9號前路口","118.4317691","24.4347503"
10103,"10103Y00020045","YYA1","10103YY000002",2012,3,1,18,12,"金門縣","金沙鎮","汶沙里",NA,"沙青路","","",NA,"","","","","","金沙消防隊前路口",NA,NA,NA,NA,NA,NA,NA,NA,NA,0,1,0,"晴","夜間（或隧道、地下道、涵洞）有照明","村里道路",50,"四岔路","交岔路口內","柏油","乾燥","無缺陷","無障礙物","良好","無號誌","無號誌","無分向設施","未繪設車道線","未繪設快慢車道分隔線","有","側撞","左轉彎未依規定","Y000","YY00",1,2,2012-03-01,"沙青路","","金門縣金沙鎮汶沙里金沙消防隊前路口","118.4130838","24.5066188"
10103,"10103Y00020004","YYA1","10103YY000007",2012,3,2,18,16,"金門縣","金沙鎮","",NA,"環島北路","四","",NA,"","","","","","金沙二號橋旁路口",NA,NA,NA,NA,NA,NA,NA,NA,NA,0,1,0,"陰","夜間（或隧道、地下道、涵洞）有照明","村里道路",60,"三岔路","交岔路口內","柏油","乾燥","無缺陷","無障礙物","良好","無號誌","無號誌","無分向設施","未繪設車道線","未繪設快慢車道分隔線","有","側撞","右轉彎未依規定","Y000","YY00",1,2,2012-03-02,"環島北路四段","","金門縣金沙鎮金沙二號橋旁路口","118.4045085","24.4840105"
10103,"10103Y00020034","YYA1","10103YY000032",2012,3,27,7,43,"金門縣","金湖鎮","瓊林里",NA,"伯玉路","三","",NA,"","","","","","與中山路路口",NA,NA,NA,NA,NA,NA,NA,NA,NA,0,1,0,"晴","日間自然光線","村里道路",70,"四岔路","交岔路口內","柏油","乾燥","無缺陷","無障礙物","良好","行車管制號誌","正常","無分向設施","未繪設車道線","未繪設快慢車道分隔線","有","路口交岔撞","違反號誌管制或指揮","Y000","YY00",1,2,2012-03-27,"伯玉路三段","","金門縣金湖鎮瓊林里與中山路路口","118.3646755","24.4460136"
10103,"10103Y00020028","YYA1","10103YY000033",2012,3,25,1,40,"金門縣","金湖鎮","",NA,"環島南路","三","",NA,"","","瓊義路","","","",NA,NA,NA,NA,NA,NA,NA,NA,NA,0,1,0,"晴","夜間（或隧道、地下道、涵洞）有照明","縣道",50,"四岔路","交岔路口內","柏油","乾燥","無缺陷","無障礙物","良好","閃光號誌","正常","無分向設施","未繪設車道線","未繪設快慢車道分隔線","有","路口交岔撞","未依規定讓車","Y000","YY00",1,2,2012-03-25,"環島南路三段","瓊義路","","118.3762326","24.4440968"
10103,"10103Y00020032","YYA1","10103YY000035",2012,3,26,20,30,"金門縣","金沙鎮","",NA,"環島北路","三","",NA,"","","","","","高陽路口處",NA,NA,NA,NA,NA,NA,NA,NA,NA,0,1,0,"晴","夜間（或隧道、地下道、涵洞）有照明","村里道路",60,"直路","一般車道（未劃分快慢車道）","柏油","乾燥","無缺陷","無障礙物","良好","無號誌","無號誌","附標記","未繪設車道線","未繪設快慢車道分隔線","有","同向通行中","未注意車前狀態","Y000","YY00",1,2,2012-03-26,"環島北路三段","","金門縣金沙鎮高陽路口處","118.388325","24.466263"
10103,"10103Y00020041","YYA1","10103YY000038",2012,3,3,17,10,"金門縣","金沙鎮","",NA,"","","",NA,"","","","","","洋山至環島北路07297號路燈桿",NA,NA,NA,NA,NA,NA,NA,NA,NA,0,1,0,"晴","日間自然光線","村里道路",50,"直路","一般車道（未劃分快慢車道）","柏油","乾燥","無缺陷","無障礙物","良好","無號誌","無號誌","無標記","未繪設車道線","未繪設快慢車道分隔線","有","衝出路外","未注意車前狀態","Y000","YY00",1,2,2012-03-03,"金門縣金沙鎮洋山至環島北路07297號路燈桿","","金門縣金沙鎮洋山至環島北路07297號路燈桿","118.322662","24.441264"
10103,"10103Y00020010","YYA1","10103YY000039",2012,3,7,16,10,"金門縣","金沙鎮","",NA,"成功路","","",NA,"32","","","","","",NA,NA,NA,NA,NA,NA,NA,NA,NA,0,1,0,"晴","日間自然光線","村里道路",50,"直路","一般車道（未劃分快慢車道）","柏油","乾燥","無缺陷","無障礙物","良好","無號誌","無號誌","附標記","未繪設車道線","未繪設快慢車道分隔線","有","同向擦撞","未保持行車安全間隔","Y000","YY00",1,2,2012-03-07,"成功路32號","","金門縣金沙鎮","118.4114288","24.4898024"
10103,"10103Y00020005","YYA1","10103YY000040",2012,3,4,18,0,"金門縣","金湖鎮","",NA,"","","",NA,"","","","","","尚義機場2號旁路口",NA,NA,NA,NA,NA,NA,NA,NA,NA,0,1,0,"晴","日間自然光線","其他",40,"三岔路","交岔路口內","水泥","乾燥","無缺陷","無障礙物","良好","無號誌","無號誌","無分向設施","未繪設車道線","未繪設快慢車道分隔線","有","穿越道路中","搶越行人穿越道","Y000","YY00",1,2,2012-03-04,"金門縣金湖鎮尚義機場2號旁路口","","金門縣金湖鎮尚義機場2號旁路口","118.376631","24.437699"
10103,"10103Y00020015","YYA1","10103YY000041",2012,3,13,15,50,"金門縣","金湖鎮","",NA,"環島南路","四","",NA,"","","","","","168加油站前",NA,NA,NA,NA,NA,NA,NA,NA,NA,0,1,0,"晴","日間自然光線","村里道路",50,"直路","快車道","柏油","乾燥","無缺陷","無障礙物","良好","無號誌","無號誌","附標記","未繪設車道線","快慢車道分隔線","有","側撞","違反特定標誌（線）禁制","Y000","YY00",1,2,2012-03-13,"環島南路四段","","金門縣金湖鎮168加油站前","118.40101","24.438041"
10103,"10103Y00020022","YYA1","10103YY000043",2012,3,21,10,30,"金門縣","金湖鎮","",NA,"環島南路","四","",NA,"","","瓊徑路","","","",NA,NA,NA,NA,NA,NA,NA,NA,NA,0,1,0,"晴","日間自然光線","村里道路",50,"三岔路","交岔路口內","柏油","乾燥","無缺陷","無障礙物","良好","行車管制號誌","正常","無分向設施","未繪設車道線","未繪設快慢車道分隔線","有","追撞","酒醉（後）駕駛失控","Y000","YY00",1,2,2012-03-21,"環島南路四段","瓊徑路","","118.3917905","24.44048713"
10103,"10103Y00020031","YYA1","10103YY000048",2012,3,26,13,23,"金門縣","金湖鎮","",NA,"市港路","","",NA,"","","","","","金湖清潔隊路口",NA,NA,NA,NA,NA,NA,NA,NA,NA,0,2,0,"晴","日間自然光線","村里道路",50,"三岔路","交岔路口內","水泥","乾燥","路面鬆軟","無障礙物","彎道","無號誌","無號誌","無分向設施","未繪設車道線","未繪設快慢車道分隔線","有","側撞","未依規定讓車","Y000","YY00",1,2,2012-03-26,"市港路","","金門縣金湖鎮金湖清潔隊路口","118.4099121","24.4348324"
10103,"10103Y00020039","YYA1","10103YY000049",2012,3,6,8,58,"金門縣","金湖鎮","",NA,"瓊徑路","","",NA,"","","","","","與經武路口",NA,NA,NA,NA,NA,NA,NA,NA,NA,0,2,0,"晴","日間自然光線","村里道路",60,"四岔路","交岔路口內","柏油","乾燥","無缺陷","無障礙物","良好","行車管制號誌","正常","無分向設施","未繪設車道線","未繪設快慢車道分隔線","有","側撞","未依規定讓車","Y000","YY00",1,2,2012-03-06,"瓊徑路","","金門縣金湖鎮與經武路口","118.3837181","24.4489328"
10103,"10103Y00030006","YYA1","10103YY000050",2012,3,11,5,20,"金門縣","金沙鎮","",NA,"環島北路","","",NA,"","","","","","下塘頭路口",NA,NA,NA,NA,NA,NA,NA,NA,NA,0,0,0,"陰","晨或暮光","村里道路",60,"三岔路","交岔路口內","柏油","濕潤","無缺陷","無障礙物","良好","無號誌","無號誌","附標記","車道線（附標記）","未繪設快慢車道分隔線","有","側撞","未依規定讓車","Y000","YY00",1,3,2012-03-11,"環島北路","","金門縣金沙鎮下塘頭路口","118.322662","24.441264"
10103,"10103Y00020042","YYA1","10103YY000052",2012,3,6,5,50,"金門縣","金湖鎮","",NA,"環島東路","五","",NA,"","","","","","下湖路段環島五021號路燈桿",NA,NA,NA,NA,NA,NA,NA,NA,NA,0,1,0,"晴","晨或暮光","縣道",60,"直路","一般車道（未劃分快慢車道）","柏油","乾燥","無缺陷","無障礙物","良好","無號誌","無號誌","附標記","未繪設車道線","未繪設快慢車道分隔線","有","路上翻車、摔倒","未注意車前狀態","Y000","YY00",1,2,2012-03-06,"環島東路五段","","金門縣金湖鎮下湖路段環島五021號路燈桿","118.446814","24.4338343"
10103,"10103Y00020043","YYA1","10103YY000054",2012,3,12,14,0,"金門縣","金湖鎮","",NA,"中正路","","",NA,"","","","","","62號路旁路口",NA,NA,NA,NA,NA,NA,NA,NA,NA,0,1,0,"雨","日間自然光線","村里道路",50,"四岔路","交岔路口內","柏油","濕潤","無缺陷","路上有停車","路上停放車輛","無號誌","無號誌","無分向設施","未繪設車道線","未繪設快慢車道分隔線","有","路口交岔撞","未依規定讓車","Y000","YY00",1,2,2012-03-12,"中正路","","金門縣金湖鎮62號路旁路口","118.4156249","24.4409009"
10103,"10103Y00020002","YZA1","10103YZ000003",2012,3,1,17,38,"金門縣","金城鎮","",NA,"民權路","","",NA,"59","","","","","",NA,NA,NA,NA,NA,NA,NA,NA,NA,0,2,0,"陰","日間自然光線","村里道路",40,"三岔路","交岔口附近","柏油","乾燥","無缺陷","無障礙物","良好","無號誌","無號誌","無標記","未繪設車道線","未繪設快慢車道分隔線","有","側撞","橫越道路不慎","Y000","YZ00",1,2,2012-03-01,"民權路59號","","金門縣金城鎮","118.3139754","24.4324265"