"年月","總編號","處理單位","處理編號","年","月","日","時","分","縣市","區","村里","鄰","街道","段","巷","弄","號","公尺處","街道.1","段.1","側","附近","道路","公里","公尺處.1","向","車道","平交道","公里.1","公尺處.2","附近.1","死","受傷","X2.30","天候","光線","道路類別","速限","道路型態","事故位置","路面鋪裝","路面狀態","路面缺陷","障礙物","視距","號誌種類","號誌動作","分向設施","快車道或一般車道間","快慢車道間","路面邊線","事故類型及型態","主要肇因","警局","分局","案件類別","事故類別","日期","道路1","道路2","概略位置","lon","lat"
10103,"10103Y00020007","YZA1","10103YZ000004",2012,3,6,7,54,"金門縣","金城鎮","",NA,"民生路","","",NA,"","","民權路","","","路口",NA,NA,NA,NA,NA,NA,NA,NA,NA,0,1,0,"晴","日間自然光線","村里道路",40,"四岔路","交岔路口內","柏油","乾燥","無缺陷","無障礙物","良好","行車管制號誌（附設行人專用號誌）","正常","無分向設施","未繪設車道線","未繪設快慢車道分隔線","有","穿越道路中","未依規定讓車","Y000","YZ00",1,2,2012-03-06,"民生路","民權路","","118.318387","24.437086"
10103,"10103Y00020003","YZA1","10103YZ000005",2012,3,2,16,28,"金門縣","金城鎮","",NA,"光前路","","",NA,"","","","","","金城民防坑道前路口",NA,NA,NA,NA,NA,NA,NA,NA,NA,0,1,0,"陰","日間自然光線","村里道路",50,"三岔路","交岔路口內","柏油","乾燥","無缺陷","無障礙物","良好","無號誌","無號誌","無分向設施","未繪設車道線","未繪設快慢車道分隔線","有","側撞","未依規定讓車","Y000","YZ00",1,2,2012-03-02,"光前路","","金門縣金城鎮金城民防坑道前路口","118.3142468","24.4339885"
10103,"10103Y00030001","YZA1","10103YZ000006",2012,3,6,17,32,"金門縣","金城鎮","",NA,"","","",NA,"","","","","","后湖29號前路口",NA,NA,NA,NA,NA,NA,NA,NA,NA,0,0,0,"陰","日間自然光線","村里道路",40,"三岔路","交岔路口內","其他鋪裝","乾燥","無缺陷","無障礙物","其他","無號誌","無號誌","無分向設施","未繪設車道線","未繪設快慢車道分隔線","無","側撞","未依規定讓車","Y000","YZ00",1,3,2012-03-06,"金門縣金城鎮后湖29號前路口","","金門縣金城鎮后湖29號前路口","118.343172","24.421356"
10103,"10103Y00020006","YZA1","10103YZ000008",2012,3,5,0,20,"金門縣","金城鎮","",NA,"民權路","","",NA,"","","民生路","","","",NA,NA,NA,NA,NA,NA,NA,NA,NA,0,1,0,"晴","夜間（或隧道、地下道、涵洞）有照明","村里道路",50,"四岔路","交岔路口內","柏油","乾燥","無缺陷","無障礙物","良好","閃光號誌","正常","無分向設施","未繪設車道線","未繪設快慢車道分隔線","有","路口交岔撞","未依規定減速","Y000","YZ00",1,2,2012-03-05,"民權路","民生路","","118.318387","24.437086"
10103,"10103Y00030002","YZA1","10103YZ000009",2012,3,9,16,55,"金門縣","金寧鄉","",NA,"","","",NA,"埔後115","","","","","路口",NA,NA,NA,NA,NA,NA,NA,NA,NA,0,0,0,"晴","日間自然光線","村里道路",40,"四岔路","交岔路口內","柏油","乾燥","無缺陷","無障礙物","建築物","無號誌","無號誌","無分向設施","未繪設車道線","未繪設快慢車道分隔線","有","路口交岔撞","未依規定讓車","Y000","YZ00",1,3,2012-03-09,"金門縣金寧鄉埔後115號","","金門縣金寧鄉路口","118.317029","24.442928"
10103,"10103Y00020011","YZA1","10103YZ000010",2012,3,10,4,10,"金門縣","金城鎮","",NA,"民生路","","27",NA,"","","","","","口",NA,NA,NA,NA,NA,NA,NA,NA,NA,0,1,0,"陰","夜間（或隧道、地下道、涵洞）有照明","村里道路",40,"三岔路","交岔路口內","柏油","乾燥","無缺陷","路上有停車","路上停放車輛","無號誌","無號誌","無分向設施","未繪設車道線","快慢車道分隔線","有","側撞","未依規定讓車","Y000","YZ00",1,2,2012-03-10,"民生路27巷","","金門縣金城鎮口","118.3190184","24.43575"
10103,"10103Y00020008","YZA1","10103YZ000011",2012,3,7,12,15,"金門縣","金城鎮","",NA,"環島西路","二","",NA,"","","","","","與環島北路3巷口",NA,NA,NA,NA,NA,NA,NA,NA,NA,0,2,0,"陰","日間自然光線","村里道路",50,"四岔路","交岔口附近","柏油","濕潤","無缺陷","無障礙物","良好","無號誌","無號誌","無標記","未繪設車道線","未繪設快慢車道分隔線","有","其他","未依規定讓車","Y000","YZ00",1,2,2012-03-07,"環島西路二段","","金門縣金城鎮與環島北路3巷口","118.3148723","24.4566699"
10103,"10103Y00020013","YZA1","10103YZ000012",2012,3,11,18,10,"金門縣","金城鎮","",NA,"環島西路","一","",NA,"","","","","","官裡30號前路段",NA,NA,NA,NA,NA,NA,NA,NA,NA,0,1,0,"晴","晨或暮光","村里道路",40,"直路","一般車道（未劃分快慢車道）","柏油","乾燥","無缺陷","無障礙物","良好","無號誌","無號誌","無標記","未繪設車道線","未繪設快慢車道分隔線","有","撞橋樑、建築物","未注意車前狀態","Y000","YZ00",1,2,2012-03-11,"環島西路一段","","金門縣金城鎮官裡30號前路段","118.3184801","24.4172073"
10103,"10103Y00020012","YZA1","10103YZ000013",2012,3,10,19,30,"金門縣","金城鎮","",NA,"環島北路","","90",3,"","","","","","旁路口",NA,NA,NA,NA,NA,NA,NA,NA,NA,0,2,0,"晴","夜間（或隧道、地下道、涵洞）有照明","村里道路",40,"四岔路","交岔路口內","柏油","乾燥","無缺陷","無障礙物","良好","無號誌","無號誌","無分向設施","未繪設車道線","未繪設快慢車道分隔線","有","路口交岔撞","未依規定讓車","Y000","YZ00",1,2,2012-03-10,"環島北路90巷3弄","","金門縣金城鎮旁路口","118.322662","24.441264"
10103,"10103Y00020014","YZA1","10103YZ000014",2012,3,13,14,50,"金門縣","金寧鄉","",NA,"","","",NA,"","","","","","榜林圓環",NA,NA,NA,NA,NA,NA,NA,NA,NA,0,1,0,"陰","日間自然光線","縣道",50,"圓環","其他","柏油","乾燥","無缺陷","無障礙物","良好","無號誌","無號誌","無分向設施","車道線（無標記）","未繪設快慢車道分隔線","有","其他","未依規定讓車","Y000","YZ00",1,2,2012-03-13,"金門縣金寧鄉榜林圓環","","金門縣金寧鄉榜林圓環","118.330294","24.438568"
10103,"10103Y00020016","YZA1","10103YZ000015",2012,3,15,20,5,"金門縣","金城鎮","西門里",NA,"民權路","","",NA,"","","莒光路","","","",NA,NA,NA,NA,NA,NA,NA,NA,NA,0,1,0,"晴","夜間（或隧道、地下道、涵洞）有照明","村里道路",40,"三岔路","交岔路口內","柏油","乾燥","無缺陷","無障礙物","良好","無號誌","無號誌","無分向設施","未繪設車道線","未繪設快慢車道分隔線","有","側撞","未依規定讓車","Y000","YZ00",1,2,2012-03-15,"民權路","莒光路","","118.3156202","24.43419458"
10103,"10103Y00030004","YZA1","10103YZ000016",2012,3,16,15,10,"金門縣","金城鎮","",NA,"西海路","二","",NA,"","","","","","03715號路燈桿前",NA,NA,NA,NA,NA,NA,NA,NA,NA,0,0,0,"晴","日間自然光線","村里道路",50,"三岔路","交岔路口內","柏油","乾燥","無缺陷","無障礙物","良好","無號誌","無號誌","無標記","未繪設車道線","未繪設快慢車道分隔線","有","其他","酒醉（後）駕駛失控","Y000","YZ00",1,3,2012-03-16,"西海路二段","","金門縣金城鎮03715號路燈桿前","118.3041626","24.4144371"
10103,"10103Y00020018","YZA1","10103YZ000017",2012,3,18,11,50,"金門縣","金寧鄉","",NA,"伯玉路","一","",NA,"232-4","","","","","",NA,NA,NA,NA,NA,NA,NA,NA,NA,0,1,0,"晴","日間自然光線","村里道路",60,"三岔路","交岔路口內","柏油","乾燥","無缺陷","無障礙物","良好","閃光號誌","正常","無分向設施","未繪設車道線","未繪設快慢車道分隔線","有","側撞","未依規定讓車","Y000","YZ00",1,2,2012-03-18,"伯玉路一段232-4號","","金門縣金寧鄉","118.3267756","24.4346914"
10103,"","YZA1","10103YZ000018",2012,3,17,17,55,"金門縣","金城鎮","西門里",NA,"珠浦西路","","50",14,"1","","","","","",NA,NA,NA,NA,NA,NA,NA,NA,NA,0,0,0,NA,NA,NA,0,NA,NA,NA,NA,NA,NA,NA,NA,NA,NA,NA,NA,NA,NA,NA,"Y000","YZ00",1,4,2012-03-17,"珠浦西路50巷14弄1號","","金門縣金城鎮西門里","118.3147803","24.4384226"
10103,"10103Y00020017","YZA1","10103YZ000019",2012,3,17,16,35,"金門縣","金寧鄉","",NA,"","","",NA,"","","","","","埔後708號",NA,NA,NA,NA,NA,NA,NA,NA,NA,0,5,0,"晴","日間自然光線","村里道路",40,"四岔路","交岔路口內","柏油","乾燥","無缺陷","無障礙物","良好","無號誌","無號誌","無分向設施","未繪設車道線","未繪設快慢車道分隔線","無","側撞","未依規定讓車","Y000","YZ00",1,2,2012-03-17,"金門縣金寧鄉埔後708號","","金門縣金寧鄉埔後708號","118.317029","24.442928"
10103,"10103Y00020019","YZA1","10103YZ000020",2012,3,18,21,25,"金門縣","金城鎮","",NA,"民權路","","",NA,"59","","","","","",NA,NA,NA,NA,NA,NA,NA,NA,NA,0,2,0,"晴","夜間（或隧道、地下道、涵洞）有照明","村里道路",40,"直路","一般車道（未劃分快慢車道）","柏油","乾燥","無缺陷","無障礙物","良好","無號誌","無號誌","附標記","未繪設車道線","未繪設快慢車道分隔線","有","同向通行中","未注意車前狀態","Y000","YZ00",1,2,2012-03-18,"民權路59號","","金門縣金城鎮","118.3139754","24.4324265"
10103,"10103Y00030005","YZA1","10103YZ000021",2012,3,21,7,8,"金門縣","金寧鄉","",NA,"","","",NA,"","","","","","埔後03291燈桿旁路段",NA,NA,NA,NA,NA,NA,NA,NA,NA,0,0,0,"晴","日間自然光線","村里道路",40,"四岔路","交岔路口內","水泥","乾燥","無缺陷","無障礙物","良好","無號誌","無號誌","無分向設施","未繪設車道線","未繪設快慢車道分隔線","有","路口交岔撞","未依規定讓車","Y000","YZ00",1,3,2012-03-21,"金門縣金寧鄉埔後03291燈桿旁路段","","金門縣金寧鄉埔後03291燈桿旁路段","118.317029","24.442928"
10103,"10103Y00020021","YZA1","10103YZ000022",2012,3,21,9,38,"金門縣","金寧鄉","",NA,"環島北路","一","350",10,"","","","","","",NA,NA,NA,NA,NA,NA,NA,NA,NA,0,1,0,"晴","日間自然光線","村里道路",40,"四岔路","交岔路口內","水泥","乾燥","無缺陷","無障礙物","良好","無號誌","無號誌","無分向設施","未繪設車道線","未繪設快慢車道分隔線","無","同向擦撞","左轉彎未依規定","Y000","YZ00",1,2,2012-03-21,"環島北路一段350巷10弄","","金門縣金寧鄉","118.3283226","24.4462231"
10103,"10103Y00030003","YZA1","10103YZ000023",2012,3,13,18,16,"金門縣","金城鎮","",NA,"民權路","","",NA,"","","","","","國民黨黨部前",NA,NA,NA,NA,NA,NA,NA,NA,NA,0,0,0,"晴","夜間（或隧道、地下道、涵洞）有照明","村里道路",40,"三岔路","交岔口附近","柏油","乾燥","無缺陷","無障礙物","良好","無號誌","無號誌","無分向設施","未繪設車道線","未繪設快慢車道分隔線","有","側撞","未依規定讓車","Y000","YZ00",1,3,2012-03-13,"民權路","","金門縣金城鎮國民黨黨部前","118.3168946","24.4355379"
10103,"10103Y00020023","YZA1","10103YZ000024",2012,3,22,11,50,"金門縣","烈嶼鄉","",NA,"","","",NA,"","","","","","青岐80之1號前",NA,NA,NA,NA,NA,NA,NA,NA,NA,0,1,0,"晴","日間自然光線","村里道路",40,"四岔路","交岔路口內","其他鋪裝","乾燥","無缺陷","無障礙物","良好","無號誌","無號誌","無分向設施","未繪設車道線","未繪設快慢車道分隔線","無","路口交岔撞","未依規定讓車","Y000","YZ00",1,2,2012-03-22,"金門縣烈嶼鄉青岐80之1號前","","金門縣烈嶼鄉青岐80之1號前","118.2257211","24.4161038"
10103,"10103Y00020009","YZA1","10103YZ000025",2012,3,7,12,30,"金門縣","金城鎮","西門里",NA,"民權路","","",NA,"","","珠浦西路","","","",NA,NA,NA,NA,NA,NA,NA,NA,NA,0,3,0,"晴","日間自然光線","縣道",40,"四岔路","交岔路口內","柏油","乾燥","無缺陷","無障礙物","良好","行車管制號誌（附設行人專用號誌）","正常","無分向設施","未繪設車道線","未繪設快慢車道分隔線","有","路口交岔撞","違反號誌管制或指揮","Y000","YZ00",1,2,2012-03-07,"民權路","珠浦西路","","118.3161782","24.4357325"
10103,"10103Y00020027","YZA1","10103YZ000026",2012,3,23,19,34,"金門縣","金寧鄉","湖埔村",NA,"","","",NA,"","","","","","下埔下90之3號前路段",NA,NA,NA,NA,NA,NA,NA,NA,NA,0,2,0,"晴","夜間（或隧道、地下道、涵洞）有照明","村里道路",40,"四岔路","交岔路口內","水泥","乾燥","無缺陷","無障礙物","良好","無號誌","無號誌","無分向設施","未繪設車道線","未繪設快慢車道分隔線","無","路口交岔撞","未依規定減速","Y000","YZ00",1,2,2012-03-23,"金門縣金寧鄉湖埔村下埔下90之3號前路段","","金門縣金寧鄉湖埔村下埔下90之3號前路段","118.3126857","24.4442026"
10103,"","YZA1","10103YZ000027",2012,3,24,8,35,"金門縣","金城鎮","珠沙里",NA,"","","",NA,"","","","","","和平社區45號前路段",NA,NA,NA,NA,NA,NA,NA,NA,NA,0,0,0,NA,NA,NA,0,NA,NA,NA,NA,NA,NA,NA,NA,NA,NA,NA,NA,NA,NA,NA,"Y000","YZ00",1,4,2012-03-24,"金門縣金城鎮珠沙里和平社區45號前路段","","金門縣金城鎮珠沙里和平社區45號前路段","118.32784","24.414351"
10103,"10103Y00020020","YZA1","10103YZ000028",2012,3,20,11,40,"金門縣","金城鎮","",NA,"民族路","","",NA,"242","","","","","",NA,NA,NA,NA,NA,NA,NA,NA,NA,0,1,0,"晴","日間自然光線","鄉道",40,"三岔路","交岔路口內","柏油","乾燥","無缺陷","無障礙物","良好","無號誌","無號誌","無分向設施","未繪設車道線","未繪設快慢車道分隔線","有","其他","倒車未依規定","Y000","YZ00",1,2,2012-03-20,"民族路242號","","金門縣金城鎮","118.3157499","24.4302723"
10103,"10103Y00020024","YZA1","10103YZ000029",2012,3,22,12,53,"金門縣","金城鎮","",NA,"民權路","","",NA,"188-1","","","","","路口",NA,NA,NA,NA,NA,NA,NA,NA,NA,0,2,0,"晴","日間自然光線","村里道路",40,"三岔路","交岔口附近","柏油","乾燥","無缺陷","無障礙物","良好","無號誌","無號誌","無標記","未繪設車道線","未繪設快慢車道分隔線","有","側撞","未注意車前狀態","Y000","YZ00",1,2,2012-03-22,"民權路188-1號","","金門縣金城鎮路口","118.3168946","24.4355379"
10103,"10103Y00020025","YZA1","10103YZ000030",2012,3,22,13,40,"金門縣","金寧鄉","",NA,"","一","",NA,"","","","","","00233燈桿前路段",NA,NA,NA,NA,NA,NA,NA,NA,NA,0,2,0,"晴","日間自然光線","村里道路",60,"直路","一般車道（未劃分快慢車道）","柏油","乾燥","無缺陷","無障礙物","良好","無號誌","無號誌","附標記","未繪設車道線","快慢車道分隔線","有","側撞","酒醉（後）駕駛失控","Y000","YZ00",1,2,2012-03-22,"","","金門縣金寧鄉00233燈桿前路段","118.328021","24.436477"
10103,"10103Y00020029","YZA1","10103YZ000031",2012,3,25,12,58,"金門縣","金寧鄉","",NA,"環島北路","一","",NA,"","","林湖路","","","路口",NA,NA,NA,NA,NA,NA,NA,NA,NA,0,1,0,"晴","日間自然光線","縣道",60,"三岔路","交岔路口內","柏油","乾燥","無缺陷","無障礙物","良好","無號誌","無號誌","無分向設施","未繪設車道線","未繪設快慢車道分隔線","有","追撞","未保持行車安全距離","Y000","YZ00",1,2,2012-03-25,"環島北路一段","林湖路","","118.3258302","24.4439927"
10103,"10103Y00020033","YZA1","10103YZ000034",2012,3,27,7,25,"金門縣","金城鎮","",NA,"北堤路","","",NA,"","","","","","停車場入口",NA,NA,NA,NA,NA,NA,NA,NA,NA,0,1,0,"晴","日間自然光線","鄉道",40,"三岔路","交岔路口內","柏油","乾燥","無缺陷","無障礙物","良好","無號誌","無號誌","無分向設施","未繪設車道線","未繪設快慢車道分隔線","有","側撞","右轉彎未依規定","Y000","YZ00",1,2,2012-03-27,"北堤路","","金門縣金城鎮停車場入口","118.3167419","24.4294062"
10103,"10103Y00020026","YZA1","10103YZ000036",2012,3,23,18,51,"金門縣","金城鎮","",NA,"珠浦南路","","",NA,"","","","","","59號旁路口",NA,NA,NA,NA,NA,NA,NA,NA,NA,0,2,0,"晴","夜間（或隧道、地下道、涵洞）有照明","村里道路",40,"四岔路","交岔路口內","其他鋪裝","乾燥","無缺陷","無障礙物","良好","無號誌","無號誌","無分向設施","未繪設車道線","未繪設快慢車道分隔線","無","路口交岔撞","未依規定讓車","Y000","YZ00",1,2,2012-03-23,"珠浦南路","","金門縣金城鎮59號旁路口","118.3152928","24.4311875"
10103,"10103Y00020036","YZA1","10103YZ000037",2012,3,28,14,3,"金門縣","金寧鄉","",NA,"","","",NA,"","","","","","金榮資源回收廠前路口",NA,NA,NA,NA,NA,NA,NA,NA,NA,0,1,0,"晴","日間自然光線","村里道路",40,"四岔路","交岔路口內","柏油","乾燥","無缺陷","無障礙物","良好","無號誌","無號誌","無分向設施","未繪設車道線","未繪設快慢車道分隔線","有","路口交岔撞","未依規定讓車","Y000","YZ00",1,2,2012-03-28,"金門縣金寧鄉金榮資源回收廠前路口","","金門縣金寧鄉金榮資源回收廠前路口","118.312811","24.438807"
10103,"10103Y00020035","YZA1","10103YZ000042",2012,3,28,6,30,"金門縣","金寧鄉","",NA,"","","",NA,"埔邊22","","","","","路段",NA,NA,NA,NA,NA,NA,NA,NA,NA,0,2,0,"晴","日間自然光線","村里道路",40,"彎曲路及附近","一般車道（未劃分快慢車道）","柏油","乾燥","無缺陷","無障礙物","樹木、農作物","無號誌","無號誌","無分向設施","未繪設車道線","未繪設快慢車道分隔線","無","對向擦撞","未靠右行駛","Y000","YZ00",1,2,2012-03-28,"金門縣金寧鄉埔邊22號","","金門縣金寧鄉路段","118.317249","24.439896"
10103,"","YZA1","10103YZ000044",2012,3,30,11,18,"金門縣","金城鎮","",NA,"莒光路","","",NA,"169-1","","","","","",NA,NA,NA,NA,NA,NA,NA,NA,NA,0,0,0,"晴",NA,NA,40,NA,NA,NA,NA,NA,NA,NA,NA,NA,NA,NA,NA,NA,NA,NA,"Y000","YZ00",1,4,2012-03-30,"莒光路169-1號","","金門縣金城鎮","118.3169343","24.432731"
10103,"10103Y00020037","YZA1","10103YZ000045",2012,3,30,12,15,"金門縣","金寧鄉","",NA,"伯玉路","二","",NA,"219","","","","","王大夫一條根前",NA,NA,NA,NA,NA,NA,NA,NA,NA,0,1,0,"晴","日間自然光線","縣道",60,"直路","一般車道（未劃分快慢車道）","柏油","乾燥","無缺陷","無障礙物","良好","無號誌","無號誌","附標記","未繪設車道線","快慢車道分隔線","有","側撞","右轉彎未依規定","Y000","YZ00",1,2,2012-03-30,"伯玉路二段219號","","金門縣金寧鄉王大夫一條根前","118.3416148","24.4414563"
10103,"10103Y00020030","YZA1","10103YZ000046",2012,3,26,9,50,"金門縣","金城鎮","",NA,"西海路","二","",NA,"","","","","","03715燈桿旁路段",NA,NA,NA,NA,NA,NA,NA,NA,NA,0,1,0,"晴","日間自然光線","村里道路",50,"三岔路","交岔路口內","柏油","乾燥","無缺陷","無障礙物","良好","無號誌","無號誌","無分向設施","未繪設車道線","未繪設快慢車道分隔線","有","側撞","未依規定讓車","Y000","YZ00",1,2,2012-03-26,"西海路二段","","金門縣金城鎮03715燈桿旁路段","118.3041626","24.4144371"
10103,"10103Y00020038","YZA1","10103YZ000047",2012,3,30,21,34,"金門縣","金城鎮","",NA,"伯玉路","一","",NA,"","","","","","00262路燈桿前路段",NA,NA,NA,NA,NA,NA,NA,NA,NA,0,1,0,"晴","夜間（或隧道、地下道、涵洞）有照明","縣道",60,"直路","一般車道（未劃分快慢車道）","柏油","乾燥","無缺陷","無障礙物","良好","無號誌","無號誌","附標記","未繪設車道線","快慢車道分隔線","有","同向擦撞","未注意車前狀態","Y000","YZ00",1,2,2012-03-30,"伯玉路一段","","金門縣金城鎮00262路燈桿前路段","118.3267756","24.4346914"
10103,"10103Y00020044","YZA1","10103YZ000051",2012,3,31,21,40,"金門縣","金城鎮","",NA,"珠浦北路","","",NA,"33","","","","","",NA,NA,NA,NA,NA,NA,NA,NA,NA,0,1,0,"晴","夜間（或隧道、地下道、涵洞）有照明","村里道路",40,"直路","一般車道（未劃分快慢車道）","其他鋪裝","乾燥","無缺陷","無障礙物","良好","無號誌","無號誌","無分向設施","未繪設車道線","未繪設快慢車道分隔線","有","路上翻車、摔倒","未注意車前狀態","Y000","YZ00",1,2,2012-03-31,"珠浦北路33號","","金門縣金城鎮","118.3172552","24.4337778"
10104,"10104Y00020007","YYA1","10104YY000009",2012,4,6,9,15,"金門縣","金湖鎮","",NA,"太湖路","一","",NA,"","","","","","新市圓環往太武山重劃區第一路口",NA,NA,NA,NA,NA,NA,NA,NA,NA,0,1,0,"晴","日間自然光線","村里道路",50,"三岔路","交岔路口內","柏油","乾燥","無缺陷","無障礙物","良好","無號誌","無號誌","無分向設施","未繪設車道線","未繪設快慢車道分隔線","有","側撞","違規超車","Y000","YY00",1,2,2012-04-06,"太湖路一段","","金門縣金湖鎮新市圓環往太武山重劃區第一路口","118.4047483","24.4473343"
10104,"10104Y00020006","YYA1","10104YY000013",2012,4,5,14,55,"金門縣","金湖鎮","新市里",NA,"市港路","","",NA,"","","","","","武德新莊第一路口處",NA,NA,NA,NA,NA,NA,NA,NA,NA,0,1,0,"雨","日間自然光線","村里道路",50,"四岔路","交岔路口內","柏油","泥濘","無缺陷","無障礙物","良好","無號誌","無號誌","無分向設施","未繪設車道線","未繪設快慢車道分隔線","有","側撞","右轉彎未依規定","Y000","YY00",1,2,2012-04-05,"市港路","","金門縣金湖鎮新市里武德新莊第一路口處","118.4099121","24.4348324"
10104,"10104Y00020014","YYA1","10104YY000019",2012,4,10,16,20,"金門縣","金湖鎮","新市里",NA,"林森路","","",NA,"","","自強路","","","",NA,NA,NA,NA,NA,NA,NA,NA,NA,0,1,0,"陰","日間自然光線","村里道路",50,"四岔路","交岔路口內","柏油","乾燥","無缺陷","無障礙物","建築物","無號誌","無號誌","無分向設施","未繪設車道線","未繪設快慢車道分隔線","有","側撞","未依規定讓車","Y000","YY00",1,2,2012-04-10,"林森路","自強路","","118.4162443","24.44177962"
10104,"10104Y00020023","YYA1","10104YY000020",2012,4,10,16,42,"金門縣","金沙鎮","",NA,"","","",NA,"","","","","","太武社區38號前路口",NA,NA,NA,NA,NA,NA,NA,NA,NA,0,1,0,"陰","日間自然光線","村里道路",40,"四岔路","交岔路口內","水泥","乾燥","無缺陷","無障礙物","建築物","無號誌","無號誌","無分向設施","未繪設車道線","未繪設快慢車道分隔線","無","路口交岔撞","未依規定讓車","Y000","YY00",1,2,2012-04-10,"金門縣金沙鎮太武社區38號前路口","","金門縣金沙鎮太武社區38號前路口","118.42779","24.476726"
10104,"10104Y00020015","YYA1","10104YY000021",2012,4,10,16,43,"金門縣","金沙鎮","汶沙里",NA,"國中路","","",NA,"","","","","","金沙國中前路口",NA,NA,NA,NA,NA,NA,NA,NA,NA,0,1,0,"晴","日間自然光線","村里道路",40,"三岔路","交岔口附近","柏油","乾燥","無缺陷","無障礙物","良好","無號誌","無號誌","無分向設施","未繪設車道線","未繪設快慢車道分隔線","有","對向擦撞","尚未發現肇事因素","Y000","YY00",1,2,2012-04-10,"國中路","","金門縣金沙鎮汶沙里金沙國中前路口","118.4143889","24.4891988"
10104,"10104Y00010001","YYA1","10104YY000027",2012,4,13,23,30,"金門縣","金沙鎮","",NA,"陽沙路","","",NA,"","","","","","碧山路段01716號路燈桿",NA,NA,NA,NA,NA,NA,NA,NA,NA,1,0,0,"晴","夜間（或隧道、地下道、涵洞）有照明","村里道路",50,"直路","一般車道（未劃分快慢車道）","柏油","乾燥","無缺陷","無障礙物","良好","無號誌","無號誌","附標記","車道線（附標記）","未繪設快慢車道分隔線","有","撞路樹、電桿","酒醉（後）駕駛失控","Y000","YY00",1,1,2012-04-13,"陽沙路","","金門縣金沙鎮碧山路段01716號路燈桿","118.432385","24.4814738"
10104,"","YYA1","10104YY000030",2012,4,16,13,30,"金門縣","金湖鎮","",NA,"中正路","","",NA,"","","","","","土地銀行前停車場",NA,NA,NA,NA,NA,NA,NA,NA,NA,0,0,0,NA,NA,NA,0,NA,NA,NA,NA,NA,NA,NA,NA,NA,NA,NA,NA,NA,NA,NA,"Y000","YY00",4,3,2012-04-16,"中正路","","金門縣金湖鎮土地銀行前停車場","118.4156249","24.4409009"
10104,"10104Y00030001","YYA1","10104YY000031",2012,4,17,18,40,"金門縣","金湖鎮","新市里",NA,"中興路","","",NA,"11","","","","","",NA,NA,NA,NA,NA,NA,NA,NA,NA,0,0,0,"雨","夜間（或隧道、地下道、涵洞）有照明","村里道路",40,"直路","一般車道（未劃分快慢車道）","柏油","濕潤","無缺陷","無障礙物","良好","無號誌","無號誌","無分向設施","未繪設車道線","未繪設快慢車道分隔線","有","倒車撞","倒車未依規定","Y000","YY00",1,3,2012-04-17,"中興路11號","","金門縣金湖鎮新市里","118.4152513","24.4407638"
10104,"10104Y00030002","YYA1","10104YY000043",2012,4,25,11,20,"金門縣","金湖鎮","",NA,"自強路","","",NA,"21","","","","","",NA,NA,NA,NA,NA,NA,NA,NA,NA,0,0,0,"晴","日間自然光線","村里道路",50,"直路","一般車道（未劃分快慢車道）","柏油","乾燥","無缺陷","無障礙物","良好","無號誌","無號誌","附標記","未繪設車道線","未繪設快慢車道分隔線","有","同向擦撞","未注意車前狀態","Y000","YY00",1,3,2012-04-25,"自強路21號","","金門縣金湖鎮","118.4150513","24.4401089"
10104,"10104Y00020047","YYA1","10104YY000046",2012,4,25,19,6,"金門縣","金湖鎮","新市里",NA,"太湖路","","",NA,"","","自強路","","","",NA,NA,NA,NA,NA,NA,NA,NA,NA,0,1,0,"雨","夜間（或隧道、地下道、涵洞）有照明","村里道路",50,"四岔路","交岔路口內","柏油","濕潤","無缺陷","無障礙物","良好","閃光號誌","正常","無分向設施","未繪設車道線","未繪設快慢車道分隔線","有","穿越道路中","未注意車前狀態","Y000","YY00",1,2,2012-04-25,"太湖路","自強路","","118.4150341","24.44011257"
10104,"10104Y00020046","YYA1","10104YY000047",2012,4,26,9,32,"金門縣","金湖鎮","",NA,"瓊義路","","",NA,"","","","","","農用物資供銷站",NA,NA,NA,NA,NA,NA,NA,NA,NA,0,1,0,"晴","日間自然光線","村里道路",50,"三岔路","交岔路口內","柏油","乾燥","無缺陷","無障礙物","良好","無號誌","無號誌","無分向設施","未繪設車道線","未繪設快慢車道分隔線","有","側撞","迴轉未依規定","Y000","YY00",1,2,2012-04-26,"瓊義路","","金門縣金湖鎮農用物資供銷站","118.3750744","24.4504136"
10104,"10104Y00020040","YYA1","10104YY000050",2012,4,29,20,0,"金門縣","金湖鎮","",NA,"瓊徑路","","",NA,"","","","","","經武路口旁",NA,NA,NA,NA,NA,NA,NA,NA,NA,0,2,0,"晴","夜間（或隧道、地下道、涵洞）有照明","村里道路",50,"直路","一般車道（未劃分快慢車道）","無鋪裝","乾燥","突出（高低）不平","道路工事（程）中","良好","無號誌","無號誌","無分向設施","未繪設車道線","未繪設快慢車道分隔線","無","其他","路況危險無安全（警告）設施","Y000","YY00",1,2,2012-04-29,"瓊徑路","","金門縣金湖鎮經武路口旁","118.3837181","24.4489328"
10104,"10104Y00020001","YZA1","10104YZ000001",2012,4,1,8,1,"金門縣","金城鎮","",NA,"民權路","","",NA,"67","","","","","路段",NA,NA,NA,NA,NA,NA,NA,NA,NA,0,2,0,"晴","日間自然光線","村里道路",40,"直路","一般車道（未劃分快慢車道）","柏油","乾燥","無缺陷","無障礙物","良好","無號誌","無號誌","無標記","未繪設車道線","未繪設快慢車道分隔線","有","側撞","左轉彎未依規定","Y000","YZ00",1,2,2012-04-01,"民權路67號","","金門縣金城鎮路段","118.3140797","24.4325726"