"年月","總編號","處理單位","處理編號","年","月","日","時","分","縣市","區","村里","鄰","街道","段","巷","弄","號","公尺處","街道.1","段.1","側","附近","道路","公里","公尺處.1","向","車道","平交道","公里.1","公尺處.2","附近.1","死","受傷","X2.30","天候","光線","道路類別","速限","道路型態","事故位置","路面鋪裝","路面狀態","路面缺陷","障礙物","視距","號誌種類","號誌動作","分向設施","快車道或一般車道間","快慢車道間","路面邊線","事故類型及型態","主要肇因","警局","分局","案件類別","事故類別","日期","道路1","道路2","概略位置","lon","lat"
10104,"10104Y00020002","YZA1","10104YZ000002",2012,4,1,21,20,"金門縣","金城鎮","",NA,"民生路","","",NA,"","","","","","46之1號前",NA,NA,NA,NA,NA,NA,NA,NA,NA,0,2,0,"晴","夜間（或隧道、地下道、涵洞）有照明","村里道路",40,"三岔路","交岔口附近","柏油","乾燥","無缺陷","路上有停車","路上停放車輛","無號誌","無號誌","無分向設施","未繪設車道線","未繪設快慢車道分隔線","有","同向通行中","未注意車前狀態","Y000","YZ00",NA,NA,2012-04-01,"民生路","","金門縣金城鎮46之1號前","118.3190184","24.43575"
10104,"10104Y00020021","YZA1","10104YZ000003",2012,4,2,14,58,"金門縣","金城鎮","",NA,"西海路","","",NA,"","","","","","水頭村十字路口",NA,NA,NA,NA,NA,NA,NA,NA,NA,0,1,0,"晴","日間自然光線","村里道路",50,"四岔路","交岔路口內","柏油","乾燥","無缺陷","無障礙物","良好","閃光號誌","正常","無分向設施","未繪設車道線","未繪設快慢車道分隔線","有","路上翻車、摔倒","未依規定減速","Y000","YZ00",1,2,2012-04-02,"西海路","","金門縣金城鎮水頭村十字路口","118.3124964","24.4226194"
10104,"10104Y00020003","YZA1","10104YZ000004",2012,4,4,15,10,"金門縣","金寧鄉","",NA,"環島西路","二","",NA,"","","","","","03028燈桿旁路段",NA,NA,NA,NA,NA,NA,NA,NA,NA,0,1,0,"晴","日間自然光線","村里道路",50,"彎曲路及附近","一般車道（未劃分快慢車道）","柏油","乾燥","無缺陷","無障礙物","良好","無號誌","無號誌","附標記","未繪設車道線","未繪設快慢車道分隔線","有","衝出路外","未依規定減速","Y000","YZ00",1,2,2012-04-04,"環島西路二段","","金門縣金寧鄉03028燈桿旁路段","118.3148723","24.4566699"
10104,"10104Y00020034","YZA1","10104YZ000005",2012,4,4,22,15,"金門縣","金寧鄉","",NA,"慈湖路","一","",NA,"","","","","","旁產業道路",NA,NA,NA,NA,NA,NA,NA,NA,NA,0,2,0,"晴","夜間（或隧道、地下道、涵洞）無照明","其他",40,"彎曲路及附近","一般車道（未劃分快慢車道）","水泥","乾燥","無缺陷","其他障礙物","良好","無號誌","無號誌","無分向設施","未繪設車道線","未繪設快慢車道分隔線","無","路上翻車、摔倒","未注意車前狀態","Y000","YZ00",1,2,2012-04-04,"慈湖路一段","","金門縣金寧鄉旁產業道路","118.3117387","24.4416084"
10104,"10104Y00020004","YZA1","10104YZ000006",2012,4,5,7,45,"金門縣","金城鎮","",NA,"中興路","","173",NA,"16","","","","","",NA,NA,NA,NA,NA,NA,NA,NA,NA,0,1,0,"晴","日間自然光線","村里道路",40,"四岔路","交岔路口內","柏油","乾燥","無缺陷","無障礙物","建築物","無號誌","無號誌","無分向設施","未繪設車道線","未繪設快慢車道分隔線","有","路口交岔撞","未依規定讓車","Y000","YZ00",1,2,2012-04-05,"中興路173巷16號","","金門縣金城鎮","118.3187572","24.4346867"
10104,"10104Y00020005","YZA1","10104YZ000007",2012,4,5,12,20,"金門縣","金城鎮","",NA,"民族路","","31",NA,"","","","","","路口",NA,NA,NA,NA,NA,NA,NA,NA,NA,0,1,0,"晴","日間自然光線","村里道路",50,"四岔路","交岔路口內","柏油","乾燥","無缺陷","無障礙物","建築物","無號誌","無號誌","無標記","車道線（無標記）","未繪設快慢車道分隔線","有","側撞","未依規定讓車","Y000","YZ00",1,2,2012-04-05,"民族路31巷","","金門縣金城鎮路口","118.3157499","24.4302723"
10104,"","YZA1","10104YZ000008",2012,4,5,17,30,"金門縣","金城鎮","",NA,"民生路","","",NA,"34","","","","","",NA,NA,NA,NA,NA,NA,NA,NA,NA,0,0,0,"雨",NA,NA,40,NA,NA,NA,NA,NA,NA,NA,NA,NA,NA,NA,NA,NA,NA,NA,"Y000","YZ00",1,4,2012-04-05,"民生路34號","","金門縣金城鎮","118.3190184","24.43575"
10104,"10104Y00020008","YZA1","10104YZ000010",2012,4,6,17,19,"金門縣","金城鎮","",NA,"民權路","","",NA,"","","","","","182號前",NA,NA,NA,NA,NA,NA,NA,NA,NA,0,2,0,"晴","日間自然光線","縣道",50,"三岔路","交岔路口內","柏油","乾燥","無缺陷","無障礙物","良好","無號誌","無號誌","無分向設施","未繪設車道線","未繪設快慢車道分隔線","有","側撞","左轉彎未依規定","Y000","YZ00",1,2,2012-04-06,"民權路","","金門縣金城鎮182號前","118.3168946","24.4355379"
10104,"10104Y00020009","YZA1","10104YZ000011",2012,4,6,18,8,"金門縣","金城鎮","",NA,"光前路","","29",NA,"","","珠浦南路","","","44巷口",NA,NA,NA,NA,NA,NA,NA,NA,NA,0,3,0,"陰","日間自然光線","村里道路",40,"四岔路","交岔路口內","其他鋪裝","乾燥","無缺陷","其他障礙物","建築物","無號誌","無號誌","無分向設施","未繪設車道線","未繪設快慢車道分隔線","無","路口交岔撞","未依規定讓車","Y000","YZ00",1,2,2012-04-06,"光前路29巷","珠浦南路","","118.315324","24.432036"
10104,"10104Y00020035","YZA1","10104YZ000012",2012,4,7,9,15,"金門縣","金寧鄉","",NA,"環島西路","二","",NA,"","","","","","03037路燈桿前路段",NA,NA,NA,NA,NA,NA,NA,NA,NA,0,1,0,"陰","日間自然光線","鄉道",50,"彎曲路及附近","一般車道（未劃分快慢車道）","柏油","濕潤","無缺陷","無障礙物","良好","無號誌","無號誌","附標記","未繪設車道線","未繪設快慢車道分隔線","有","衝出路外","未依規定減速","Y000","YZ00",1,2,2012-04-07,"環島西路二段","","金門縣金寧鄉03037路燈桿前路段","118.3148723","24.4566699"
10104,"10104Y00020022","YZA1","10104YZ000014",2012,4,8,18,17,"金門縣","金寧鄉","",NA,"伯玉路","一","",NA,"","","","","","00237號燈桿前",NA,NA,NA,NA,NA,NA,NA,NA,NA,0,3,0,"晴","晨或暮光","村里道路",60,"三岔路","交岔路口內","柏油","乾燥","無缺陷","無障礙物","良好","無號誌","無號誌","無分向設施","未繪設車道線","未繪設快慢車道分隔線","有","側撞","未依規定減速","Y000","YZ00",1,2,2012-04-08,"伯玉路一段","","金門縣金寧鄉00237號燈桿前","118.3267756","24.4346914"
10104,"10104Y00020011","YZA1","10104YZ000015",2012,4,9,8,15,"金門縣","金城鎮","",NA,"","","",NA,"小古崗27","","","","","路口",NA,NA,NA,NA,NA,NA,NA,NA,NA,0,1,0,"陰","日間自然光線","村里道路",40,"三岔路","交岔路口內","其他鋪裝","濕潤","無缺陷","無障礙物","建築物","無號誌","無號誌","無分向設施","未繪設車道線","未繪設快慢車道分隔線","無","其他","未依規定讓車","Y000","YZ00",1,2,2012-04-09,"金門縣金城鎮小古崗27號","","金門縣金城鎮路口","118.318585","24.3971444"
10104,"10104Y00020010","YZA1","10104YZ000016",2012,4,8,18,0,"金門縣","金城鎮","",NA,"環島北路","","90",8,"11","","","","","路段",NA,NA,NA,NA,NA,NA,NA,NA,NA,0,1,0,"陰","夜間（或隧道、地下道、涵洞）有照明","村里道路",40,"直路","一般車道（未劃分快慢車道）","柏油","乾燥","無缺陷","無障礙物","良好","無號誌","無號誌","無分向設施","未繪設車道線","未繪設快慢車道分隔線","有","路上翻車、摔倒","酒醉（後）駕駛失控","Y000","YZ00",1,2,2012-04-08,"環島北路90巷8弄11號","","金門縣金城鎮路段","118.322662","24.441264"
10104,"10104Y00020012","YZA1","10104YZ000017",2012,4,9,20,43,"金門縣","金城鎮","",NA,"民權路","","45",8,"","","","","","路口",NA,NA,NA,NA,NA,NA,NA,NA,NA,0,2,0,"陰","夜間（或隧道、地下道、涵洞）有照明","村里道路",40,"三岔路","交岔路口內","柏油","乾燥","無缺陷","路上有停車","路上停放車輛","無號誌","無號誌","無分向設施","未繪設車道線","未繪設快慢車道分隔線","有","側撞","未依規定讓車","Y000","YZ00",1,2,2012-04-09,"民權路45巷8弄","","金門縣金城鎮路口","118.3174792","24.4361723"
10104,"10104Y00020013","YZA1","10104YZ000018",2012,4,10,12,55,"金門縣","金城鎮","",NA,"民族路","","",NA,"214","","","","","路段",NA,NA,NA,NA,NA,NA,NA,NA,NA,0,2,0,"陰","日間自然光線","村里道路",40,"彎曲路及附近","其他","其他鋪裝","濕潤","無缺陷","無障礙物","良好","無號誌","無號誌","無分向設施","未繪設車道線","未繪設快慢車道分隔線","無","對向擦撞","酒醉（後）駕駛失控","Y000","YZ00",1,2,2012-04-10,"民族路214號","","金門縣金城鎮路段","118.3157499","24.4302723"
10104,"10104Y00020016","YZA1","10104YZ000022",2012,4,11,13,20,"金門縣","金城鎮","",NA,"民生路","","",NA,"","","","","","與民生路11巷口",NA,NA,NA,NA,NA,NA,NA,NA,NA,0,1,0,"晴","日間自然光線","村里道路",50,"三岔路","交岔路口內","柏油","乾燥","無缺陷","無障礙物","良好","無號誌","無號誌","無分向設施","未繪設車道線","未繪設快慢車道分隔線","有","側撞","未依規定讓車","Y000","YZ00",1,2,2012-04-11,"民生路","","金門縣金城鎮與民生路11巷口","118.3190184","24.43575"
10104,"10104Y00020017","YZA1","10104YZ000023",2012,4,11,15,40,"金門縣","金寧鄉","",NA,"大學路","","",NA,"1","","","","","教學大樓前路段",NA,NA,NA,NA,NA,NA,NA,NA,NA,0,2,0,"晴","日間自然光線","其他",25,"直路","一般車道（未劃分快慢車道）","水泥","乾燥","無缺陷","無障礙物","良好","無號誌","無號誌","寬式（50公分以上）","未繪設車道線","未繪設快慢車道分隔線","有","側撞","起步未注意其他車（人）安全","Y000","YZ00",1,2,2012-04-11,"大學路1號","","金門縣金寧鄉教學大樓前路段","118.325279","24.4466751"
10104,"10104Y00020018","YZA1","10104YZ000024",2012,4,11,19,45,"金門縣","金城鎮","",NA,"環島西路","二","",NA,"","","","","","救國團前路段",NA,NA,NA,NA,NA,NA,NA,NA,NA,0,2,0,"晴","夜間（或隧道、地下道、涵洞）有照明","鄉道",50,"四岔路","交岔路口內","柏油","乾燥","無缺陷","無障礙物","良好","無號誌","無號誌","附標記","車道線（附標記）","未繪設快慢車道分隔線","有","其他","違規超車","Y000","YZ00",1,2,2012-04-11,"環島西路二段","","金門縣金城鎮救國團前路段","118.3148723","24.4566699"
10104,"10104Y00020019","YZA1","10104YZ000025",2012,4,12,15,30,"金門縣","金城鎮","",NA,"","","",NA,"","","","","","鎮公所後方停車場",NA,NA,NA,NA,NA,NA,NA,NA,NA,0,1,0,"晴","日間自然光線","村里道路",40,"四岔路","交岔路口內","水泥","乾燥","無缺陷","無障礙物","良好","無號誌","無號誌","無分向設施","未繪設車道線","未繪設快慢車道分隔線","無","側撞","未依規定讓車","Y000","YZ00",1,2,2012-04-12,"金門縣金城鎮鎮公所後方停車場","","金門縣金城鎮鎮公所後方停車場","118.3166667","24.4166667"
10104,"10104Y00020045","YZA1","10104YZ000026",2012,4,13,7,4,"金門縣","金寧鄉","",NA,"","","",NA,"","","","","","榜林圓環",NA,NA,NA,NA,NA,NA,NA,NA,NA,0,1,0,"晴","日間自然光線","縣道",40,"圓環","一般車道（未劃分快慢車道）","柏油","乾燥","無缺陷","無障礙物","良好","無號誌","無號誌","無分向設施","車道線（無標記）","未繪設快慢車道分隔線","有","其他","未依規定讓車","Y000","YZ00",1,2,2012-04-13,"金門縣金寧鄉榜林圓環","","金門縣金寧鄉榜林圓環","118.330294","24.438568"
10104,"10104Y00020020","YZA1","10104YZ000028",2012,4,14,10,7,"金門縣","金城鎮","",NA,"民權路","","",NA,"48","","","","","",NA,NA,NA,NA,NA,NA,NA,NA,NA,0,1,0,"晴","日間自然光線","村里道路",40,"坡路","一般車道（未劃分快慢車道）","柏油","乾燥","無缺陷","無障礙物","良好","無號誌","無號誌","無標記","未繪設車道線","未繪設快慢車道分隔線","有","側撞","迴轉未依規定","Y000","YZ00",1,2,2012-04-14,"民權路48號","","金門縣金城鎮","118.3138157","24.4321367"
10104,"10104Y00020036","YZA1","10104YZ000029",2012,4,16,16,0,"金門縣","金城鎮","",NA,"民權路","","",NA,"","","","","","中正國小側門前路段",NA,NA,NA,NA,NA,NA,NA,NA,NA,0,1,0,"陰","日間自然光線","村里道路",50,"三岔路","交岔路口內","柏油","乾燥","無缺陷","無障礙物","良好","無號誌","無號誌","無分向設施","未繪設車道線","未繪設快慢車道分隔線","有","側撞","迴轉未依規定","Y000","YZ00",1,2,2012-04-16,"民權路","","金門縣金城鎮中正國小側門前路段","118.3168946","24.4355379"
10104,"10104Y00020024","YZA1","10104YZ000032",2012,4,18,19,46,"金門縣","金城鎮","",NA,"民生路","","",NA,"2","","","","","金城鎮公所前路段",NA,NA,NA,NA,NA,NA,NA,NA,NA,0,1,0,"陰","夜間（或隧道、地下道、涵洞）有照明","村里道路",50,"四岔路","交岔路口內","柏油","濕潤","無缺陷","無障礙物","良好","無號誌","無號誌","無分向設施","未繪設車道線","未繪設快慢車道分隔線","有","對向擦撞","違規超車","Y000","YZ00",1,2,2012-04-18,"民生路2號","","金門縣金城鎮金城鎮公所前路段","118.3209249","24.4326671"
10104,"10104Y00020025","YZA1","10104YZ000033",2012,4,19,10,0,"金門縣","金寧鄉","",NA,"環島北路","一","",NA,"","","","","","地政局前路段",NA,NA,NA,NA,NA,NA,NA,NA,NA,0,2,0,"晴","日間自然光線","村里道路",60,"三岔路","交岔路口內","柏油","乾燥","無缺陷","無障礙物","良好","無號誌","無號誌","無分向設施","未繪設車道線","未繪設快慢車道分隔線","有","側撞","未依規定讓車","Y000","YZ00",1,2,2012-04-19,"環島北路一段","","金門縣金寧鄉地政局前路段","118.3283226","24.4462231"
10104,"10104Y00020026","YZA1","10104YZ000034",2012,4,19,18,50,"金門縣","金城鎮","",NA,"民生路","","",NA,"","","民權路","","","",NA,NA,NA,NA,NA,NA,NA,NA,NA,0,1,0,"陰","夜間（或隧道、地下道、涵洞）有照明","鄉道",40,"四岔路","交岔路口內","柏油","乾燥","無缺陷","無障礙物","良好","行車管制號誌","正常","無分向設施","未繪設車道線","未繪設快慢車道分隔線","有","側撞","違反號誌管制或指揮","Y000","YZ00",1,2,2012-04-19,"民生路","民權路","","118.318387","24.437086"
10104,"10104Y00020027","YZA1","10104YZ000035",2012,4,21,17,20,"金門縣","金城鎮","",NA,"民族路","","",NA,"207","","","","","",NA,NA,NA,NA,NA,NA,NA,NA,NA,0,1,0,"晴","日間自然光線","村里道路",40,"三岔路","交岔路口內","柏油","乾燥","有坑洞","路上有停車","良好","無號誌","無號誌","無分向設施","未繪設車道線","未繪設快慢車道分隔線","有","側撞","未依規定讓車","Y000","YZ00",1,2,2012-04-21,"民族路207號","","金門縣金城鎮","118.3157499","24.4302723"
10104,"10104Y00020028","YZA1","10104YZ000036",2012,4,22,0,44,"金門縣","金城鎮","",NA,"民生路","","",NA,"","","民權路","","","路口",NA,NA,NA,NA,NA,NA,NA,NA,NA,0,1,0,"陰","夜間（或隧道、地下道、涵洞）有照明","村里道路",40,"四岔路","交岔路口內","柏油","乾燥","無缺陷","無障礙物","良好","閃光號誌","正常","無分向設施","未繪設車道線","未繪設快慢車道分隔線","有","路口交岔撞","未依規定讓車","Y000","YZ00",1,2,2012-04-22,"民生路","民權路","","118.318387","24.437086"
10104,"10104Y00020029","YZA1","10104YZ000037",2012,4,22,15,15,"金門縣","金城鎮","",NA,"伯玉路","一","",NA,"15","","","","","",NA,NA,NA,NA,NA,NA,NA,NA,NA,0,1,0,"晴","日間自然光線","縣道",60,"直路","一般車道（未劃分快慢車道）","柏油","乾燥","無缺陷","無障礙物","良好","無號誌","無號誌","無標記","未繪設車道線","快慢車道分隔線","有","側撞","右轉彎未依規定","Y000","YZ00",1,2,2012-04-22,"伯玉路一段15號","","金門縣金城鎮","118.3267756","24.4346914"
10104,"10104Y00020037","YZA1","10104YZ000038",2012,4,21,21,25,"金門縣","金寧鄉","",NA,"伯玉路","","",NA,"","","","","","后盤山路口",NA,NA,NA,NA,NA,NA,NA,NA,NA,0,1,0,"晴","夜間（或隧道、地下道、涵洞）有照明","村里道路",70,"直路","一般車道（未劃分快慢車道）","柏油","乾燥","無缺陷","無障礙物","良好","無號誌","無號誌","附標記","未繪設車道線","快慢車道分隔線","有","撞路樹、電桿","酒醉（後）駕駛失控","Y000","YZ00",1,2,2012-04-21,"伯玉路","","金門縣金寧鄉后盤山路口","118.3267756","24.4346914"
10104,"10104Y00020030","YZA1","10104YZ000039",2012,4,23,15,42,"金門縣","金城鎮","",NA,"伯玉路","一","",NA,"","","","","","與桃園路路口",NA,NA,NA,NA,NA,NA,NA,NA,NA,0,3,0,"晴","日間自然光線","村里道路",60,"四岔路","交岔路口內","柏油","乾燥","無缺陷","無障礙物","良好","行車管制號誌","正常","無標記","車道線（無標記）","未繪設快慢車道分隔線","有","同向擦撞","右轉彎未依規定","Y000","YZ00",1,2,2012-04-23,"伯玉路一段","","金門縣金城鎮與桃園路路口","118.3267756","24.4346914"
10104,"10104Y00020031","YZA1","10104YZ000040",2012,4,24,8,20,"金門縣","金寧鄉","",NA,"環島北路","二","",NA,"","","","","","07186燈桿前路段",NA,NA,NA,NA,NA,NA,NA,NA,NA,0,1,0,"陰","日間自然光線","鄉道",60,"三岔路","交岔口附近","柏油","濕潤","無缺陷","無障礙物","良好","無號誌","無號誌","附標記","未繪設車道線","未繪設快慢車道分隔線","有","路上翻車、摔倒","未注意車前狀態","Y000","YZ00",1,2,2012-04-24,"環島北路二段","","金門縣金寧鄉07186燈桿前路段","118.3537405","24.452631"
10104,"10104Y00020032","YZA1","10104YZ000041",2012,4,25,0,54,"金門縣","金城鎮","南門里",NA,"民權路","","",NA,"27","","","","","",NA,NA,NA,NA,NA,NA,NA,NA,NA,0,1,0,"晴","夜間（或隧道、地下道、涵洞）有照明","村里道路",40,"直路","一般車道（未劃分快慢車道）","柏油","乾燥","無缺陷","無障礙物","良好","無號誌","無號誌","附標記","未繪設車道線","未繪設快慢車道分隔線","有","衝出路外","酒醉（後）駕駛失控","Y000","YZ00",1,2,2012-04-25,"民權路27號","","金門縣金城鎮南門里","118.3137202","24.4316929"
10104,"10104Y00020033","YZA1","10104YZ000042",2012,4,25,8,10,"金門縣","金寧鄉","",NA,"環島西路","二","",NA,"","","","","","80巷8號前路口",NA,NA,NA,NA,NA,NA,NA,NA,NA,0,1,0,"晴","日間自然光線","村里道路",40,"四岔路","公車專用道","水泥","乾燥","無缺陷","無障礙物","良好","無號誌","無號誌","無分向設施","未繪設車道線","未繪設快慢車道分隔線","無","路口交岔撞","未依規定讓車","Y000","YZ00",1,2,2012-04-25,"環島西路二段","","金門縣金寧鄉80巷8號前路口","118.3148723","24.4566699"
10104,"10104Y00030003","YZA1","10104YZ000044",2012,4,25,16,25,"金門縣","金城鎮","",NA,"西海路","一","",NA,"","","","","","水頭碼頭前路口",NA,NA,NA,NA,NA,NA,NA,NA,NA,0,0,0,"晴","日間自然光線","村里道路",50,"三岔路","交岔路口內","柏油","濕潤","無缺陷","無障礙物","坡道","無號誌","無號誌","無分向設施","未繪設車道線","未繪設快慢車道分隔線","有","側撞","未依規定讓車","Y000","YZ00",1,3,2012-04-25,"西海路一段","","金門縣金城鎮水頭碼頭前路口","118.2906709","24.4124946"
10104,"10104Y00020038","YZA1","10104YZ000045",2012,4,25,15,50,"金門縣","金城鎮","西門里",NA,"民生路","","45",NA,"","","","","","中興路173巷路口",NA,NA,NA,NA,NA,NA,NA,NA,NA,0,1,0,"陰","日間自然光線","村里道路",40,"三岔路","交岔路口內","其他鋪裝","濕潤","無缺陷","無障礙物","良好","無號誌","無號誌","無分向設施","未繪設車道線","未繪設快慢車道分隔線","有","對向擦撞","未保持行車安全間隔","Y000","YZ00",1,2,2012-04-25,"民生路45巷","","金門縣金城鎮西門里中興路173巷路口","118.3185631","24.4353028"
10104,"10104Y00020039","YZA1","10104YZ000048",2012,4,26,17,36,"金門縣","金寧鄉","盤山村",NA,"環島北路","二","",NA,"","","","","","環島北路二段50巷",NA,NA,NA,NA,NA,NA,NA,NA,NA,0,1,0,"陰","日間自然光線","鄉道",50,"三岔路","交岔口附近","柏油","濕潤","無缺陷","無障礙物","良好","無號誌","無號誌","附標記","未繪設車道線","未繪設快慢車道分隔線","有","側撞","左轉彎未依規定","Y000","YZ00",1,2,2012-04-26,"環島北路二段","","金門縣金寧鄉盤山村環島北路二段50巷","118.3537405","24.452631"
10104,"10104Y00020042","YZA1","10104YZ000049",2012,4,27,20,57,"金門縣","金城鎮","",NA,"民權路","","",NA,"196","","","","","路段",NA,NA,NA,NA,NA,NA,NA,NA,NA,0,1,0,"雨","夜間（或隧道、地下道、涵洞）有照明","村里道路",40,"四岔路","交岔路口內","柏油","濕潤","無缺陷","無障礙物","良好","無號誌","無號誌","無分向設施","未繪設車道線","未繪設快慢車道分隔線","有","側撞","未依規定讓車","Y000","YZ00",1,2,2012-04-27,"民權路196號","","金門縣金城鎮路段","118.3198221","24.4386597"
10104,"10104Y00020043","YZA1","10104YZ000051",2012,4,30,11,4,"金門縣","金城鎮","",NA,"民生路","","",NA,"6","","","","","路段",NA,NA,NA,NA,NA,NA,NA,NA,NA,0,1,0,"晴","日間自然光線","村里道路",40,"直路","一般車道（未劃分快慢車道）","柏油","乾燥","無缺陷","無障礙物","良好","無號誌","無號誌","無標記","未繪設車道線","未繪設快慢車道分隔線","有","側撞","迴轉未依規定","Y000","YZ00",1,2,2012-04-30,"民生路6號","","金門縣金城鎮路段","118.3190184","24.43575"
10104,"10104Y00020044","YZA1","10104YZ000052",2012,4,30,11,5,"金門縣","烈嶼鄉","",NA,"八青路","","",NA,"","","","","","青岐4之5號前路口",NA,NA,NA,NA,NA,NA,NA,NA,NA,0,1,0,"晴","日間自然光線","村里道路",50,"三岔路","交岔路口內","柏油","乾燥","無缺陷","無障礙物","良好","無號誌","無號誌","無分向設施","未繪設車道線","未繪設快慢車道分隔線","無","側撞","未依規定讓車","Y000","YZ00",1,2,2012-04-30,"八青路","","金門縣烈嶼鄉青岐4之5號前路口","118.2364682","24.422863"
10104,"10104Y00020041","YZA1","10104YZ000053",2012,4,5,16,25,"金門縣","烈嶼鄉","",NA,"八青路","","",NA,"","","","","","南塘路段",NA,NA,NA,NA,NA,NA,NA,NA,NA,0,1,0,"雨","日間自然光線","鄉道",50,"直路","一般車道（未劃分快慢車道）","柏油","濕潤","突出（高低）不平","道路工事（程）中","良好","無號誌","無號誌","無分向設施","未繪設車道線","未繪設快慢車道分隔線","無","路上翻車、摔倒","未注意車前狀態","Y000","YZ00",1,2,2012-04-05,"八青路","","金門縣烈嶼鄉南塘路段","118.2364682","24.422863"
10105,"10105Y00020010","YYA1","10105YY000015",2012,5,9,8,52,"金門縣","金湖鎮","",NA,"市港路","","",NA,"","","","","","05322號燈桿",NA,NA,NA,NA,NA,NA,NA,NA,NA,0,1,0,"晴","日間自然光線","村里道路",50,"直路","一般車道（未劃分快慢車道）","柏油","乾燥","無缺陷","無障礙物","良好","無號誌","無號誌","附標記","未繪設車道線","快慢車道分隔線","有","追撞","未注意車前狀態","Y000","YY00",1,2,2012-05-09,"市港路","","金門縣金湖鎮05322號燈桿","118.4099121","24.4348324"
10105,"10105Y00020012","YYA1","10105YY000016",2012,5,9,13,10,"金門縣","金湖鎮","",NA,"太湖路","一","",NA,"","","","","","塔后往劍潭路段",NA,NA,NA,NA,NA,NA,NA,NA,NA,0,1,0,"晴","日間自然光線","村里道路",50,"直路","一般車道（未劃分快慢車道）","柏油","乾燥","無缺陷","無障礙物","良好","無號誌","無號誌","附標記","未繪設車道線","未繪設快慢車道分隔線","有","路上翻車、摔倒","未注意車前狀態","Y000","YY00",1,2,2012-05-09,"太湖路一段","","金門縣金湖鎮塔后往劍潭路段","118.4047483","24.4473343"
10105,"10105Y00020025","YYA1","10105YY000030",2012,5,23,13,25,"金門縣","金沙鎮","",NA,"","","",NA,"","","","","","田墩101號前路口",NA,NA,NA,NA,NA,NA,NA,NA,NA,0,1,0,"晴","日間自然光線","村里道路",50,"三岔路","交岔路口內","水泥","乾燥","無缺陷","無障礙物","良好","無號誌","無號誌","無分向設施","未繪設車道線","未繪設快慢車道分隔線","無","側撞","起步未注意其他車（人）安全","Y000","YY00",1,2,2012-05-23,"金門縣金沙鎮田墩101號前路口","","金門縣金沙鎮田墩101號前路口","118.410783","24.50414"
10105,"10105Y00030003","YYA1","10105YY000031",2012,5,25,10,40,"金門縣","金湖鎮","",NA,"太湖路","一","",NA,"","","","","","TP16路口",NA,NA,NA,NA,NA,NA,NA,NA,NA,0,0,0,"晴","日間自然光線","村里道路",50,"四岔路","交岔口附近","柏油","乾燥","無缺陷","無障礙物","良好","閃光號誌","正常","無標記","未繪設車道線","未繪設快慢車道分隔線","有","追撞","未保持行車安全距離","Y000","YY00",1,3,2012-05-25,"太湖路一段","","金門縣金湖鎮TP16路口","118.4047483","24.4473343"
10105,"10105Y00020030","YYA1","10105YY000036",2012,5,29,9,42,"金門縣","金湖鎮","",NA,"","","",NA,"","","","","","新市圓環",NA,NA,NA,NA,NA,NA,NA,NA,NA,0,1,0,"晴","日間自然光線","村里道路",50,"圓環","一般車道（未劃分快慢車道）","柏油","乾燥","無缺陷","無障礙物","良好","閃光號誌","正常","無分向設施","車道線（無標記）","未繪設快慢車道分隔線","有","其他","未依規定讓車","Y000","YY00",1,2,2012-05-29,"金門縣金湖鎮新市圓環","","金門縣金湖鎮新市圓環","118.413173","24.44069"
10105,"10105Y00020029","YYA1","10105YY000038",2012,5,28,12,25,"金門縣","金湖鎮","",NA,"黃海路","","",NA,"90-3","","","","","",NA,NA,NA,NA,NA,NA,NA,NA,NA,0,1,0,"晴","日間自然光線","村里道路",50,"三岔路","交岔口附近","柏油","乾燥","無缺陷","無障礙物","良好","無號誌","無號誌","附標記","未繪設車道線","未繪設快慢車道分隔線","有","路上翻車、摔倒","未注意車前狀態","Y000","YY00",1,2,2012-05-28,"黃海路90-3號","","金門縣金湖鎮","118.4256931","24.452032"
10105,"10105Y00020032","YYA1","10105YY000040",2012,5,30,16,40,"金門縣","金湖鎮","",NA,"環島南路","四","",NA,"","","","","","05069號路燈前路段",NA,NA,NA,NA,NA,NA,NA,NA,NA,0,2,0,"晴","日間自然光線","村里道路",50,"直路","慢車道","柏油","乾燥","無缺陷","無障礙物","良好","無號誌","無號誌","附標記","未繪設車道線","快慢車道分隔線","有","追撞","未保持行車安全距離","Y000","YY00",1,2,2012-05-30,"環島南路四段","","金門縣金湖鎮05069號路燈前路段","118.40101","24.438041"
10105,"10105Y00020033","YYA1","10105YY000041",2012,5,30,20,52,"金門縣","金沙鎮","",NA,"環島北路","","",NA,"","","","","","與沙青路口",NA,NA,NA,NA,NA,NA,NA,NA,NA,0,1,0,"晴","夜間（或隧道、地下道、涵洞）有照明","村里道路",50,"三岔路","交岔路口內","柏油","乾燥","無缺陷","無障礙物","良好","閃光號誌","正常","無分向設施","未繪設車道線","未繪設快慢車道分隔線","有","側撞","未依規定讓車","Y000","YY00",1,2,2012-05-30,"環島北路","","金門縣金沙鎮與沙青路口","118.322662","24.441264"