"年月","總編號","處理單位","處理編號","年","月","日","時","分","縣市","區","村里","鄰","街道","段","巷","弄","號","公尺處","街道.1","段.1","側","附近","道路","公里","公尺處.1","向","車道","平交道","公里.1","公尺處.2","附近.1","死","受傷","X2.30","天候","光線","道路類別","速限","道路型態","事故位置","路面鋪裝","路面狀態","路面缺陷","障礙物","視距","號誌種類","號誌動作","分向設施","快車道或一般車道間","快慢車道間","路面邊線","事故類型及型態","主要肇因","警局","分局","案件類別","事故類別","日期","道路1","道路2","概略位置","lon","lat"
10105,"10105Y00020035","YYA1","10105YY000043",2012,5,31,16,50,"金門縣","金湖鎮","",NA,"環島南路","五","",NA,"","","","","","信義新村路口",NA,NA,NA,NA,NA,NA,NA,NA,NA,0,1,0,"晴","日間自然光線","村里道路",50,"三岔路","交岔路口內","柏油","乾燥","無缺陷","無障礙物","良好","無號誌","無號誌","無分向設施","未繪設車道線","未繪設快慢車道分隔線","有","側撞","未依規定讓車","Y000","YY00",1,2,2012-05-31,"環島南路五段","","金門縣金湖鎮信義新村路口","118.4239844","24.4324232"
10105,"10105Y00020001","YZA1","10105YZ000001",2012,5,1,11,45,"金門縣","金城鎮","",NA,"","","",NA,"","","","","","東門圓環",NA,NA,NA,NA,NA,NA,NA,NA,NA,0,1,0,"晴","日間自然光線","村里道路",40,"圓環","其他","柏油","乾燥","無缺陷","無障礙物","良好","無號誌","無號誌","無分向設施","車道線（無標記）","未繪設快慢車道分隔線","有","其他","未注意車前狀態","Y000","YZ00",NA,NA,2012-05-01,"金門縣金城鎮東門圓環","","金門縣金城鎮東門圓環","118.321386","24.431515"
10105,"10105Y00020002","YZA1","10105YZ000002",2012,5,1,15,38,"金門縣","金城鎮","南門里",NA,"西海路","三","",NA,"","","","","","石雕公園前路段",NA,NA,NA,NA,NA,NA,NA,NA,NA,0,2,0,"晴","日間自然光線","縣道",50,"三岔路","交岔路口內","柏油","乾燥","無缺陷","無障礙物","良好","閃光號誌","正常","無分向設施","未繪設車道線","未繪設快慢車道分隔線","有","側撞","未依規定讓車","Y000","YZ00",1,2,2012-05-01,"西海路三段","","金門縣金城鎮南門里石雕公園前路段","118.3124964","24.4226194"
10105,"10105Y00020003","YZA1","10105YZ000003",2012,5,1,17,50,"金門縣","金寧鄉","盤山村",NA,"伯玉路","二","",NA,"","","盤果路","","","",NA,NA,NA,NA,NA,NA,NA,NA,NA,0,2,0,"晴","日間自然光線","縣道",60,"四岔路","交岔路口內","柏油","乾燥","無缺陷","無障礙物","良好","行車管制號誌","正常","無分向設施","未繪設車道線","未繪設快慢車道分隔線","有","側撞","右轉彎未依規定","Y000","YZ00",1,2,2012-05-01,"伯玉路二段","盤果路","","118.3402912","24.44112005"
10105,"10105Y00020004","YZA1","10105YZ000004",2012,5,1,21,35,"金門縣","金城鎮","",NA,"民生路","","",NA,"","","民權路","","","",NA,NA,NA,NA,NA,NA,NA,NA,NA,0,1,0,"晴","夜間（或隧道、地下道、涵洞）有照明","村里道路",40,"四岔路","交岔路口內","柏油","乾燥","無缺陷","無障礙物","良好","無號誌","無號誌","無分向設施","未繪設車道線","未繪設快慢車道分隔線","有","側撞","未依規定讓車","Y000","YZ00",1,2,2012-05-01,"民生路","民權路","","118.318387","24.437086"
10105,"10105Y00020005","YZA1","10105YZ000005",2012,5,2,11,20,"金門縣","金城鎮","東門里",NA,"","","",NA,"","","","","","東門圓環",NA,NA,NA,NA,NA,NA,NA,NA,NA,0,1,0,"晴","日間自然光線","縣道",60,"圓環","環道匝道","柏油","乾燥","無缺陷","無障礙物","良好","無號誌","無號誌","無分向設施","車道線（附標記）","未繪設快慢車道分隔線","有","追撞","未保持行車安全距離","Y000","YZ00",1,2,2012-05-02,"金門縣金城鎮東門里東門圓環","","金門縣金城鎮東門里東門圓環","118.321386","24.431515"
10105,"","YZA1","10105YZ000006",2012,5,2,12,32,"金門縣","金城鎮","西門里",NA,"珠浦西路","","",NA,"22","","","","","",NA,NA,NA,NA,NA,NA,NA,NA,NA,0,0,0,NA,NA,NA,0,NA,NA,NA,NA,NA,NA,NA,NA,NA,NA,NA,NA,NA,NA,NA,"Y000","YZ00",1,4,2012-05-02,"珠浦西路22號","","金門縣金城鎮西門里","118.3147803","24.4384226"
10105,"10105Y00020006","YZA1","10105YZ000007",2012,5,2,14,45,"金門縣","金城鎮","東門里",NA,"伯玉路","一","80",NA,"1","","","","","路口",NA,NA,NA,NA,NA,NA,NA,NA,NA,0,1,0,"晴","日間自然光線","縣道",60,"四岔路","交岔路口內","柏油","乾燥","無缺陷","無障礙物","良好","行車管制號誌","正常","無分向設施","未繪設車道線","快慢車道分隔線","有","側撞","右轉彎未依規定","Y000","YZ00",1,2,2012-05-02,"伯玉路一段80巷1號","","金門縣金城鎮東門里路口","118.3267756","24.4346914"
10105,"10105Y00010001","YZA1","10105YZ000008",2012,5,4,15,24,"金門縣","金寧鄉","",NA,"桃園路","","",NA,"","","","","","05884號燈桿前路段",NA,NA,NA,NA,NA,NA,NA,NA,NA,1,0,0,"陰","日間自然光線","縣道",60,"坡路","一般車道（未劃分快慢車道）","柏油","乾燥","無缺陷","無障礙物","良好","無號誌","無號誌","附標記","車道線（無標記）","未繪設快慢車道分隔線","有","同向擦撞","未保持行車安全間隔","Y000","YZ00",1,1,2012-05-04,"桃園路","","金門縣金寧鄉05884號燈桿前路段","118.3446627","24.4317794"
10105,"10105Y00020007","YZA1","10105YZ000009",2012,5,5,22,25,"金門縣","金寧鄉","",NA,"環島北路","二","",NA,"","","林堡路","","","頂堡路口",NA,NA,NA,NA,NA,NA,NA,NA,NA,0,1,0,"晴","夜間（或隧道、地下道、涵洞）有照明","村里道路",60,"三岔路","交岔路口內","柏油","乾燥","無缺陷","無障礙物","良好","無號誌","無號誌","無分向設施","未繪設車道線","未繪設快慢車道分隔線","有","側撞","未依規定讓車","Y000","YZ00",1,2,2012-05-05,"環島北路二段","林堡路","","118.3444116","24.4493316"
10105,"10105Y00020019","YZA1","10105YZ000010",2012,5,6,1,56,"金門縣","金寧鄉","",NA,"林堡路","","",NA,"","","","","","00486號路燈桿附近",NA,NA,NA,NA,NA,NA,NA,NA,NA,0,1,0,"晴","夜間（或隧道、地下道、涵洞）有照明","村里道路",60,"直路","一般車道（未劃分快慢車道）","柏油","乾燥","無缺陷","無障礙物","良好","無號誌","無號誌","附標記","未繪設車道線","未繪設快慢車道分隔線","無","路上翻車、摔倒","酒醉（後）駕駛失控","Y000","YZ00",1,2,2012-05-06,"林堡路","","金門縣金寧鄉00486號路燈桿附近","118.3345146","24.4434579"
10105,"10105Y00020008","YZA1","10105YZ000011",2012,5,6,10,55,"金門縣","金寧鄉","",NA,"慈湖路","一","",NA,"","","","","","路燈桿03398號前路段",NA,NA,NA,NA,NA,NA,NA,NA,NA,0,2,0,"晴","日間自然光線","村里道路",60,"直路","一般車道（未劃分快慢車道）","柏油","乾燥","無缺陷","無障礙物","良好","無號誌","無號誌","無標記","未繪設車道線","未繪設快慢車道分隔線","有","同向擦撞","起步未注意其他車（人）安全","Y000","YZ00",1,2,2012-05-06,"慈湖路一段","","金門縣金寧鄉路燈桿03398號前路段","118.3117387","24.4416084"
10105,"10105Y00020009","YZA1","10105YZ000012",2012,5,7,18,10,"金門縣","金城鎮","",NA,"民生路","","",NA,"38","","","","","路段",NA,NA,NA,NA,NA,NA,NA,NA,NA,0,1,0,"陰","晨或暮光","村里道路",40,"三岔路","交岔路口內","柏油","乾燥","無缺陷","無障礙物","良好","無號誌","無號誌","無分向設施","未繪設車道線","未繪設快慢車道分隔線","有","追撞","未保持行車安全距離","Y000","YZ00",1,2,2012-05-07,"民生路38號","","金門縣金城鎮路段","118.3190184","24.43575"
10105,"","YZA1","10105YZ000013",2012,5,8,12,0,"金門縣","金寧鄉","",NA,"伯玉路","二","",NA,"223之2","","","","","",NA,NA,NA,NA,NA,NA,NA,NA,NA,0,0,0,"晴",NA,NA,40,NA,NA,NA,NA,NA,NA,NA,NA,NA,NA,NA,NA,NA,NA,NA,"Y000","YZ00",1,4,2012-05-08,"伯玉路二段223-2號","","金門縣金寧鄉","118.3416148","24.4414563"
10105,"10105Y00020020","YZA1","10105YZ000014",2012,5,8,12,40,"金門縣","金城鎮","",NA,"環島西路","一","",NA,"","","北堤路","","","",NA,NA,NA,NA,NA,NA,NA,NA,NA,0,1,0,"晴","日間自然光線","村里道路",50,"四岔路","交岔路口內","柏油","乾燥","無缺陷","無障礙物","良好","行車管制號誌","正常","無分向設施","未繪設車道線","未繪設快慢車道分隔線","有","同向擦撞","未保持行車安全間隔","Y000","YZ00",1,2,2012-05-08,"環島西路一段","北堤路","","118.3213944","24.42983234"
10105,"10105Y00020011","YZA1","10105YZ000017",2012,5,9,10,25,"金門縣","金寧鄉","",NA,"桃園路","","",NA,"","","","","","金酒公司前路段",NA,NA,NA,NA,NA,NA,NA,NA,NA,0,1,0,"晴","日間自然光線","村里道路",60,"三岔路","交岔口附近","柏油","乾燥","無缺陷","無障礙物","良好","無號誌","無號誌","附標記","車道線（無標記）","未繪設快慢車道分隔線","有","追撞","超速失控","Y000","YZ00",1,2,2012-05-09,"桃園路","","金門縣金寧鄉金酒公司前路段","118.3446627","24.4317794"
10105,"10105Y00020021","YZA1","10105YZ000018",2012,5,9,14,55,"金門縣","金寧鄉","",NA,"伯玉路","二","",NA,"226之1","","","","","",NA,NA,NA,NA,NA,NA,NA,NA,NA,0,2,0,"晴","日間自然光線","村里道路",70,"直路","一般車道（未劃分快慢車道）","柏油","乾燥","無缺陷","無障礙物","良好","無號誌","無號誌","無標記","未繪設車道線","快慢車道分隔線","有","側撞","右轉彎未依規定","Y000","YZ00",1,2,2012-05-09,"伯玉路二段226-1號","","金門縣金寧鄉","118.3416148","24.4414563"
10105,"10105Y00020013","YZA1","10105YZ000019",2012,5,9,21,48,"金門縣","金城鎮","",NA,"珠浦西路","","94",NA,"11-1","","","","","",NA,NA,NA,NA,NA,NA,NA,NA,NA,0,1,0,"晴","夜間（或隧道、地下道、涵洞）有照明","村里道路",30,"四岔路","交岔路口內","其他鋪裝","乾燥","無缺陷","無障礙物","良好","無號誌","無號誌","無分向設施","未繪設車道線","未繪設快慢車道分隔線","有","路口交岔撞","未依規定讓車","Y000","YZ00",1,2,2012-05-09,"珠浦西路94巷11-1號","","金門縣金城鎮","118.3147803","24.4384226"
10105,"10105Y00030001","YZA1","10105YZ000020",2012,5,10,15,17,"金門縣","金寧鄉","",NA,"環島北路","二","",NA,"","","","","","07143號燈桿前",NA,NA,NA,NA,NA,NA,NA,NA,NA,0,0,0,"雨","日間自然光線","村里道路",60,"三岔路","交岔口附近","柏油","濕潤","無缺陷","無障礙物","良好","無號誌","無號誌","附標記","未繪設車道線","未繪設快慢車道分隔線","有","側撞","未依規定讓車","Y000","YZ00",1,3,2012-05-10,"環島北路二段","","金門縣金寧鄉07143號燈桿前","118.3537405","24.452631"
10105,"10105Y00020014","YZA1","10105YZ000021",2012,5,10,22,11,"金門縣","金城鎮","",NA,"民生路","","",NA,"15-4","","","","","",NA,NA,NA,NA,NA,NA,NA,NA,NA,0,1,0,"雨","夜間（或隧道、地下道、涵洞）有照明","鄉道",40,"直路","一般車道（未劃分快慢車道）","柏油","濕潤","無缺陷","無障礙物","良好","無號誌","無號誌","無標記","未繪設車道線","未繪設快慢車道分隔線","有","對向通行中","未注意車前狀態","Y000","YZ00",1,2,2012-05-10,"民生路15-4號","","金門縣金城鎮","118.3190184","24.43575"
10105,"","YZA1","10105YZ000022",2012,5,11,0,45,"金門縣","金城鎮","",NA,"伯玉路","一","",NA,"","","","","","東門圓環",NA,NA,NA,NA,NA,NA,NA,NA,NA,0,0,0,"晴",NA,NA,40,NA,NA,NA,NA,NA,NA,NA,NA,NA,NA,NA,NA,NA,NA,NA,"Y000","YZ00",1,4,2012-05-11,"伯玉路一段","","金門縣金城鎮東門圓環","118.3267756","24.4346914"
10105,"10105Y00020015","YZA1","10105YZ000023",2012,5,12,15,0,"金門縣","金城鎮","",NA,"環島西路","二","",NA,"","","","","","青年活動中心前",NA,NA,NA,NA,NA,NA,NA,NA,NA,0,1,0,"晴","日間自然光線","村里道路",50,"三岔路","交岔路口內","柏油","乾燥","無缺陷","無障礙物","良好","無號誌","無號誌","無分向設施","未繪設車道線","未繪設快慢車道分隔線","有","側撞","違規超車","Y000","YZ00",1,2,2012-05-12,"環島西路二段","","金門縣金城鎮青年活動中心前","118.3148723","24.4566699"
10105,"10105Y00020016","YZA1","10105YZ000024",2012,5,14,8,8,"金門縣","金寧鄉","",NA,"伯玉路","二","",NA,"","","","","","金民加油站前",NA,NA,NA,NA,NA,NA,NA,NA,NA,0,2,0,"晴","日間自然光線","村里道路",70,"直路","慢車道","柏油","乾燥","無缺陷","無障礙物","良好","無號誌","無號誌","無標記","未繪設車道線","快慢車道分隔線","有","追撞","未保持行車安全距離","Y000","YZ00",1,2,2012-05-14,"伯玉路二段","","金門縣金寧鄉金民加油站前","118.3416148","24.4414563"
10105,"10105Y00020017","YZA1","10105YZ000025",2012,5,19,0,52,"金門縣","金城鎮","",NA,"金山路","","",NA,"","","","","","金門縣議會前路段",NA,NA,NA,NA,NA,NA,NA,NA,NA,0,1,0,"雨","夜間（或隧道、地下道、涵洞）有照明","村里道路",50,"彎曲路及附近","一般車道（未劃分快慢車道）","柏油","濕潤","無缺陷","無障礙物","良好","無號誌","無號誌","無標記","未繪設車道線","未繪設快慢車道分隔線","有","路上翻車、摔倒","未依規定減速","Y000","YZ00",1,2,2012-05-19,"金山路","","金門縣金城鎮金門縣議會前路段","118.3277754","24.4167689"
10105,"10105Y00020018","YZA1","10105YZ000026",2012,5,19,16,12,"金門縣","金城鎮","",NA,"民權路","","70",8,"","","","","","前路口",NA,NA,NA,NA,NA,NA,NA,NA,NA,0,1,0,"雨","日間自然光線","村里道路",40,"三岔路","交岔路口內","柏油","濕潤","無缺陷","無障礙物","彎道","無號誌","無號誌","無分向設施","未繪設車道線","未繪設快慢車道分隔線","無","同向擦撞","未注意車前狀態","Y000","YZ00",1,2,2012-05-19,"民權路70巷8弄","","金門縣金城鎮前路口","118.3123941","24.4339416"
10105,"10105Y00030002","YZA1","10105YZ000027",2012,5,21,16,58,"金門縣","金城鎮","",NA,"民權路","","",NA,"182","","","","","中華電信前停車格",NA,NA,NA,NA,NA,NA,NA,NA,NA,0,0,0,"晴","日間自然光線","縣道",40,"其他","其他","其他鋪裝","乾燥","無缺陷","無障礙物","良好","無號誌","無號誌","無分向設施","未繪設車道線","未繪設快慢車道分隔線","無","倒車撞","倒車未依規定","Y000","YZ00",1,3,2012-05-21,"民權路182號","","金門縣金城鎮中華電信前停車格","118.3192898","24.4381016"
10105,"10105Y00020023","YZA1","10105YZ000028",2012,5,21,19,15,"金門縣","金城鎮","北門里",NA,"","","",NA,"","","","","","中環路13035號路燈桿",NA,NA,NA,NA,NA,NA,NA,NA,NA,0,1,0,"晴","夜間（或隧道、地下道、涵洞）有照明","村里道路",40,"彎曲路及附近","一般車道（未劃分快慢車道）","柏油","乾燥","無缺陷","無障礙物","彎道","無號誌","無號誌","無分向設施","未繪設車道線","未繪設快慢車道分隔線","無","對向擦撞","未保持行車安全間隔","Y000","YZ00",1,2,2012-05-21,"金門縣金城鎮北門里中環路13035號路燈桿","","金門縣金城鎮北門里中環路13035號路燈桿","118.324816","24.440719"
10105,"10105Y00020024","YZA1","10105YZ000029",2012,5,22,20,55,"金門縣","金城鎮","東門里",NA,"環島西路","一","",NA,"","","","","","03795號路燈桿",NA,NA,NA,NA,NA,NA,NA,NA,NA,0,1,0,"晴","夜間（或隧道、地下道、涵洞）有照明","村里道路",40,"直路","一般車道（未劃分快慢車道）","柏油","乾燥","無缺陷","無障礙物","良好","無號誌","無號誌","附標記","未繪設車道線","未繪設快慢車道分隔線","有","追撞","未注意車前狀態","Y000","YZ00",1,2,2012-05-22,"環島西路一段","","金門縣金城鎮東門里03795號路燈桿","118.3184801","24.4172073"
10105,"10105Y00020026","YZA1","10105YZ000032",2012,5,26,20,50,"金門縣","金城鎮","",NA,"西海路","三","",NA,"","","","","","石雕公園旁路口",NA,NA,NA,NA,NA,NA,NA,NA,NA,0,2,0,"陰","夜間（或隧道、地下道、涵洞）有照明","村里道路",50,"三岔路","交岔路口內","柏油","乾燥","無缺陷","無障礙物","良好","閃光號誌","正常","無分向設施","未繪設車道線","未繪設快慢車道分隔線","有","側撞","未依規定讓車","Y000","YZ00",1,2,2012-05-26,"西海路三段","","金門縣金城鎮石雕公園旁路口","118.3124964","24.4226194"
10105,"10105Y00020027","YZA1","10105YZ000033",2012,5,27,19,48,"金門縣","金城鎮","",NA,"民生路","","",NA,"","","","","","民權路口",NA,NA,NA,NA,NA,NA,NA,NA,NA,0,2,0,"雨","夜間（或隧道、地下道、涵洞）有照明","村里道路",40,"四岔路","交岔路口內","柏油","濕潤","無缺陷","無障礙物","良好","行車管制號誌（附設行人專用號誌）","正常","無分向設施","未繪設車道線","未繪設快慢車道分隔線","有","穿越道路中","搶越行人穿越道","Y000","YZ00",1,2,2012-05-27,"民生路","","金門縣金城鎮民權路口","118.3190184","24.43575"
10105,"10105Y00020028","YZA1","10105YZ000034",2012,5,28,11,20,"金門縣","金寧鄉","",NA,"桃園路","","",NA,"","","","","","東洲路口",NA,NA,NA,NA,NA,NA,NA,NA,NA,0,1,0,"晴","日間自然光線","村里道路",50,"四岔路","交岔口附近","柏油","乾燥","突出（高低）不平","道路工事（程）中","良好","行車管制號誌","正常","無標記","未繪設車道線","未繪設快慢車道分隔線","有","同向擦撞","未保持行車安全間隔","Y000","YZ00",1,2,2012-05-28,"桃園路","","金門縣金寧鄉東洲路口","118.3446627","24.4317794"
10105,"10105Y00020022","YZA1","10105YZ000035",2012,5,12,14,45,"金門縣","金城鎮","",NA,"環島西路","三","",NA,"","","","","","統一超商前路段",NA,NA,NA,NA,NA,NA,NA,NA,NA,0,1,0,"晴","日間自然光線","村里道路",50,"直路","一般車道（未劃分快慢車道）","柏油","乾燥","無缺陷","無障礙物","良好","無號誌","無號誌","附標記","未繪設車道線","未繪設快慢車道分隔線","有","倒車撞","倒車未依規定","Y000","YZ00",1,2,2012-05-12,"環島西路三段","","金門縣金城鎮統一超商前路段","118.3148723","24.4566699"
10105,"10105Y00020031","YZA1","10105YZ000037",2012,5,29,11,30,"金門縣","金城鎮","",NA,"環島西路","一","",NA,"","","北堤路","","","",NA,NA,NA,NA,NA,NA,NA,NA,NA,0,1,0,"晴","日間自然光線","村里道路",40,"四岔路","交岔路口內","柏油","乾燥","無缺陷","無障礙物","良好","行車管制號誌","正常","無標記","未繪設車道線","未繪設快慢車道分隔線","有","其他","未注意車前狀態","Y000","YZ00",1,2,2012-05-29,"環島西路一段","北堤路","","118.3213944","24.42983234"
10105,"","YZA1","10105YZ000039",2012,5,13,11,15,"金門縣","金寧鄉","",NA,"環島北路","二","",NA,"","","","","","后沙路段",NA,NA,NA,NA,NA,NA,NA,NA,NA,0,0,0,NA,NA,NA,0,NA,NA,NA,NA,NA,NA,NA,NA,NA,NA,NA,NA,NA,NA,NA,"Y000","YZ00",1,4,2012-05-13,"環島北路二段","","金門縣金寧鄉后沙路段","118.3537405","24.452631"
10105,"10105Y00020034","YZA1","10105YZ000042",2012,5,31,6,50,"金門縣","金城鎮","",NA,"西海路","三","",NA,"74","","","","","路口",NA,NA,NA,NA,NA,NA,NA,NA,NA,0,1,0,"陰","日間自然光線","村里道路",50,"三岔路","交岔路口內","柏油","乾燥","無缺陷","無障礙物","良好","無號誌","無號誌","無分向設施","未繪設車道線","未繪設快慢車道分隔線","有","側撞","未依規定讓車","Y000","YZ00",1,2,2012-05-31,"西海路三段74號","","金門縣金城鎮路口","118.3124964","24.4226194"
10105,"","YZA1","10105YZ000047",2012,5,28,20,37,"金門縣","金城鎮","",NA,"中興路","","139",NA,"11","","","","","",NA,NA,NA,NA,NA,NA,NA,NA,NA,0,0,0,"陰","夜間（或隧道、地下道、涵洞）有照明","村里道路",40,"巷弄","其他","其他鋪裝","乾燥","無缺陷","無障礙物","良好","無號誌","無號誌","無分向設施","未繪設車道線","未繪設快慢車道分隔線","有","撞橋樑、建築物","倒車未依規定","Y000","YZ00",3,3,2012-05-28,"中興路139巷11號","","金門縣金城鎮","118.3164312","24.4323161"
10106,"10106Y00020001","YYA1","10106YY000001",2012,6,1,7,15,"金門縣","金湖鎮","",NA,"環島北路","三","",NA,"","","瓊義路","","南","",NA,NA,NA,NA,NA,NA,NA,NA,NA,0,1,0,"晴","日間自然光線","村里道路",60,"圓環","一般車道（未劃分快慢車道）","柏油","乾燥","無缺陷","無障礙物","良好","閃光號誌","正常","無分向設施","車道線（無標記）","未繪設快慢車道分隔線","有","其他","未依規定讓車","Y000","YY00",1,2,2012-06-01,"環島北路三段","瓊義路","","118.3705119","24.45582976"
10106,"10106Y00020002","YYA1","10106YY000002",2012,6,1,8,13,"金門縣","金湖鎮","",NA,"環島東路","三","",NA,"","","","","","林務所前",NA,NA,NA,NA,NA,NA,NA,NA,NA,0,1,0,"晴","日間自然光線","村里道路",60,"三岔路","交岔路口內","柏油","乾燥","無缺陷","無障礙物","良好","無號誌","無號誌","無分向設施","未繪設車道線","未繪設快慢車道分隔線","有","側撞","未依規定讓車","Y000","YY00",1,2,2012-06-01,"環島東路三段","","金門縣金湖鎮林務所前","118.4412269","24.4597558"
10106,"10106Y00020003","YYA1","10106YY000003",2012,6,1,11,20,"金門縣","金沙鎮","西園里",NA,"沙青路","","",NA,"","","","","","浯坑路口",NA,NA,NA,NA,NA,NA,NA,NA,NA,0,1,0,"晴","日間自然光線","村里道路",60,"三岔路","交岔口附近","柏油","乾燥","無缺陷","無障礙物","良好","無號誌","無號誌","無標記","未繪設車道線","未繪設快慢車道分隔線","有","追撞","未保持行車安全距離","Y000","YY00",1,2,2012-06-01,"沙青路","","金門縣金沙鎮西園里浯坑路口","118.4130838","24.5066188"
10106,"10106Y00030001","YYA1","10106YY000005",2012,6,2,8,10,"金門縣","金湖鎮","山外里",NA,"新生街","","",NA,"","","","","","34號前",NA,NA,NA,NA,NA,NA,NA,NA,NA,0,0,0,"晴","日間自然光線","村里道路",40,"巷弄","一般車道（未劃分快慢車道）","柏油","乾燥","無缺陷","無障礙物","彎道","無號誌","無號誌","無分向設施","未繪設車道線","未繪設快慢車道分隔線","無","同向擦撞","未注意車前狀態","Y000","YY00",1,3,2012-06-02,"新生街","","金門縣金湖鎮山外里34號前","118.4258311","24.4517164"
10106,"10106Y00030003","YYA1","10106YY000006",2012,6,2,14,11,"金門縣","金湖鎮","",NA,"太湖路","一","",NA,"","","","","","南隘營區往TP15五十公尺處",NA,NA,NA,NA,NA,NA,NA,NA,NA,0,0,0,"晴","日間自然光線","村里道路",50,"直路","一般車道（未劃分快慢車道）","柏油","乾燥","無缺陷","道路工事（程）中","良好","無號誌","無號誌","無標記","未繪設車道線","未繪設快慢車道分隔線","有","追撞","酒醉（後）駕駛失控","Y000","YY00",1,3,2012-06-02,"太湖路一段","","金門縣金湖鎮南隘營區往TP15五十公尺處","118.4047483","24.4473343"
10106,"10106Y00020007","YYA1","10106YY000009",2012,6,3,17,47,"金門縣","金湖鎮","",NA,"環島南路","四","",NA,"","","","","","成功路口",NA,NA,NA,NA,NA,NA,NA,NA,NA,0,2,0,"晴","日間自然光線","村里道路",50,"三岔路","交岔路口內","柏油","乾燥","無缺陷","無障礙物","良好","行車管制號誌","正常","無分向設施","未繪設車道線","未繪設快慢車道分隔線","有","側撞","未依規定讓車","Y000","YY00",1,2,2012-06-03,"環島南路四段","","金門縣金湖鎮成功路口","118.40101","24.438041"
10106,"10106Y00030004","YYA1","10106YY000016",2012,6,6,17,55,"金門縣","金沙鎮","",NA,"陽沙路","","",NA,"","","","","","01722路燈路段舊碧山靶場旁",NA,NA,NA,NA,NA,NA,NA,NA,NA,0,0,0,"晴","日間自然光線","村里道路",50,"直路","一般車道（未劃分快慢車道）","柏油","乾燥","無缺陷","無障礙物","良好","無號誌","無號誌","無標記","未繪設車道線","未繪設快慢車道分隔線","有","撞動物","動物竄出","Y000","YY00",1,3,2012-06-06,"陽沙路","","金門縣金沙鎮01722路燈路段舊碧山靶場旁","118.432385","24.4814738"
10106,"10106Y00020014","YYA1","10106YY000017",2012,6,7,6,51,"金門縣","金湖鎮","瓊林里",NA,"","","",NA,"","","","","","伯玉路中山路路口",NA,NA,NA,NA,NA,NA,NA,NA,NA,0,1,0,"晴","日間自然光線","村里道路",70,"四岔路","交岔路口內","柏油","乾燥","無缺陷","無障礙物","良好","閃光號誌","正常","無分向設施","未繪設車道線","未繪設快慢車道分隔線","有","路口交岔撞","未依規定讓車","Y000","YY00",1,2,2012-06-07,"金門縣金湖鎮瓊林里伯玉路中山路路口","","金門縣金湖鎮瓊林里伯玉路中山路路口","118.364975","24.4413821"
10106,"10106Y00020018","YYA1","10106YY000025",2012,6,11,18,20,"金門縣","金沙鎮","",NA,"環島北路","三","",NA,"688","","","","","",NA,NA,NA,NA,NA,NA,NA,NA,NA,0,1,0,"雨","日間自然光線","村里道路",60,"四岔路","交岔口附近","柏油","濕潤","無缺陷","無障礙物","良好","無號誌","無號誌","附標記","未繪設車道線","未繪設快慢車道分隔線","有","撞路樹、電桿","未注意車前狀態","Y000","YY00",1,2,2012-06-11,"環島北路三段688號","","金門縣金沙鎮","118.388325","24.466263"
10106,"10106Y00020019","YYA1","10106YY000026",2012,6,11,18,55,"金門縣","金沙鎮","",NA,"環島北路","三","",NA,"","","","","","與高陽路口",NA,NA,NA,NA,NA,NA,NA,NA,NA,0,1,0,"陰","夜間（或隧道、地下道、涵洞）有照明","村里道路",60,"三岔路","交岔路口內","柏油","濕潤","無缺陷","無障礙物","良好","無號誌","無號誌","無分向設施","未繪設車道線","未繪設快慢車道分隔線","無","同向擦撞","右轉彎未依規定","Y000","YY00",1,2,2012-06-11,"環島北路三段","","金門縣金沙鎮與高陽路口","118.388325","24.466263"
10106,"10106Y00020020","YYA1","10106YY000028",2012,6,12,17,35,"金門縣","金湖鎮","",NA,"太湖路","三","",NA,"","","三多路","","","",NA,NA,NA,NA,NA,NA,NA,NA,NA,0,1,0,"陰","日間自然光線","村里道路",50,"四岔路","交岔路口內","柏油","濕潤","無缺陷","無障礙物","良好","閃光號誌","正常","無分向設施","未繪設車道線","未繪設快慢車道分隔線","有","側撞","未依規定讓車","Y000","YY00",1,2,2012-06-12,"太湖路三段","三多路","","118.432002","24.43468829"
10106,"10106Y00020021","YYA1","10106YY000029",2012,6,15,8,29,"金門縣","金湖鎮","新湖里",NA,"太湖路","一","",NA,"","","","","","208號之48旁路口",NA,NA,NA,NA,NA,NA,NA,NA,NA,0,1,0,"晴","日間自然光線","村里道路",50,"三岔路","交岔路口內","柏油","乾燥","無缺陷","無障礙物","良好","無號誌","無號誌","無分向設施","未繪設車道線","未繪設快慢車道分隔線","無","側撞","左轉彎未依規定","Y000","YY00",1,2,2012-06-15,"太湖路一段","","金門縣金湖鎮新湖里208號之48旁路口","118.4047483","24.4473343"
10106,"10106Y00020022","YYA1","10106YY000031",2012,6,16,21,23,"金門縣","金沙鎮","汶沙里",NA,"環島東路","一","",NA,"","","","","","國中路路口",NA,NA,NA,NA,NA,NA,NA,NA,NA,0,1,0,"雨","夜間（或隧道、地下道、涵洞）有照明","村里道路",50,"四岔路","交岔路口內","柏油","濕潤","無缺陷","無障礙物","良好","無號誌","無號誌","無分向設施","未繪設車道線","未繪設快慢車道分隔線","有","側撞","未依規定讓車","Y000","YY00",1,2,2012-06-16,"環島東路一段","","金門縣金沙鎮汶沙里國中路路口","118.4213083","24.4841071"