"年月","總編號","處理單位","處理編號","年","月","日","時","分","縣市","區","村里","鄰","街道","段","巷","弄","號","公尺處","街道.1","段.1","側","附近","道路","公里","公尺處.1","向","車道","平交道","公里.1","公尺處.2","附近.1","死","受傷","X2.30","天候","光線","道路類別","速限","道路型態","事故位置","路面鋪裝","路面狀態","路面缺陷","障礙物","視距","號誌種類","號誌動作","分向設施","快車道或一般車道間","快慢車道間","路面邊線","事故類型及型態","主要肇因","警局","分局","案件類別","事故類別","日期","道路1","道路2","概略位置","lon","lat"
10106,"10106Y00020026","YYA1","10106YY000035",2012,6,18,16,20,"金門縣","金湖鎮","",NA,"伯玉路","四","",NA,"","","瓊義路","","東","",NA,NA,NA,NA,NA,NA,NA,NA,NA,0,1,0,"晴","日間自然光線","村里道路",60,"四岔路","穿越道附近","柏油","乾燥","無缺陷","無障礙物","良好","行車管制號誌","正常","無分向設施","未繪設車道線","未繪設快慢車道分隔線","有","穿越道路中","搶越行人穿越道","Y000","YY00",1,2,2012-06-18,"伯玉路四段","瓊義路","","118.3764902","24.44678396"
10106,"10106Y00020035","YYA1","10106YY000047",2012,6,28,17,22,"金門縣","金湖鎮","新市里",NA,"","","",NA,"","","","","","圓環內",NA,NA,NA,NA,NA,NA,NA,NA,NA,0,1,0,"晴","日間自然光線","村里道路",50,"圓環","其他","柏油","乾燥","無缺陷","無障礙物","良好","閃光號誌","正常","無分向設施","車道線（無標記）","未繪設快慢車道分隔線","有","側撞","未注意車前狀態","Y000","YY00",1,2,2012-06-28,"金門縣金湖鎮新市里圓環內","","金門縣金湖鎮新市里圓環內","118.417204","24.43962"
10106,"10106Y00020037","YYA1","10106YY000049",2012,6,28,22,8,"金門縣","金沙鎮","何斗里",NA,"環島北路","三","",NA,"","","","","","斗門路口內",NA,NA,NA,NA,NA,NA,NA,NA,NA,0,1,0,"晴","夜間（或隧道、地下道、涵洞）有照明","村里道路",60,"四岔路","交岔路口內","柏油","乾燥","無缺陷","無障礙物","良好","閃光號誌","正常","無分向設施","未繪設車道線","未繪設快慢車道分隔線","有","路口交岔撞","未依規定讓車","Y000","YY00",1,2,2012-06-28,"環島北路三段","","金門縣金沙鎮何斗里斗門路口內","118.388325","24.466263"
10106,"10106Y00020039","YYA1","10106YY000050",2012,6,29,12,0,"金門縣","金沙鎮","",NA,"環島北路","三","",NA,"","","","","","屠宰場路段07101號燈桿",NA,NA,NA,NA,NA,NA,NA,NA,NA,0,1,0,"晴","日間自然光線","村里道路",60,"四岔路","交岔路口內","柏油","乾燥","無缺陷","無障礙物","良好","無號誌","無號誌","附標記","未繪設車道線","未繪設快慢車道分隔線","有","側撞","未依規定讓車","Y000","YY00",1,2,2012-06-29,"環島北路三段","","金門縣金沙鎮屠宰場路段07101號燈桿","118.388325","24.466263"
10106,"10106Y00030006","YYA1","10106YY000053",2012,6,29,23,39,"金門縣","金沙鎮","",NA,"環島東路","二","",NA,"","","","","","1154號路燈桿前",NA,NA,NA,NA,NA,NA,NA,NA,NA,0,0,0,"雨","夜間（或隧道、地下道、涵洞）無照明","村里道路",50,"直路","一般車道（未劃分快慢車道）","柏油","濕潤","無缺陷","無障礙物","良好","無號誌","無號誌","無標記","未繪設車道線","未繪設快慢車道分隔線","有","撞路樹、電桿","未注意車前狀態","Y000","YY00",1,3,2012-06-29,"環島東路二段","","金門縣金沙鎮1154號路燈桿前","118.4328094","24.4713308"
10106,"10106Y00030007","YYA1","10106YY000054",2012,6,30,6,51,"金門縣","金沙鎮","",NA,"成功路","","",NA,"","","","","","金沙國小大門前路段",NA,NA,NA,NA,NA,NA,NA,NA,NA,0,0,0,"晴","日間自然光線","村里道路",50,"直路","一般車道（未劃分快慢車道）","柏油","乾燥","無缺陷","無障礙物","良好","無號誌","無號誌","附標記","未繪設車道線","未繪設快慢車道分隔線","有","追撞","未保持行車安全距離","Y000","YY00",1,3,2012-06-30,"成功路","","金門縣金沙鎮金沙國小大門前路段","118.4114288","24.4898024"
10106,"10106Y00020004","YZA1","10106YZ000004",2012,6,1,22,15,"金門縣","金寧鄉","",NA,"","","",NA,"","","","","","榜林圓環",NA,NA,NA,NA,NA,NA,NA,NA,NA,0,1,0,"晴","夜間（或隧道、地下道、涵洞）有照明","村里道路",60,"圓環","一般車道（未劃分快慢車道）","柏油","乾燥","無缺陷","無障礙物","良好","無號誌","無號誌","無分向設施","車道線（無標記）","未繪設快慢車道分隔線","有","追撞","未保持行車安全距離","Y000","YZ00",1,2,2012-06-01,"金門縣金寧鄉榜林圓環","","金門縣金寧鄉榜林圓環","118.330294","24.438568"
10106,"10106Y00020005","YZA1","10106YZ000007",2012,6,2,12,4,"金門縣","金寧鄉","",NA,"環島西路","二","",NA,"","","","","南","救國團後方13169路燈",NA,NA,NA,NA,NA,NA,NA,NA,NA,0,1,0,"晴","日間自然光線","縣道",30,"三岔路","交岔口附近","柏油","乾燥","無缺陷","無障礙物","良好","無號誌","無號誌","附標記","車道線（附標記）","未繪設快慢車道分隔線","有","同向擦撞","右轉彎未依規定","Y000","YZ00",1,2,2012-06-02,"環島西路二段","","金門縣金寧鄉救國團後方13169路燈","118.3148723","24.4566699"
10106,"10106Y00030002","YZA1","10106YZ000008",2012,6,2,13,10,"金門縣","金城鎮","",NA,"民權路","","",NA,"","","","","","金城新莊7巷20號旁",NA,NA,NA,NA,NA,NA,NA,NA,NA,0,0,0,"晴","日間自然光線","村里道路",50,"四岔路","交岔路口內","柏油","乾燥","無缺陷","無障礙物","良好","無號誌","無號誌","無分向設施","未繪設車道線","未繪設快慢車道分隔線","有","路口交岔撞","未依規定讓車","Y000","YZ00",1,3,2012-06-02,"民權路","","金門縣金城鎮金城新莊7巷20號旁","118.3168946","24.4355379"
10106,"10106Y00020006","YZA1","10106YZ000010",2012,6,3,12,48,"金門縣","金城鎮","",NA,"西海路","三","",NA,"37","","","","","03684路燈桿前",NA,NA,NA,NA,NA,NA,NA,NA,NA,0,2,0,"晴","日間自然光線","縣道",50,"三岔路","交岔口附近","柏油","乾燥","無缺陷","其他障礙物","良好","無號誌","無號誌","無標記","未繪設車道線","未繪設快慢車道分隔線","有","側撞","貨物超長、寬、高而肇事","Y000","YZ00",1,2,2012-06-03,"西海路三段37號","","金門縣金城鎮03684路燈桿前","118.3124964","24.4226194"
10106,"10106Y00020008","YZA1","10106YZ000011",2012,6,3,19,18,"金門縣","金寧鄉","安美村",NA,"環島西路","二","",NA,"","","瓊安路","","","",NA,NA,NA,NA,NA,NA,NA,NA,NA,0,1,0,"晴","夜間（或隧道、地下道、涵洞）有照明","鄉道",50,"三岔路","交岔路口內","柏油","乾燥","無缺陷","無障礙物","彎道","閃光號誌","正常","無分向設施","未繪設車道線","未繪設快慢車道分隔線","有","側撞","未依規定讓車","Y000","YZ00",1,2,2012-06-03,"環島西路二段","瓊安路","","118.3159615","24.45372536"
10106,"10106Y00020010","YZA1","10106YZ000012",2012,6,4,10,53,"金門縣","金寧鄉","",NA,"伯玉路","","",NA,"","","","","","00523號燈前",NA,NA,NA,NA,NA,NA,NA,NA,NA,0,1,0,"晴","日間自然光線","村里道路",40,"巷弄","一般車道（未劃分快慢車道）","水泥","乾燥","無缺陷","無障礙物","良好","無號誌","無號誌","無分向設施","未繪設車道線","未繪設快慢車道分隔線","無","側撞","未依規定讓車","Y000","YZ00",1,2,2012-06-04,"伯玉路","","金門縣金寧鄉00523號燈前","118.3267756","24.4346914"
10106,"10106Y00020009","YZA1","10106YZ000013",2012,6,4,8,25,"金門縣","金城鎮","",NA,"民權路","","",NA,"","","","","","民族路口",NA,NA,NA,NA,NA,NA,NA,NA,NA,0,1,0,"晴","日間自然光線","村里道路",50,"三岔路","交岔路口內","柏油","乾燥","無缺陷","無障礙物","良好","無號誌","無號誌","無分向設施","未繪設車道線","未繪設快慢車道分隔線","有","路上翻車、摔倒","未依規定減速","Y000","YZ00",1,2,2012-06-04,"民權路","","金門縣金城鎮民族路口","118.3168946","24.4355379"
10106,"10106Y00020012","YZA1","10106YZ000014",2012,6,5,18,40,"金門縣","金寧鄉","",NA,"伯玉路","二","",NA,"","","","","","00217燈桿旁路段",NA,NA,NA,NA,NA,NA,NA,NA,NA,0,1,0,"陰","夜間（或隧道、地下道、涵洞）有照明","鄉道",70,"直路","一般車道（未劃分快慢車道）","柏油","乾燥","無缺陷","無障礙物","良好","無號誌","無號誌","附標記","未繪設車道線","快慢車道分隔線","有","撞橋樑、建築物","未注意車前狀態","Y000","YZ00",1,2,2012-06-05,"伯玉路二段","","金門縣金寧鄉00217燈桿旁路段","118.3416148","24.4414563"
10106,"10106Y00020013","YZA1","10106YZ000015",2012,6,6,12,16,"金門縣","金寧鄉","",NA,"大學路","","",NA,"","","","","","環島西路2段往校內第2支燈桿旁路段",NA,NA,NA,NA,NA,NA,NA,NA,NA,0,5,0,"晴","日間自然光線","其他",40,"三岔路","交岔口附近","柏油","乾燥","無缺陷","無障礙物","良好","無號誌","無號誌","寬式（50公分以上）","未繪設車道線","未繪設快慢車道分隔線","有","追撞","違規超車","Y000","YZ00",1,2,2012-06-06,"大學路","","金門縣金寧鄉環島西路2段往校內第2支燈桿旁路段","118.325279","24.4466751"
10106,"10106Y00020011","YZA1","10106YZ000018",2012,6,5,6,40,"金門縣","金城鎮","",NA,"環島西路","一","",NA,"","","","","","03587燈桿前",NA,NA,NA,NA,NA,NA,NA,NA,NA,0,1,0,"晴","日間自然光線","縣道",50,"彎曲路及附近","一般車道（未劃分快慢車道）","柏油","乾燥","無缺陷","無障礙物","良好","無號誌","無號誌","無標記","未繪設車道線","未繪設快慢車道分隔線","有","衝出路外","未依規定減速","Y000","YZ00",1,2,2012-06-05,"環島西路一段","","金門縣金城鎮03587燈桿前","118.3184801","24.4172073"
10106,"","YZA1","10106YZ000019",2012,6,7,16,45,"金門縣","金寧鄉","榜林村",NA,"環島南路","一","",NA,"","","東湖路","","","",NA,NA,NA,NA,NA,NA,NA,NA,NA,0,0,0,NA,NA,NA,0,NA,NA,NA,NA,NA,NA,NA,NA,NA,NA,NA,NA,NA,NA,NA,"Y000","YZ00",1,4,2012-06-07,"環島南路一段","東湖路","","118.3388096","24.4228996"
10106,"10106Y00020015","YZA1","10106YZ000020",2012,6,8,12,14,"金門縣","金城鎮","",NA,"珠浦西路","","50",8,"","","","","","巷口前路段",NA,NA,NA,NA,NA,NA,NA,NA,NA,0,1,0,"晴","日間自然光線","村里道路",40,"直路","一般車道（未劃分快慢車道）","水泥","乾燥","無缺陷","無障礙物","良好","無號誌","無號誌","無標記","未繪設車道線","未繪設快慢車道分隔線","有","路上翻車、摔倒","未注意車前狀態","Y000","YZ00",1,2,2012-06-08,"珠浦西路50巷8弄","","金門縣金城鎮巷口前路段","118.3147803","24.4384226"
10106,"10106Y00020042","YZA1","10106YZ000021",2012,6,8,10,12,"金門縣","烈嶼鄉","",NA,"八青路","","",NA,"","","","","","09011燈桿旁路口",NA,NA,NA,NA,NA,NA,NA,NA,NA,0,1,0,"晴","日間自然光線","村里道路",60,"三岔路","交岔路口內","柏油","乾燥","無缺陷","無障礙物","良好","無號誌","無號誌","無分向設施","未繪設車道線","未繪設快慢車道分隔線","有","同向擦撞","未注意車前狀態","Y000","YZ00",1,2,2012-06-08,"八青路","","金門縣烈嶼鄉09011燈桿旁路口","118.2364682","24.422863"
10106,"10106Y00020016","YZA1","10106YZ000022",2012,6,8,16,3,"金門縣","烈嶼鄉","林湖村",NA,"","","",NA,"","","","","","西路151號前路段",NA,NA,NA,NA,NA,NA,NA,NA,NA,0,2,0,"晴","日間自然光線","村里道路",60,"四岔路","交岔口附近","柏油","乾燥","無缺陷","無障礙物","良好","無號誌","無號誌","無標記","未繪設車道線","未繪設快慢車道分隔線","有","側撞","未注意車前狀態","Y000","YZ00",1,2,2012-06-08,"金門縣烈嶼鄉林湖村西路151號前路段","","金門縣烈嶼鄉林湖村西路151號前路段","118.244572","24.431787"
10106,"10106Y00020017","YZA1","10106YZ000023",2012,6,9,13,50,"金門縣","金寧鄉","",NA,"伯玉路","一","",NA,"238","","","","","譽都汽車路段",NA,NA,NA,NA,NA,NA,NA,NA,NA,0,1,0,"晴","日間自然光線","村里道路",60,"彎曲路及附近","一般車道（未劃分快慢車道）","柏油","乾燥","無缺陷","無障礙物","良好","無號誌","無號誌","附標記","未繪設車道線","未繪設快慢車道分隔線","有","路上翻車、摔倒","酒醉（後）駕駛失控","Y000","YZ00",1,2,2012-06-09,"伯玉路一段238號","","金門縣金寧鄉譽都汽車路段","118.3267756","24.4346914"
10106,"10106Y00030005","YZA1","10106YZ000024",2012,6,10,23,0,"金門縣","金寧鄉","",NA,"環島北路","二","",NA,"","","","","","07158號燈桿前",NA,NA,NA,NA,NA,NA,NA,NA,NA,0,0,0,"晴","夜間（或隧道、地下道、涵洞）有照明","村里道路",60,"直路","一般車道（未劃分快慢車道）","柏油","乾燥","無缺陷","無障礙物","良好","無號誌","無號誌","附標記","未繪設車道線","未繪設快慢車道分隔線","有","撞護欄（樁）","酒醉（後）駕駛失控","Y000","YZ00",1,3,2012-06-10,"環島北路二段","","金門縣金寧鄉07158號燈桿前","118.3537405","24.452631"
10106,"","YZA1","10106YZ000027",2012,6,12,11,45,"金門縣","金寧鄉","",NA,"頂林路","","",NA,"","","","","","安岐94號前路段",NA,NA,NA,NA,NA,NA,NA,NA,NA,0,0,0,"晴","日間自然光線","村里道路",60,"直路","一般車道（未劃分快慢車道）","柏油","乾燥","無缺陷","無障礙物","良好","無號誌","無號誌","無標記","未繪設車道線","未繪設快慢車道分隔線","有","對向擦撞","未保持行車安全間隔","Y000","YZ00",1,4,2012-06-12,"頂林路","","金門縣金寧鄉安岐94號前路段","118.3246113","24.4625018"
10106,"10106Y00020043","YZA1","10106YZ000030",2012,6,16,1,18,"金門縣","金寧鄉","",NA,"伯玉路","一","220",NA,"6","","","","","後方產業道路",NA,NA,NA,NA,NA,NA,NA,NA,NA,0,1,0,"陰","夜間（或隧道、地下道、涵洞）無照明","其他",40,"直路","一般車道（未劃分快慢車道）","水泥","乾燥","無缺陷","無障礙物","良好","無號誌","無號誌","無分向設施","未繪設車道線","未繪設快慢車道分隔線","無","路上翻車、摔倒","未注意車前狀態","Y000","YZ00",1,2,2012-06-16,"伯玉路一段220巷6號","","金門縣金寧鄉後方產業道路","118.3267756","24.4346914"
10106,"10106Y00020023","YZA1","10106YZ000032",2012,6,17,17,0,"金門縣","金城鎮","",NA,"環島南路","一","",NA,"120","","","","","",NA,NA,NA,NA,NA,NA,NA,NA,NA,0,0,1,"晴","日間自然光線","村里道路",60,"四岔路","交岔路口內","柏油","乾燥","無缺陷","無障礙物","良好","無號誌","無號誌","無分向設施","未繪設車道線","未繪設快慢車道分隔線","有","路口交岔撞","未依規定讓車","Y000","YZ00",1,2,2012-06-17,"環島南路一段120號","","金門縣金城鎮","118.3345375","24.4189091"
10106,"10106Y00020024","YZA1","10106YZ000033",2012,6,18,7,20,"金門縣","金城鎮","",NA,"珠浦西路","","",NA,"60","","","","","",NA,NA,NA,NA,NA,NA,NA,NA,NA,0,1,0,"晴","日間自然光線","村里道路",40,"直路","一般車道（未劃分快慢車道）","柏油","乾燥","無缺陷","無障礙物","良好","無號誌","無號誌","無標記","未繪設車道線","未繪設快慢車道分隔線","有","倒車撞","倒車未依規定","Y000","YZ00",1,2,2012-06-18,"珠浦西路60號","","金門縣金城鎮","118.3147803","24.4384226"
10106,"10106Y00020025","YZA1","10106YZ000034",2012,6,18,11,28,"金門縣","金城鎮","",NA,"民權路","","",NA,"196","","","","","",NA,NA,NA,NA,NA,NA,NA,NA,NA,0,2,0,"晴","日間自然光線","縣道",40,"四岔路","交岔口附近","柏油","乾燥","無缺陷","無障礙物","良好","無號誌","無號誌","無分向設施","未繪設車道線","未繪設快慢車道分隔線","有","穿越道路中","搶越行人穿越道","Y000","YZ00",1,2,2012-06-18,"民權路196號","","金門縣金城鎮","118.3198221","24.4386597"
10106,"10106Y00020027","YZA1","10106YZ000036",2012,6,18,17,22,"金門縣","金城鎮","",NA,"環島北路","一","38",2,"11","","","","","十字路口",NA,NA,NA,NA,NA,NA,NA,NA,NA,0,1,0,"晴","日間自然光線","村里道路",40,"四岔路","交岔路口內","水泥","乾燥","無缺陷","無障礙物","良好","無號誌","無號誌","無分向設施","未繪設車道線","未繪設快慢車道分隔線","有","路口交岔撞","未依規定讓車","Y000","YZ00",1,2,2012-06-18,"環島北路一段38巷2弄11號","","金門縣金城鎮十字路口","118.3283226","24.4462231"
10106,"10106Y00020028","YZA1","10106YZ000037",2012,6,19,12,0,"金門縣","金城鎮","",NA,"民生路","","",NA,"21","","","","","",NA,NA,NA,NA,NA,NA,NA,NA,NA,0,2,0,"陰","日間自然光線","鄉道",40,"四岔路","交岔路口內","柏油","乾燥","無缺陷","無障礙物","良好","無號誌","無號誌","無分向設施","未繪設車道線","未繪設快慢車道分隔線","有","側撞","右轉彎未依規定","Y000","YZ00",1,2,2012-06-19,"民生路21號","","金門縣金城鎮","118.3190184","24.43575"
10106,"","YZA1","10106YZ000038",2012,6,19,16,15,"金門縣","金城鎮","",NA,"民權路","","",NA,"172","","","","","路段",NA,NA,NA,NA,NA,NA,NA,NA,NA,0,0,0,"晴","日間自然光線","村里道路",40,"四岔路","交岔口附近","柏油","乾燥","無缺陷","無障礙物","良好","行車管制號誌","正常","附標記","未繪設車道線","未繪設快慢車道分隔線","有","側撞","左轉彎未依規定","Y000","YZ00",1,4,2012-06-19,"民權路172號","","金門縣金城鎮路段","118.3182819","24.4370451"
10106,"10106Y00020029","YZA1","10106YZ000039",2012,6,19,13,30,"金門縣","金寧鄉","",NA,"","","",NA,"","","","","","下埔下91號前路口",NA,NA,NA,NA,NA,NA,NA,NA,NA,0,1,0,"陰","日間自然光線","村里道路",40,"四岔路","交岔口附近","柏油","乾燥","無缺陷","無障礙物","良好","無號誌","無號誌","無分向設施","未繪設車道線","未繪設快慢車道分隔線","無","路上翻車、摔倒","未注意車前狀態","Y000","YZ00",1,2,2012-06-19,"金門縣金寧鄉下埔下91號前路口","","金門縣金寧鄉下埔下91號前路口","118.3126857","24.4442026"
10106,"10106Y00020030","YZA1","10106YZ000040",2012,6,21,18,10,"金門縣","金寧鄉","",NA,"環島西路","二","",NA,"","","","","","路燈桿03077號前路口",NA,NA,NA,NA,NA,NA,NA,NA,NA,0,1,0,"晴","日間自然光線","鄉道",50,"三岔路","交岔路口內","柏油","乾燥","無缺陷","無障礙物","良好","無號誌","無號誌","附標記","未繪設車道線","未繪設快慢車道分隔線","有","側撞","右轉彎未依規定","Y000","YZ00",1,2,2012-06-21,"環島西路二段","","金門縣金寧鄉路燈桿03077號前路口","118.3148723","24.4566699"
10106,"10106Y00020044","YZA1","10106YZ000041",2012,6,21,19,35,"金門縣","金寧鄉","",NA,"大學路","","",NA,"","","","","","往環島北路350巷產業道路路燈桿53174號前路段",NA,NA,NA,NA,NA,NA,NA,NA,NA,0,1,0,"晴","夜間（或隧道、地下道、涵洞）無照明","其他",40,"直路","一般車道（未劃分快慢車道）","水泥","乾燥","無缺陷","無障礙物","良好","無號誌","無號誌","無分向設施","未繪設車道線","未繪設快慢車道分隔線","無","其他","未注意車前狀態","Y000","YZ00",1,2,2012-06-21,"大學路","","金門縣金寧鄉往環島北路350巷產業道路路燈桿53174號前路段","118.325279","24.4466751"
10106,"10106Y00020031","YZA1","10106YZ000042",2012,6,23,19,37,"金門縣","金城鎮","",NA,"民生路","","",NA,"","","","","","36號幼稚園前",NA,NA,NA,NA,NA,NA,NA,NA,NA,0,3,0,"晴","夜間（或隧道、地下道、涵洞）有照明","村里道路",40,"直路","一般車道（未劃分快慢車道）","柏油","乾燥","無缺陷","無障礙物","良好","無號誌","無號誌","附標記","未繪設車道線","未繪設快慢車道分隔線","有","追撞","未保持行車安全距離","Y000","YZ00",1,2,2012-06-23,"民生路","","金門縣金城鎮36號幼稚園前","118.3190184","24.43575"
10106,"10106Y00020032","YZA1","10106YZ000043",2012,6,25,12,30,"金門縣","金城鎮","",NA,"西海路","三","",NA,"","","","","","夏墅路口",NA,NA,NA,NA,NA,NA,NA,NA,NA,0,1,0,"陰","日間自然光線","村里道路",50,"三岔路","交岔路口內","柏油","乾燥","無缺陷","無障礙物","良好","閃光號誌","正常","無分向設施","未繪設車道線","未繪設快慢車道分隔線","有","側撞","未依規定讓車","Y000","YZ00",1,2,2012-06-25,"西海路三段","","金門縣金城鎮夏墅路口","118.3124964","24.4226194"
10106,"10106Y00020045","YZA1","10106YZ000044",2012,6,24,23,8,"金門縣","金寧鄉","",NA,"頂林路","","",NA,"","","","","","07573號燈桿前路段",NA,NA,NA,NA,NA,NA,NA,NA,NA,0,1,0,"晴","夜間（或隧道、地下道、涵洞）有照明","縣道",50,"直路","一般車道（未劃分快慢車道）","柏油","乾燥","無缺陷","無障礙物","良好","無號誌","無號誌","無標記","未繪設車道線","未繪設快慢車道分隔線","有","路上翻車、摔倒","酒醉（後）駕駛失控","Y000","YZ00",1,2,2012-06-24,"頂林路","","金門縣金寧鄉07573號燈桿前路段","118.3246113","24.4625018"
10106,"10106Y00020033","YZA1","10106YZ000045",2012,6,27,14,30,"金門縣","金城鎮","",NA,"民生路","","",NA,"","","","","","縣政府前路口",NA,NA,NA,NA,NA,NA,NA,NA,NA,0,1,0,"晴","日間自然光線","村里道路",40,"三岔路","交岔路口內","柏油","乾燥","無缺陷","無障礙物","良好","無號誌","無號誌","無分向設施","未繪設車道線","未繪設快慢車道分隔線","無","側撞","未依規定讓車","Y000","YZ00",1,2,2012-06-27,"民生路","","金門縣金城鎮縣政府前路口","118.3190184","24.43575"
10106,"10106Y00020034","YZA1","10106YZ000046",2012,6,28,12,55,"金門縣","金城鎮","",NA,"珠浦西路","","94",NA,"11-1","","","","","路口",NA,NA,NA,NA,NA,NA,NA,NA,NA,0,1,0,"晴","日間自然光線","村里道路",40,"四岔路","交岔路口內","其他鋪裝","乾燥","無缺陷","無障礙物","建築物","無號誌","無號誌","無分向設施","未繪設車道線","未繪設快慢車道分隔線","無","路口交岔撞","未依規定讓車","Y000","YZ00",1,2,2012-06-28,"珠浦西路94巷11-1號","","金門縣金城鎮路口","118.3147803","24.4384226"
10106,"10106Y00020036","YZA1","10106YZ000048",2012,6,28,20,25,"金門縣","金城鎮","",NA,"珠浦西路","","84",NA,"10","","","","","",NA,NA,NA,NA,NA,NA,NA,NA,NA,0,1,0,"晴","夜間（或隧道、地下道、涵洞）有照明","村里道路",40,"四岔路","交岔路口內","其他鋪裝","乾燥","無缺陷","無障礙物","良好","無號誌","無號誌","無分向設施","未繪設車道線","未繪設快慢車道分隔線","有","路口交岔撞","未依規定讓車","Y000","YZ00",1,2,2012-06-28,"珠浦西路84巷10號","","金門縣金城鎮","118.3147803","24.4384226"
10106,"10106Y00020038","YZA1","10106YZ000051",2012,6,29,7,30,"金門縣","烈嶼鄉","青岐村",NA,"八青路","","",NA,"","","","","","青岐4號前路段",NA,NA,NA,NA,NA,NA,NA,NA,NA,0,1,0,"晴","日間自然光線","鄉道",50,"四岔路","交岔路口內","柏油","乾燥","無缺陷","無障礙物","良好","無號誌","無號誌","無分向設施","未繪設車道線","未繪設快慢車道分隔線","有","側撞","未依規定讓車","Y000","YZ00",1,2,2012-06-29,"八青路","","金門縣烈嶼鄉青岐村青岐4號前路段","118.2364682","24.422863"
10106,"10106Y00020040","YZA1","10106YZ000052",2012,6,29,12,15,"金門縣","金寧鄉","榜林村",NA,"伯玉路","一","",NA,"232","","","","","",NA,NA,NA,NA,NA,NA,NA,NA,NA,0,1,0,"晴","日間自然光線","縣道",60,"直路","一般車道（未劃分快慢車道）","柏油","乾燥","無缺陷","無障礙物","良好","無號誌","無號誌","附標記","未繪設車道線","快慢車道分隔線","有","側撞","未依規定讓車","Y000","YZ00",1,2,2012-06-29,"伯玉路一段232號","","金門縣金寧鄉榜林村","118.3267756","24.4346914"
10106,"10106Y00020046","YZA1","10106YZ000055",2012,6,30,10,24,"金門縣","金寧鄉","",NA,"環島北路","","",NA,"","","","","西","西山出口",NA,NA,NA,NA,NA,NA,NA,NA,NA,0,1,0,"晴","日間自然光線","縣道",60,"三岔路","交岔口附近","柏油","乾燥","無缺陷","無障礙物","良好","無號誌","無號誌","附標記","未繪設車道線","未繪設快慢車道分隔線","有","追撞","違規超車","Y000","YZ00",1,2,2012-06-30,"環島北路","","金門縣金寧鄉西山出口","118.322662","24.441264"
10106,"10106Y00020041","YZA1","10106YZ000056",2012,6,30,11,5,"金門縣","金城鎮","古城里",NA,"","","",NA,"","","","","","翟山坑道出口口停車場路段",NA,NA,NA,NA,NA,NA,NA,NA,NA,0,1,0,"晴","日間自然光線","其他",40,"廣場","其他","水泥","乾燥","無缺陷","無障礙物","良好","無號誌","無號誌","無分向設施","未繪設車道線","未繪設快慢車道分隔線","無","佇立路邊（外）","倒車未依規定","Y000","YZ00",1,2,2012-06-30,"金門縣金城鎮古城里翟山坑道出口口停車場路段","","金門縣金城鎮古城里翟山坑道出口口停車場路段","118.3166667","24.4166667"
10107,"10107Y00020003","YYA1","10107YY000002",2012,7,2,7,55,"金門縣","金沙鎮","",NA,"環島北路","四","",NA,"","","","","","斗門路口",NA,NA,NA,NA,NA,NA,NA,NA,NA,0,4,0,"晴","日間自然光線","村里道路",60,"四岔路","交岔路口內","柏油","乾燥","無缺陷","無障礙物","良好","閃光號誌","正常","附標記","車道線（附標記）","未繪設快慢車道分隔線","有","同向擦撞","違規超車","Y000","YY00",1,2,2012-07-02,"環島北路四段","","金門縣金沙鎮斗門路口","118.4045085","24.4840105"
10107,"10107Y00020004","YYA1","10107YY000003",2012,7,2,14,51,"金門縣","金湖鎮","",NA,"太湖路","一","",NA,"","","經武路","","","",NA,NA,NA,NA,NA,NA,NA,NA,NA,0,2,0,"晴","日間自然光線","村里道路",50,"三岔路","交岔路口內","柏油","乾燥","無缺陷","無障礙物","良好","無號誌","無號誌","無分向設施","未繪設車道線","未繪設快慢車道分隔線","有","側撞","未依規定讓車","Y000","YY00",NA,NA,2012-07-02,"太湖路一段","經武路","","118.3991433","24.45132484"
10107,"10107Y00020005","YYA1","10107YY000006",2012,7,3,8,0,"金門縣","金沙鎮","",NA,"環島北路","五","",NA,"","","","","","榮湖淨水廠前路段",NA,NA,NA,NA,NA,NA,NA,NA,NA,0,1,0,"晴","日間自然光線","村里道路",50,"三岔路","交岔路口內","柏油","乾燥","無缺陷","無障礙物","良好","無號誌","無號誌","無分向設施","未繪設車道線","未繪設快慢車道分隔線","有","側撞","未注意車前狀態","Y000","YY00",1,2,2012-07-03,"環島北路五段","","金門縣金沙鎮榮湖淨水廠前路段","118.322662","24.441264"
10107,"10107Y00030002","YYA1","10107YY000009",2012,7,4,17,44,"金門縣","金沙鎮","",NA,"環島北路","","",NA,"","","","","","洋山路口前",NA,NA,NA,NA,NA,NA,NA,NA,NA,0,0,0,"晴","日間自然光線","村里道路",60,"三岔路","交岔口附近","柏油","乾燥","無缺陷","無障礙物","良好","無號誌","無號誌","附標記","未繪設車道線","未繪設快慢車道分隔線","有","追撞","未保持行車安全距離","Y000","YY00",1,3,2012-07-04,"環島北路","","金門縣金沙鎮洋山路口前","118.322662","24.441264"
10107,"10107Y00020007","YYA1","10107YY000012",2012,7,4,21,22,"金門縣","金湖鎮","瓊林里",NA,"環島北路","三","",NA,"","","","","","瓊林圓環內",NA,NA,NA,NA,NA,NA,NA,NA,NA,0,1,0,"晴","夜間（或隧道、地下道、涵洞）有照明","村里道路",60,"圓環","一般車道（未劃分快慢車道）","柏油","乾燥","無缺陷","無障礙物","良好","閃光號誌","正常","無分向設施","未繪設車道線","未繪設快慢車道分隔線","有","追撞","未注意車前狀態","Y000","YY00",1,2,2012-07-04,"環島北路三段","","金門縣金湖鎮瓊林里瓊林圓環內","118.388325","24.466263"