"年月","總編號","處理單位","處理編號","年","月","日","時","分","縣市","區","村里","鄰","街道","段","巷","弄","號","公尺處","街道.1","段.1","側","附近","道路","公里","公尺處.1","向","車道","平交道","公里.1","公尺處.2","附近.1","死","受傷","X2.30","天候","光線","道路類別","速限","道路型態","事故位置","路面鋪裝","路面狀態","路面缺陷","障礙物","視距","號誌種類","號誌動作","分向設施","快車道或一般車道間","快慢車道間","路面邊線","事故類型及型態","主要肇因","警局","分局","案件類別","事故類別","日期","道路1","道路2","概略位置","lon","lat"
10107,"10107Y00030003","YYA1","10107YY000013",2012,7,5,9,23,"金門縣","金湖鎮","",NA,"玉章路","","",NA,"","","","","","植物園路口",NA,NA,NA,NA,NA,NA,NA,NA,NA,0,0,0,"晴","日間自然光線","村里道路",50,"三岔路","交岔路口內","柏油","乾燥","無缺陷","無障礙物","良好","無號誌","無號誌","無分向設施","未繪設車道線","未繪設快慢車道分隔線","有","側撞","未依規定讓車","Y000","YY00",1,3,2012-07-05,"玉章路","","金門縣金湖鎮植物園路口","118.412711","24.4615568"
10107,"10107Y00030007","YYA1","10107YY000016",2012,7,5,18,50,"金門縣","金湖鎮","新市里",NA,"復興路","","",NA,"","","","","","與中正路路口",NA,NA,NA,NA,NA,NA,NA,NA,NA,0,0,0,"晴","日間自然光線","村里道路",40,"四岔路","交岔口附近","柏油","乾燥","無缺陷","無障礙物","良好","無號誌","無號誌","附標記","未繪設車道線","未繪設快慢車道分隔線","有","對向擦撞","酒醉（後）駕駛失控","Y000","YY00",1,3,2012-07-05,"復興路","","金門縣金湖鎮新市里與中正路路口","118.4161413","24.4412321"
10107,"10107Y00030005","YYA1","10107YY000019",2012,7,7,17,50,"金門縣","金沙鎮","",NA,"","","",NA,"","","","","","榮湖后水頭路段",NA,NA,NA,NA,NA,NA,NA,NA,NA,0,0,0,"晴","日間自然光線","村里道路",40,"直路","路肩、路緣","柏油","乾燥","無缺陷","無障礙物","良好","無號誌","無號誌","附標記","未繪設車道線","未繪設快慢車道分隔線","有","撞號誌、標誌桿","未注意車前狀態","Y000","YY00",1,3,2012-07-07,"金門縣金沙鎮榮湖后水頭路段","","金門縣金沙鎮榮湖后水頭路段","118.4137179","24.4821177"
10107,"10107Y00020012","YYA1","10107YY000023",2012,7,11,7,35,"金門縣","金湖鎮","",NA,"","","",NA,"","","","","","復興路往護國寺路段",NA,NA,NA,NA,NA,NA,NA,NA,NA,0,1,0,"晴","日間自然光線","村里道路",50,"直路","一般車道（未劃分快慢車道）","柏油","乾燥","無缺陷","無障礙物","良好","無號誌","無號誌","無標記","未繪設車道線","未繪設快慢車道分隔線","有","側撞","起步未注意其他車（人）安全","Y000","YY00",1,2,2012-07-11,"金門縣金湖鎮復興路往護國寺路段","","金門縣金湖鎮復興路往護國寺路段","118.4161413","24.4412321"
10107,"10107Y00020013","YYA1","10107YY000026",2012,7,11,8,49,"金門縣","金湖鎮","瓊林里",NA,"伯玉路","三","",NA,"","","","","","測速照相機前路段",NA,NA,NA,NA,NA,NA,NA,NA,NA,0,2,0,"晴","日間自然光線","村里道路",70,"直路","一般車道（未劃分快慢車道）","柏油","乾燥","無缺陷","無障礙物","良好","無號誌","無號誌","無標記","未繪設車道線","快慢車道分隔線","有","路上翻車、摔倒","未注意車前狀態","Y000","YY00",1,2,2012-07-11,"伯玉路三段","","金門縣金湖鎮瓊林里測速照相機前路段","118.3646755","24.4460136"
10107,"10107Y00020014","YYA1","10107YY000027",2012,7,11,9,48,"金門縣","金湖鎮","新湖里",NA,"環島南路","三","",NA,"","","","","","后園41號前路口處",NA,NA,NA,NA,NA,NA,NA,NA,NA,0,2,0,"晴","日間自然光線","村里道路",50,"四岔路","交岔路口內","柏油","乾燥","無缺陷","無障礙物","良好","無號誌","無號誌","無分向設施","未繪設車道線","未繪設快慢車道分隔線","有","側撞","未依規定讓車","Y000","YY00",1,2,2012-07-11,"環島南路三段","","金門縣金湖鎮新湖里后園41號前路口處","118.3757827","24.4398961"
10107,"10107Y00020016","YYA1","10107YY000028",2012,7,12,7,50,"金門縣","金湖鎮","",NA,"伯玉路","四","",NA,"","","瓊徑路","","","",NA,NA,NA,NA,NA,NA,NA,NA,NA,0,1,0,"晴","日間自然光線","村里道路",50,"圓環","一般車道（未劃分快慢車道）","柏油","乾燥","無缺陷","無障礙物","良好","無號誌","無號誌","無分向設施","車道線（無標記）","未繪設快慢車道分隔線","有","其他","未依規定讓車","Y000","YY00",1,2,2012-07-12,"伯玉路四段","瓊徑路","","118.3851529","24.44734108"
10107,"10107Y00030006","YYA1","10107YY000031",2012,7,13,10,40,"金門縣","金湖鎮","",NA,"復興路","","",NA,"","","","","","台銀前路口",NA,NA,NA,NA,NA,NA,NA,NA,NA,0,0,0,"晴","日間自然光線","村里道路",40,"三岔路","交岔口附近","柏油","乾燥","無缺陷","無障礙物","良好","無號誌","無號誌","附標記","未繪設車道線","未繪設快慢車道分隔線","有","對向擦撞","未保持行車安全間隔","Y000","YY00",1,3,2012-07-13,"復興路","","金門縣金湖鎮台銀前路口","118.4161413","24.4412321"
10107,"10107Y00020019","YYA1","10107YY000032",2012,7,14,15,58,"金門縣","金湖鎮","",NA,"經武路","","",NA,"","","","","","00718號路燈桿",NA,NA,NA,NA,NA,NA,NA,NA,NA,0,2,0,"晴","日間自然光線","村里道路",60,"直路","一般車道（未劃分快慢車道）","柏油","乾燥","無缺陷","無障礙物","良好","無號誌","無號誌","附標記","未繪設車道線","未繪設快慢車道分隔線","有","路上翻車、摔倒","未注意車前狀態","Y000","YY00",1,2,2012-07-14,"經武路","","金門縣金湖鎮00718號路燈桿","118.3875082","24.4434136"
10107,"","YYA1","10107YY000033",2012,7,13,8,13,"金門縣","金湖鎮","",NA,"雙瓊路","","",NA,"","","","","","00359號燈桿",NA,NA,NA,NA,NA,NA,NA,NA,NA,0,0,0,NA,NA,NA,0,NA,NA,NA,NA,NA,NA,NA,NA,NA,NA,NA,NA,NA,NA,NA,"Y000","YY00",1,4,2012-07-13,"雙瓊路","","金門縣金湖鎮00359號燈桿","118.3660576","24.4501741"
10107,"10107Y00020038","YYA1","10107YY000034",2012,7,15,8,51,"金門縣","金沙鎮","汶沙里",NA,"環島東路","一","",NA,"","","","","","金沙鎮公所前",NA,NA,NA,NA,NA,NA,NA,NA,NA,0,2,0,"晴","日間自然光線","村里道路",50,"四岔路","交岔路口內","柏油","乾燥","無缺陷","無障礙物","良好","無號誌","無號誌","無分向設施","未繪設車道線","未繪設快慢車道分隔線","有","穿越道路中","未注意車前狀態","Y000","YY00",1,2,2012-07-15,"環島東路一段","","金門縣金沙鎮汶沙里金沙鎮公所前","118.4213083","24.4841071"
10107,"10107Y00020020","YYA1","10107YY000035",2012,7,15,19,38,"金門縣","金湖鎮","",NA,"黃海路","","",NA,"","","","","","山外橋頭",NA,NA,NA,NA,NA,NA,NA,NA,NA,0,1,0,"陰","夜間（或隧道、地下道、涵洞）有照明","村里道路",50,"三岔路","交岔口附近","柏油","乾燥","無缺陷","無障礙物","良好","無號誌","無號誌","無標記","未繪設車道線","未繪設快慢車道分隔線","有","同向通行中","未注意車前狀態","Y000","YY00",1,2,2012-07-15,"黃海路","","金門縣金湖鎮山外橋頭","118.4256931","24.452032"
10107,"10107Y00020026","YYA1","10107YY000041",2012,7,20,11,30,"金門縣","金湖鎮","",NA,"環島東路","四","",NA,"","","士校路","","","",NA,NA,NA,NA,NA,NA,NA,NA,NA,0,1,0,"晴","日間自然光線","村里道路",50,"四岔路","交岔路口內","柏油","乾燥","無缺陷","無障礙物","良好","閃光號誌","正常","無分向設施","未繪設車道線","未繪設快慢車道分隔線","有","路口交岔撞","未依規定讓車","Y000","YY00",NA,NA,2012-07-20,"環島東路四段","士校路","","118.4462076","24.45419698"
10107,"10107Y00020027","YYA1","10107YY000042",2012,7,21,3,50,"金門縣","金湖鎮","",NA,"士校路","","",NA,"","","","","","士校往下莊路段28204號路燈桿",NA,NA,NA,NA,NA,NA,NA,NA,NA,0,1,0,"晴","夜間（或隧道、地下道、涵洞）有照明","村里道路",50,"彎曲路及附近","一般車道（未劃分快慢車道）","柏油","乾燥","無缺陷","無障礙物","良好","無號誌","無號誌","附標記","未繪設車道線","未繪設快慢車道分隔線","有","撞護欄（樁）","未依規定減速","Y000","YY00",1,2,2012-07-21,"士校路","","金門縣金湖鎮士校往下莊路段28204號路燈桿","118.4271704","24.4453138"
10107,"10107Y00020035","YYA1","10107YY000043",2012,7,22,19,57,"金門縣","金湖鎮","新市里",NA,"市港路","","",NA,"","","","","","武德新莊路段05335路燈",NA,NA,NA,NA,NA,NA,NA,NA,NA,0,1,0,"雨","夜間（或隧道、地下道、涵洞）有照明","村里道路",50,"三岔路","交岔路口內","柏油","濕潤","無缺陷","無障礙物","良好","無號誌","無號誌","無標記","未繪設車道線","未繪設快慢車道分隔線","有","對向擦撞","左轉彎未依規定","Y000","YY00",1,2,2012-07-22,"市港路","","金門縣金湖鎮新市里武德新莊路段05335路燈","118.4099121","24.4348324"
10107,"10107Y00020041","YYA1","10107YY000051",2012,7,30,14,12,"金門縣","金湖鎮","",NA,"環島南路","五","",NA,"","","","","","金湖鎮復國路路口",NA,NA,NA,NA,NA,NA,NA,NA,NA,0,1,0,"晴","日間自然光線","村里道路",60,"三岔路","交岔路口內","柏油","乾燥","無缺陷","無障礙物","良好","無號誌","無號誌","無分向設施","未繪設車道線","未繪設快慢車道分隔線","有","側撞","未依規定讓車","Y000","YY00",1,2,2012-07-30,"環島南路五段","","金門縣金湖鎮金湖鎮復國路路口","118.4239844","24.4324232"
10107,"","YYA1","10107YY000054",2012,7,2,18,0,"金門縣","金沙鎮","三山里",NA,"","","",NA,"","","","","","碧山3號後方路口",NA,NA,NA,NA,NA,NA,NA,NA,NA,0,1,0,"晴","日間自然光線","村里道路",40,"三岔路","交岔路口內","水泥","乾燥","無缺陷","無障礙物","良好","無號誌","無號誌","無分向設施","未繪設車道線","未繪設快慢車道分隔線","無","路上翻車、摔倒","未注意車前狀態","Y000","YY00",3,2,2012-07-02,"金門縣金沙鎮三山里碧山3號後方路口","","金門縣金沙鎮三山里碧山3號後方路口","118.4435334","24.4861404"
10107,"10107Y00020001","YZA1","10107YZ000001",2012,7,1,12,50,"金門縣","烈嶼鄉","",NA,"九井路","","",NA,"","","","","","烈嶼鄉西宅候車亭前路段",NA,NA,NA,NA,NA,NA,NA,NA,NA,0,1,0,"晴","日間自然光線","村里道路",40,"直路","一般車道（未劃分快慢車道）","柏油","乾燥","無缺陷","無障礙物","良好","無號誌","無號誌","無標記","未繪設車道線","未繪設快慢車道分隔線","有","追撞","未注意車前狀態","Y000","YZ00",1,2,2012-07-01,"九井路","","金門縣烈嶼鄉烈嶼鄉西宅候車亭前路段","118.2439073","24.4317335"
10107,"10107Y00020002","YZA1","10107YZ000004",2012,7,1,17,25,"金門縣","金城鎮","",NA,"民權路","","",NA,"","","珠浦西路","","","路口",NA,NA,NA,NA,NA,NA,NA,NA,NA,0,1,0,"晴","日間自然光線","村里道路",40,"四岔路","交岔路口內","柏油","乾燥","無缺陷","無障礙物","良好","行車管制號誌","正常","無分向設施","未繪設車道線","未繪設快慢車道分隔線","有","側撞","左轉彎未依規定","Y000","YZ00",1,2,2012-07-01,"民權路","珠浦西路","","118.3161782","24.4357325"
10107,"10107Y00030001","YZA1","10107YZ000005",2012,7,2,9,56,"金門縣","金城鎮","",NA,"民生路","","",NA,"","","","","","縣政府前路口",NA,NA,NA,NA,NA,NA,NA,NA,NA,0,0,0,"晴","日間自然光線","村里道路",40,"三岔路","交岔路口內","柏油","乾燥","無缺陷","無障礙物","良好","無號誌","無號誌","無分向設施","未繪設車道線","未繪設快慢車道分隔線","有","側撞","違規超車","Y000","YZ00",1,3,2012-07-02,"民生路","","金門縣金城鎮縣政府前路口","118.3190184","24.43575"
10107,"10107Y00020042","YZA1","10107YZ000007",2012,7,4,8,1,"金門縣","金城鎮","",NA,"民權路","","",NA,"","","光前路","","","路口",NA,NA,NA,NA,NA,NA,NA,NA,NA,0,1,0,"晴","日間自然光線","村里道路",40,"四岔路","交岔路口內","柏油","乾燥","無缺陷","無障礙物","良好","行車管制號誌","正常","無分向設施","未繪設車道線","未繪設快慢車道分隔線","有","穿越道路中","搶越行人穿越道","Y000","YZ00",1,2,2012-07-04,"民權路","光前路","","118.3154588","24.43343543"
10107,"","YZA1","10107YZ000008",2012,7,4,13,57,"金門縣","金城鎮","",NA,"民生路","","",NA,"38","","","","","路段",NA,NA,NA,NA,NA,NA,NA,NA,NA,0,0,0,"晴","日間自然光線","村里道路",40,"三岔路","交岔路口內","柏油","乾燥","無缺陷","無障礙物","良好","無號誌","無號誌","無分向設施","未繪設車道線","未繪設快慢車道分隔線","有","側撞","起步未注意其他車（人）安全","Y000","YZ00",1,4,2012-07-04,"民生路38號","","金門縣金城鎮路段","118.3190184","24.43575"
10107,"10107Y00020006","YZA1","10107YZ000010",2012,7,4,17,50,"金門縣","金城鎮","",NA,"","","",NA,"","","","","","富康一村6巷16號旁路口",NA,NA,NA,NA,NA,NA,NA,NA,NA,0,1,0,"晴","日間自然光線","村里道路",40,"四岔路","交岔路口內","其他鋪裝","乾燥","無缺陷","無障礙物","建築物","無號誌","無號誌","無分向設施","未繪設車道線","未繪設快慢車道分隔線","有","路口交岔撞","未依規定讓車","Y000","YZ00",1,2,2012-07-04,"金門縣金城鎮富康一村6巷16號旁路口","","金門縣金城鎮富康一村6巷16號旁路口","118.320257","24.437578"
10107,"10107Y00020037","YZA1","10107YZ000011",2012,7,4,17,56,"金門縣","金城鎮","",NA,"西海路","一","",NA,"","","","","","03745號路燈桿附近路段",NA,NA,NA,NA,NA,NA,NA,NA,NA,0,2,0,"晴","日間自然光線","鄉道",50,"彎曲路及附近","一般車道（未劃分快慢車道）","柏油","乾燥","無缺陷","無障礙物","良好","無號誌","無號誌","附標記","未繪設車道線","未繪設快慢車道分隔線","有","同向擦撞","未保持行車安全間隔","Y000","YZ00",1,2,2012-07-04,"西海路一段","","金門縣金城鎮03745號路燈桿附近路段","118.2906709","24.4124946"
10107,"10107Y00020008","YZA1","10107YZ000014",2012,7,5,8,37,"金門縣","金城鎮","",NA,"民權路","","",NA,"106","","","","","",NA,NA,NA,NA,NA,NA,NA,NA,NA,0,1,0,"晴","日間自然光線","鄉道",40,"三岔路","交岔口附近","柏油","乾燥","無缺陷","無障礙物","良好","無號誌","無號誌","無標記","未繪設車道線","快慢車道分隔線","有","側撞","起步未注意其他車（人）安全","Y000","YZ00",1,2,2012-07-05,"民權路106號","","金門縣金城鎮","118.3164557","24.4351005"
10107,"10107Y00030004","YZA1","10107YZ000015",2012,7,5,9,36,"金門縣","金城鎮","",NA,"西海路","三","",NA,"","","","","","北堤路路口",NA,NA,NA,NA,NA,NA,NA,NA,NA,0,0,0,"晴","日間自然光線","村里道路",40,"四岔路","交岔口附近","柏油","乾燥","無缺陷","無障礙物","良好","行車管制號誌","正常","附標記","未繪設車道線","未繪設快慢車道分隔線","有","追撞","未保持行車安全距離","Y000","YZ00",1,3,2012-07-05,"西海路三段","","金門縣金城鎮北堤路路口","118.3124964","24.4226194"
10107,"10107Y00020009","YZA1","10107YZ000017",2012,7,6,18,20,"金門縣","金寧鄉","",NA,"大學路","","",NA,"","","","","","07713號燈桿前路段",NA,NA,NA,NA,NA,NA,NA,NA,NA,0,2,0,"晴","日間自然光線","鄉道",25,"三岔路","交岔路口內","柏油","乾燥","無缺陷","無障礙物","良好","無號誌","無號誌","附標記","未繪設車道線","未繪設快慢車道分隔線","有","側撞","違反特定標誌（線）禁制","Y000","YZ00",1,2,2012-07-06,"大學路","","金門縣金寧鄉07713號燈桿前路段","118.325279","24.4466751"
10107,"10107Y00020010","YZA1","10107YZ000018",2012,7,7,21,19,"金門縣","金寧鄉","",NA,"環島南路","","",NA,"","","","","","林湖路口",NA,NA,NA,NA,NA,NA,NA,NA,NA,0,1,0,"晴","夜間（或隧道、地下道、涵洞）有照明","村里道路",50,"四岔路","交岔路口內","柏油","乾燥","無缺陷","無障礙物","良好","無號誌","無號誌","無分向設施","未繪設車道線","未繪設快慢車道分隔線","有","路口交岔撞","未依規定讓車","Y000","YZ00",1,2,2012-07-07,"環島南路","","金門縣金寧鄉林湖路口","118.3757827","24.4398961"
10107,"10107Y00020033","YZA1","10107YZ000020",2012,7,8,6,2,"金門縣","金城鎮","",NA,"中興路","","",NA,"","","","","","賢城路03530號燈桿前路段",NA,NA,NA,NA,NA,NA,NA,NA,NA,0,1,0,"晴","日間自然光線","村里道路",50,"直路","一般車道（未劃分快慢車道）","柏油","乾燥","無缺陷","無障礙物","良好","無號誌","無號誌","附標記","未繪設車道線","未繪設快慢車道分隔線","有","路上翻車、摔倒","未注意車前狀態","Y000","YZ00",1,2,2012-07-08,"中興路","","金門縣金城鎮賢城路03530號燈桿前路段","118.3187271","24.4338194"
10107,"10107Y00020011","YZA1","10107YZ000021",2012,7,9,9,15,"金門縣","烈嶼鄉","",NA,"","","",NA,"","","","","","楊厝路段",NA,NA,NA,NA,NA,NA,NA,NA,NA,0,1,0,"晴","日間自然光線","鄉道",40,"三岔路","交岔路口內","柏油","乾燥","無缺陷","無障礙物","良好","無號誌","無號誌","無分向設施","未繪設車道線","未繪設快慢車道分隔線","有","側撞","未依規定讓車","Y000","YZ00",1,2,2012-07-09,"金門縣烈嶼鄉楊厝路段","","金門縣烈嶼鄉楊厝路段","118.2321629","24.4188835"
10107,"10107Y00020034","YZA1","10107YZ000022",2012,7,8,21,36,"金門縣","金城鎮","西門里",NA,"光前路","","",NA,"","","","","","金門高中前",NA,NA,NA,NA,NA,NA,NA,NA,NA,0,3,0,"晴","夜間（或隧道、地下道、涵洞）有照明","縣道",60,"直路","一般車道（未劃分快慢車道）","柏油","乾燥","無缺陷","無障礙物","良好","無號誌","無號誌","無標記","未繪設車道線","未繪設快慢車道分隔線","有","對向擦撞","左轉彎未依規定","Y000","YZ00",1,2,2012-07-08,"光前路","","金門縣金城鎮西門里金門高中前","118.3142468","24.4339885"
10107,"10107Y00010001","YZA1","10107YZ000024",2012,7,11,12,9,"金門縣","金寧鄉","榜林村",NA,"","","",NA,"","","","","","榜林圓環內",NA,NA,NA,NA,NA,NA,NA,NA,NA,1,0,0,"晴","日間自然光線","村里道路",40,"圓環","其他","柏油","乾燥","無缺陷","無障礙物","良好","無號誌","無號誌","無分向設施","車道線（無標記）","未繪設快慢車道分隔線","有","側撞","未依規定讓車","Y000","YZ00",1,1,2012-07-11,"金門縣金寧鄉榜林村榜林圓環內","","金門縣金寧鄉榜林村榜林圓環內","118.330294","24.438568"
10107,"10107Y00020015","YZA1","10107YZ000025",2012,7,11,19,20,"金門縣","金寧鄉","",NA,"環島西路","二","",NA,"","","","","","03072號路燈桿附近",NA,NA,NA,NA,NA,NA,NA,NA,NA,0,2,0,"晴","日間自然光線","村里道路",50,"直路","一般車道（未劃分快慢車道）","柏油","乾燥","無缺陷","無障礙物","良好","無號誌","無號誌","無標記","未繪設車道線","未繪設快慢車道分隔線","有","撞動物","未注意車前狀態","Y000","YZ00",1,2,2012-07-11,"環島西路二段","","金門縣金寧鄉03072號路燈桿附近","118.3148723","24.4566699"
10107,"10107Y00020017","YZA1","10107YZ000029",2012,7,12,16,11,"金門縣","金城鎮","",NA,"北堤路","","",NA,"90","","","","","",NA,NA,NA,NA,NA,NA,NA,NA,NA,0,1,0,"晴","日間自然光線","村里道路",50,"直路","一般車道（未劃分快慢車道）","柏油","乾燥","無缺陷","路上有停車","路上停放車輛","無號誌","無號誌","無標記","未繪設車道線","未繪設快慢車道分隔線","有","從停車後（或中）穿出","未注意車前狀態","Y000","YZ00",1,2,2012-07-12,"北堤路90號","","金門縣金城鎮","118.3167419","24.4294062"
10107,"10107Y00020018","YZA1","10107YZ000030",2012,7,12,17,40,"金門縣","金城鎮","",NA,"北堤路","","",NA,"30","","","","","",NA,NA,NA,NA,NA,NA,NA,NA,NA,0,1,0,"晴","日間自然光線","村里道路",40,"三岔路","交岔口附近","柏油","乾燥","無缺陷","無障礙物","良好","無號誌","無號誌","無標記","未繪設車道線","快慢車道分隔線","有","路上翻車、摔倒","未注意車前狀態","Y000","YZ00",1,2,2012-07-12,"北堤路30號","","金門縣金城鎮","118.3167419","24.4294062"
10107,"10107Y00020021","YZA1","10107YZ000036",2012,7,16,17,46,"金門縣","金城鎮","",NA,"","","",NA,"","","","","","金城新莊7巷1之1號前路段",NA,NA,NA,NA,NA,NA,NA,NA,NA,0,1,0,"晴","日間自然光線","村里道路",40,"直路","一般車道（未劃分快慢車道）","其他鋪裝","乾燥","無缺陷","無障礙物","良好","無號誌","無號誌","無分向設施","未繪設車道線","未繪設快慢車道分隔線","有","其他","開啟車門不當而肇事","Y000","YZ00",1,2,2012-07-16,"金門縣金城鎮金城新莊7巷1之1號前路段","","金門縣金城鎮金城新莊7巷1之1號前路段","118.319856","24.437936"
10107,"10107Y00020022","YZA1","10107YZ000037",2012,7,16,18,23,"金門縣","金寧鄉","",NA,"伯玉路","二","",NA,"","","盤果路","","","路口",NA,NA,NA,NA,NA,NA,NA,NA,NA,0,1,0,"陰","晨或暮光","鄉道",70,"四岔路","交岔路口內","柏油","乾燥","無缺陷","無障礙物","良好","行車管制號誌","正常","無分向設施","未繪設車道線","未繪設快慢車道分隔線","有","同向擦撞","違規超車","Y000","YZ00",1,2,2012-07-16,"伯玉路二段","盤果路","","118.3402912","24.44112005"
10107,"10107Y00020023","YZA1","10107YZ000038",2012,7,18,8,27,"金門縣","金城鎮","",NA,"民生路","","",NA,"","","","","","金城鎮公所前路段",NA,NA,NA,NA,NA,NA,NA,NA,NA,0,2,0,"晴","日間自然光線","村里道路",40,"三岔路","交岔口附近","柏油","乾燥","無缺陷","無障礙物","良好","無號誌","無號誌","附標記","未繪設車道線","快慢車道分隔線","有","其他","起步未注意其他車（人）安全","Y000","YZ00",1,2,2012-07-18,"民生路","","金門縣金城鎮金城鎮公所前路段","118.3190184","24.43575"
10107,"10107Y00020024","YZA1","10107YZ000039",2012,7,18,9,35,"金門縣","金城鎮","",NA,"西海路","二","",NA,"","","","","","葡京餐廳前路口",NA,NA,NA,NA,NA,NA,NA,NA,NA,0,1,0,"晴","日間自然光線","村里道路",50,"三岔路","交岔路口內","柏油","乾燥","無缺陷","無障礙物","良好","無號誌","無號誌","無分向設施","未繪設車道線","未繪設快慢車道分隔線","有","其他","未依規定減速","Y000","YZ00",1,2,2012-07-18,"西海路二段","","金門縣金城鎮葡京餐廳前路口","118.3041626","24.4144371"
10107,"10107Y00020025","YZA1","10107YZ000040",2012,7,18,10,28,"金門縣","金寧鄉","",NA,"伯玉路","二","",NA,"","","","","","中山林前路段",NA,NA,NA,NA,NA,NA,NA,NA,NA,0,1,0,"晴","日間自然光線","村里道路",70,"三岔路","交岔口附近","柏油","乾燥","無缺陷","無障礙物","良好","無號誌","無號誌","附標記","未繪設車道線","快慢車道分隔線","有","追撞","未注意車前狀態","Y000","YZ00",1,2,2012-07-18,"伯玉路二段","","金門縣金寧鄉中山林前路段","118.3416148","24.4414563"
10107,"10107Y00020039","YZA1","10107YZ000044",2012,7,23,10,5,"金門縣","金寧鄉","",NA,"環島西路","","",NA,"","","","","","往安岐產業道路",NA,NA,NA,NA,NA,NA,NA,NA,NA,0,1,0,"晴","日間自然光線","村里道路",40,"四岔路","交岔路口內","水泥","乾燥","無缺陷","無障礙物","良好","無號誌","無號誌","無分向設施","未繪設車道線","未繪設快慢車道分隔線","無","側撞","未依規定讓車","Y000","YZ00",1,2,2012-07-23,"環島西路","","金門縣金寧鄉往安岐產業道路","118.3148723","24.4566699"
10107,"10107Y00020028","YZA1","10107YZ000045",2012,7,23,18,20,"金門縣","金寧鄉","",NA,"","","",NA,"","","","","","后沙160號旁產業道路",NA,NA,NA,NA,NA,NA,NA,NA,NA,0,1,0,"陰","日間自然光線","村里道路",40,"直路","一般車道（未劃分快慢車道）","水泥","乾燥","無缺陷","無障礙物","良好","無號誌","無號誌","無分向設施","未繪設車道線","未繪設快慢車道分隔線","無","衝出路外","未注意車前狀態","Y000","YZ00",1,2,2012-07-23,"金門縣金寧鄉后沙160號旁產業道路","","金門縣金寧鄉后沙160號旁產業道路","118.364349","24.459145"
10107,"10107Y00020029","YZA1","10107YZ000046",2012,7,23,20,45,"金門縣","金寧鄉","",NA,"慈湖路","一","",NA,"","","","","","12號前路段",NA,NA,NA,NA,NA,NA,NA,NA,NA,0,1,0,"晴","夜間（或隧道、地下道、涵洞）有照明","村里道路",50,"直路","一般車道（未劃分快慢車道）","柏油","乾燥","無缺陷","無障礙物","良好","無號誌","無號誌","無標記","未繪設車道線","未繪設快慢車道分隔線","有","同向通行中","未注意車前狀態","Y000","YZ00",1,2,2012-07-23,"慈湖路一段","","金門縣金寧鄉12號前路段","118.3117387","24.4416084"
10107,"10107Y00020030","YZA1","10107YZ000047",2012,7,27,7,48,"金門縣","金城鎮","東門里",NA,"伯玉路","一","",NA,"","","","","","00269號路燈桿前路段",NA,NA,NA,NA,NA,NA,NA,NA,NA,0,1,0,"晴","日間自然光線","縣道",60,"直路","一般車道（未劃分快慢車道）","柏油","乾燥","無缺陷","無障礙物","良好","無號誌","無號誌","附標記","未繪設車道線","快慢車道分隔線","有","其他","未注意車前狀態","Y000","YZ00",1,2,2012-07-27,"伯玉路一段","","金門縣金城鎮東門里00269號路燈桿前路段","118.3267756","24.4346914"
10107,"10107Y00020031","YZA1","10107YZ000048",2012,7,28,10,41,"金門縣","金城鎮","",NA,"金山路","","",NA,"","","","","","05641號燈桿前路段",NA,NA,NA,NA,NA,NA,NA,NA,NA,0,1,0,"晴","日間自然光線","縣道",50,"直路","一般車道（未劃分快慢車道）","柏油","乾燥","無缺陷","無障礙物","良好","無號誌","無號誌","無標記","未繪設車道線","未繪設快慢車道分隔線","有","路上翻車、摔倒","未注意車前狀態","Y000","YZ00",1,2,2012-07-28,"金山路","","金門縣金城鎮05641號燈桿前路段","118.3277754","24.4167689"
10107,"10107Y00020032","YZA1","10107YZ000049",2012,7,28,13,3,"金門縣","金寧鄉","",NA,"伯玉路","一","",NA,"","","","","","281之1號前",NA,NA,NA,NA,NA,NA,NA,NA,NA,0,1,0,"晴","日間自然光線","村里道路",60,"三岔路","交岔口附近","柏油","乾燥","無缺陷","無障礙物","良好","無號誌","無號誌","附標記","未繪設車道線","快慢車道分隔線","有","追撞","未保持行車安全距離","Y000","YZ00",1,2,2012-07-28,"伯玉路一段","","金門縣金寧鄉281之1號前","118.3267756","24.4346914"
10107,"","YZA1","10107YZ000050",2012,7,27,13,20,"金門縣","金城鎮","",NA,"環島西路","一","",NA,"","","","","","與莒光樓旁左側道路路口",NA,NA,NA,NA,NA,NA,NA,NA,NA,0,1,0,"晴","日間自然光線","村里道路",40,"三岔路","交岔路口內","柏油","乾燥","無缺陷","無障礙物","良好","無號誌","無號誌","附標記","禁止雙換車道線（附標記）","未繪設快慢車道分隔線","有","其他","不明原因肇事","Y000","YZ00",3,2,2012-07-27,"環島西路一段","","金門縣金城鎮與莒光樓旁左側道路路口","118.3184801","24.4172073"
10107,"10107Y00020040","YZA1","10107YZ000052",2012,7,31,13,20,"金門縣","金寧鄉","",NA,"伯玉路","一","",NA,"","","","","","307號前",NA,NA,NA,NA,NA,NA,NA,NA,NA,0,1,0,"晴","日間自然光線","村里道路",40,"三岔路","交岔路口內","水泥","乾燥","無缺陷","無障礙物","良好","無號誌","無號誌","無分向設施","未繪設車道線","未繪設快慢車道分隔線","有","側撞","未依規定讓車","Y000","YZ00",1,2,2012-07-31,"伯玉路一段","","金門縣金寧鄉307號前","118.3267756","24.4346914"