"年月","總編號","處理單位","處理編號","年","月","日","時","分","縣市","區","村里","鄰","街道","段","巷","弄","號","公尺處","街道.1","段.1","側","附近","道路","公里","公尺處.1","向","車道","平交道","公里.1","公尺處.2","附近.1","死","受傷","X2.30","天候","光線","道路類別","速限","道路型態","事故位置","路面鋪裝","路面狀態","路面缺陷","障礙物","視距","號誌種類","號誌動作","分向設施","快車道或一般車道間","快慢車道間","路面邊線","事故類型及型態","主要肇因","警局","分局","案件類別","事故類別","日期","道路1","道路2","概略位置","lon","lat"
10108,"10108Y00020042","YZA1","10108YZ000047",2012,8,29,12,22,"金門縣","金城鎮","",NA,"民族路","","",NA,"2","","","","","環島西民族路口",NA,NA,NA,NA,NA,NA,NA,NA,NA,0,1,0,"晴","日間自然光線","村里道路",40,"三岔路","交岔路口內","柏油","乾燥","無缺陷","無障礙物","良好","無號誌","無號誌","無分向設施","未繪設車道線","未繪設快慢車道分隔線","有","側撞","右轉彎未依規定","Y000","YZ00",1,2,2012-08-29,"民族路2號","","金門縣金城鎮環島西民族路口","118.3157499","24.4302723"
10108,"10108Y00020043","YZA1","10108YZ000048",2012,8,29,9,45,"金門縣","烈嶼鄉","",NA,"八青路","","",NA,"","","","","","與陽山公園路口",NA,NA,NA,NA,NA,NA,NA,NA,NA,0,3,0,"晴","日間自然光線","村里道路",50,"三岔路","交岔口附近","柏油","乾燥","無缺陷","無障礙物","良好","無號誌","無號誌","無標記","未繪設車道線","寬式快慢車道分隔島（50公分以上）","有","側撞","未依規定讓車","Y000","YZ00",1,2,2012-08-29,"八青路","","金門縣烈嶼鄉與陽山公園路口","118.2364682","24.422863"
10108,"10108Y00020044","YZA1","10108YZ000049",2012,8,29,9,30,"金門縣","烈嶼鄉","",NA,"","","",NA,"","","","","","青岐43號前產業道路",NA,NA,NA,NA,NA,NA,NA,NA,NA,0,2,0,"晴","日間自然光線","村里道路",40,"彎曲路及附近","一般車道（未劃分快慢車道）","水泥","乾燥","無缺陷","無障礙物","良好","無號誌","無號誌","無分向設施","未繪設車道線","未繪設快慢車道分隔線","無","對向擦撞","未保持行車安全間隔","Y000","YZ00",1,2,2012-08-29,"金門縣烈嶼鄉青岐43號前產業道路","","金門縣烈嶼鄉青岐43號前產業道路","118.2257211","24.4161038"
10108,"10108Y00020041","YZA1","10108YZ000050",2012,8,29,9,20,"金門縣","金城鎮","",NA,"莒光路","","",NA,"145","","","","","",NA,NA,NA,NA,NA,NA,NA,NA,NA,0,2,0,"晴","日間自然光線","村里道路",40,"直路","一般車道（未劃分快慢車道）","其他鋪裝","乾燥","無缺陷","無障礙物","良好","無號誌","無號誌","無分向設施","未繪設車道線","未繪設快慢車道分隔線","無","側撞","迴轉未依規定","Y000","YZ00",1,2,2012-08-29,"莒光路145號","","金門縣金城鎮","118.3169343","24.432731"
10108,"10108Y00020034","YZA1","10108YZ000052",2012,8,30,17,15,"金門縣","金寧鄉","",NA,"慈湖路","一","",NA,"101","","","","","",NA,NA,NA,NA,NA,NA,NA,NA,NA,0,1,0,"晴","日間自然光線","鄉道",50,"直路","一般車道（未劃分快慢車道）","柏油","乾燥","無缺陷","無障礙物","良好","無號誌","無號誌","無分向設施","未繪設車道線","未繪設快慢車道分隔線","有","其他","未注意車前狀態","Y000","YZ00",1,2,2012-08-30,"慈湖路一段101號","","金門縣金寧鄉","118.3117387","24.4416084"
10108,"10108Y00030007","YZA1","10108YZ000054",2012,8,30,16,20,"金門縣","金寧鄉","",NA,"伯玉路","二","",NA,"306","","","","","一條根",NA,NA,NA,NA,NA,NA,NA,NA,NA,0,0,0,"晴","日間自然光線","縣道",70,"四岔路","交岔口附近","柏油","乾燥","無缺陷","無障礙物","良好","行車管制號誌","正常","附標記","未繪設車道線","快慢車道分隔線","有","同向擦撞","違規超車","Y000","YZ00",1,3,2012-08-30,"伯玉路二段306號","","金門縣金寧鄉一條根","118.3416148","24.4414563"
10108,"10108Y00020036","YZA1","10108YZ000055",2012,8,31,13,25,"金門縣","金城鎮","",NA,"民生路","","",NA,"47","","","","","",NA,NA,NA,NA,NA,NA,NA,NA,NA,0,1,0,"晴","日間自然光線","村里道路",40,"三岔路","交岔口附近","柏油","乾燥","無缺陷","無障礙物","良好","無號誌","無號誌","無標記","未繪設車道線","快慢車道分隔線","有","其他","未注意車前狀態","Y000","YZ00",1,2,2012-08-31,"民生路47號","","金門縣金城鎮","118.3190184","24.43575"
10108,"","YZA1","10108YZ000056",2012,8,18,12,5,"金門縣","金城鎮","南門里",NA,"民權路","","",NA,"","","","","","西南門里公所前路段",NA,NA,NA,NA,NA,NA,NA,NA,NA,0,1,0,"晴","日間自然光線","鄉道",40,"四岔路","交岔口附近","柏油","乾燥","無缺陷","其他障礙物","良好","行車管制號誌","正常","附標記","未繪設車道線","未繪設快慢車道分隔線","有","路上翻車、摔倒","未注意車前狀態","Y000","YZ00",3,2,2012-08-18,"民權路","","金門縣金城鎮南門里西南門里公所前路段","118.3168946","24.4355379"
10109,"10109Y00030003","YYA1","10109YY000002",2012,9,1,14,0,"金門縣","金沙鎮","",NA,"","","",NA,"","","","","","呂厝至斗門何浦國小前路段",NA,NA,NA,NA,NA,NA,NA,NA,NA,0,0,0,"晴","日間自然光線","村里道路",50,"直路","一般車道（未劃分快慢車道）","柏油","乾燥","無缺陷","無障礙物","良好","無號誌","無號誌","無標記","未繪設車道線","未繪設快慢車道分隔線","有","衝出路外","酒醉（後）駕駛失控","Y000","YY00",1,3,2012-09-01,"金門縣金沙鎮呂厝至斗門何浦國小前路段","","金門縣金沙鎮呂厝至斗門何浦國小前路段","118.3953881","24.4782925"
10109,"10109Y00020004","YYA1","10109YY000005",2012,9,3,13,44,"金門縣","金湖鎮","",NA,"環島南路","五","",NA,"","","士校路","","","",NA,NA,NA,NA,NA,NA,NA,NA,NA,0,1,0,"晴","日間自然光線","村里道路",50,"四岔路","交岔路口內","柏油","乾燥","無缺陷","無障礙物","良好","行車管制號誌","正常","無分向設施","未繪設車道線","未繪設快慢車道分隔線","有","追撞","未保持行車安全距離","Y000","YY00",1,2,2012-09-03,"環島南路五段","士校路","","118.418513","24.434034"
10109,"10109Y00030001","YYA1","10109YY000014",2012,9,10,22,56,"金門縣","金沙鎮","",NA,"環中路","","",NA,"","","","","","擎天水庫前路段",NA,NA,NA,NA,NA,NA,NA,NA,NA,0,0,0,"晴","夜間（或隧道、地下道、涵洞）有照明","村里道路",40,"彎曲路及附近","一般車道（未劃分快慢車道）","柏油","乾燥","無缺陷","無障礙物","良好","無號誌","無號誌","無標記","未繪設車道線","未繪設快慢車道分隔線","有","路上翻車、摔倒","酒醉（後）駕駛失控","Y000","YY00",1,3,2012-09-10,"環中路","","金門縣金沙鎮擎天水庫前路段","118.3912208","24.4595516"
10109,"10109Y00020017","YYA1","10109YY000020",2012,9,14,14,20,"金門縣","金沙鎮","汶沙里",NA,"環島東路","一","",NA,"","","","","","與國中路路口處",NA,NA,NA,NA,NA,NA,NA,NA,NA,0,1,0,"晴","日間自然光線","村里道路",60,"四岔路","交岔路口內","柏油","乾燥","無缺陷","無障礙物","良好","無號誌","無號誌","無分向設施","未繪設車道線","未繪設快慢車道分隔線","有","追撞","未保持行車安全距離","Y000","YY00",1,2,2012-09-14,"環島東路一段","","金門縣金沙鎮汶沙里與國中路路口處","118.4213083","24.4841071"
10109,"10109Y00020019","YYA1","10109YY000025",2012,9,16,11,10,"金門縣","金沙鎮","",NA,"","","",NA,"","","","","","忠孝新村98號旁路口",NA,NA,NA,NA,NA,NA,NA,NA,NA,0,1,0,"陰","日間自然光線","村里道路",40,"四岔路","交岔路口內","其他鋪裝","乾燥","無缺陷","無障礙物","良好","無號誌","無號誌","無分向設施","未繪設車道線","未繪設快慢車道分隔線","無","側撞","右轉彎未依規定","Y000","YY00",1,2,2012-09-16,"金門縣金沙鎮忠孝新村98號旁路口","","金門縣金沙鎮忠孝新村98號旁路口","118.413013","24.493643"
10109,"10109Y00020021","YYA1","10109YY000026",2012,9,18,15,20,"金門縣","金沙鎮","",NA,"環島北路","四","",NA,"","","","","","金沙淨水廠入口處",NA,NA,NA,NA,NA,NA,NA,NA,NA,0,1,0,"晴","日間自然光線","村里道路",50,"三岔路","交岔路口內","柏油","乾燥","無缺陷","無障礙物","良好","無號誌","無號誌","無分向設施","未繪設車道線","未繪設快慢車道分隔線","有","側撞","未依規定讓車","Y000","YY00",1,2,2012-09-18,"環島北路四段","","金門縣金沙鎮金沙淨水廠入口處","118.4045085","24.4840105"
10109,"10109Y00020030","YYA1","10109YY000031",2012,9,21,17,50,"金門縣","金湖鎮","",NA,"環島南路","四","",NA,"","","","","","168加油站前路段",NA,NA,NA,NA,NA,NA,NA,NA,NA,0,4,0,"晴","日間自然光線","村里道路",50,"彎曲路及附近","一般車道（未劃分快慢車道）","柏油","乾燥","無缺陷","無障礙物","良好","無號誌","無號誌","附標記","未繪設車道線","未繪設快慢車道分隔線","有","其他","起步未注意其他車（人）安全","Y000","YY00",1,2,2012-09-21,"環島南路四段","","金門縣金湖鎮168加油站前路段","118.40101","24.438041"
10109,"10109Y00020031","YYA1","10109YY000032",2012,9,22,23,40,"金門縣","金沙鎮","",NA,"環島北路","三","",NA,"","往","蘭洋路","","","晨光療養院前產業道路",NA,NA,NA,NA,NA,NA,NA,NA,NA,0,1,0,"晴","夜間（或隧道、地下道、涵洞）無照明","村里道路",50,"直路","一般車道（未劃分快慢車道）","水泥","乾燥","無缺陷","其他障礙物","其他","無號誌","無號誌","無分向設施","未繪設車道線","未繪設快慢車道分隔線","無","路上翻車、摔倒","路況危險無安全（警告）設施","Y000","YY00",1,2,2012-09-22,"環島北路三段","蘭洋路","","118.3843702","24.461898"
10109,"10109Y00020032","YYA1","10109YY000035",2012,9,27,13,9,"金門縣","金湖鎮","",NA,"黃海路","","",NA,"","","","","","01564號路燈桿前路段",NA,NA,NA,NA,NA,NA,NA,NA,NA,0,1,0,"晴","日間自然光線","村里道路",50,"直路","一般車道（未劃分快慢車道）","柏油","乾燥","無缺陷","無障礙物","良好","無號誌","無號誌","無標記","未繪設車道線","未繪設快慢車道分隔線","有","路上翻車、摔倒","未注意車前狀態","Y000","YY00",1,2,2012-09-27,"黃海路","","金門縣金湖鎮01564號路燈桿前路段","118.4256931","24.452032"
10109,"10109Y00010001","YYA1","10109YY000037",2012,9,28,13,18,"金門縣","金沙鎮","",NA,"浦華路","","",NA,"","","","","","01452號路燈附近新前墩往內洋方向",NA,NA,NA,NA,NA,NA,NA,NA,NA,1,1,0,"晴","日間自然光線","村里道路",40,"直路","一般車道（未劃分快慢車道）","柏油","乾燥","無缺陷","無障礙物","良好","無號誌","無號誌","無標記","未繪設車道線","未繪設快慢車道分隔線","有","撞路樹、電桿","未注意車前狀態","Y000","YY00",1,1,2012-09-28,"浦華路","","金門縣金沙鎮01452號路燈附近新前墩往內洋方向","118.4550046","24.4639639"
10109,"10109Y00020001","YZA1","10109YZ000001",2012,9,1,8,25,"金門縣","金城鎮","",NA,"","","",NA,"","","","","","東門圓環",NA,NA,NA,NA,NA,NA,NA,NA,NA,0,1,0,"陰","日間自然光線","村里道路",40,"圓環","一般車道（未劃分快慢車道）","柏油","乾燥","無缺陷","無障礙物","良好","無號誌","無號誌","無分向設施","車道線（無標記）","未繪設快慢車道分隔線","有","其他","未依規定讓車","Y000","YZ00",1,2,2012-09-01,"金門縣金城鎮東門圓環","","金門縣金城鎮東門圓環","118.321386","24.431515"
10109,"10109Y00020002","YZA1","10109YZ000003",2012,9,2,7,35,"金門縣","金城鎮","賢庵里",NA,"環島西路","一","",NA,"","","","","","吳厝路口",NA,NA,NA,NA,NA,NA,NA,NA,NA,0,2,0,"晴","日間自然光線","村里道路",50,"三岔路","交岔口附近","柏油","濕潤","無缺陷","無障礙物","良好","無號誌","無號誌","附標記","未繪設車道線","未繪設快慢車道分隔線","有","其他","裝載未盡安全措施","Y000","YZ00",1,2,2012-09-02,"環島西路一段","","金門縣金城鎮賢庵里吳厝路口","118.3184801","24.4172073"
10109,"10109Y00020003","YZA1","10109YZ000004",2012,9,2,14,27,"金門縣","金城鎮","東門里",NA,"伯玉路","一","",NA,"","","","","","00263號路燈桿",NA,NA,NA,NA,NA,NA,NA,NA,NA,0,4,0,"晴","日間自然光線","村里道路",60,"直路","一般車道（未劃分快慢車道）","柏油","乾燥","無缺陷","無障礙物","良好","無號誌","無號誌","無標記","未繪設車道線","快慢車道分隔線","有","側撞","未依規定讓車","Y000","YZ00",1,2,2012-09-02,"伯玉路一段","","金門縣金城鎮東門里00263號路燈桿","118.3267756","24.4346914"
10109,"10109Y00020005","YZA1","10109YZ000006",2012,9,5,9,45,"金門縣","金城鎮","",NA,"中興路","","",NA,"","","莒光路","","","",NA,NA,NA,NA,NA,NA,NA,NA,NA,0,2,0,"晴","日間自然光線","村里道路",40,"四岔路","交岔路口內","水泥","乾燥","無缺陷","無障礙物","良好","無號誌","無號誌","無分向設施","未繪設車道線","未繪設快慢車道分隔線","無","路口交岔撞","未依規定讓車","Y000","YZ00",1,2,2012-09-05,"中興路","莒光路","","118.3169615","24.43272812"
10109,"10109Y00020006","YZA1","10109YZ000007",2012,9,5,16,10,"金門縣","金城鎮","",NA,"伯玉路","一","",NA,"","","","","","00253號燈桿前",NA,NA,NA,NA,NA,NA,NA,NA,NA,0,1,0,"晴","日間自然光線","縣道",60,"直路","慢車道","柏油","乾燥","突出（高低）不平","無障礙物","良好","無號誌","無號誌","無標記","未繪設車道線","快慢車道分隔線","有","路上翻車、摔倒","未注意車前狀態","Y000","YZ00",1,2,2012-09-05,"伯玉路一段","","金門縣金城鎮00253號燈桿前","118.3267756","24.4346914"
10109,"10109Y00020007","YZA1","10109YZ000008",2012,9,6,12,45,"金門縣","金寧鄉","",NA,"伯玉路","二","",NA,"","","","","","盤果路口",NA,NA,NA,NA,NA,NA,NA,NA,NA,0,1,0,"晴","日間自然光線","縣道",70,"四岔路","交岔路口內","柏油","乾燥","無缺陷","無障礙物","良好","無號誌","無號誌","無分向設施","未繪設車道線","未繪設快慢車道分隔線","有","側撞","右轉彎未依規定","Y000","YZ00",1,2,2012-09-06,"伯玉路二段","","金門縣金寧鄉盤果路口","118.3416148","24.4414563"
10109,"","YZA1","10109YZ000009",2012,9,7,13,50,"金門縣","金城鎮","",NA,"","","",NA,"","","","","","後豐港路段00925號路燈桿",NA,NA,NA,NA,NA,NA,NA,NA,NA,0,0,0,"晴",NA,NA,40,NA,NA,NA,NA,NA,NA,NA,NA,NA,NA,NA,NA,NA,NA,NA,"Y000","YZ00",1,4,2012-09-07,"金門縣金城鎮後豐港路段00925號路燈桿","","金門縣金城鎮後豐港路段00925號路燈桿","118.3166667","24.4166667"
10109,"10109Y00020008","YZA1","10109YZ000010",2012,9,7,15,10,"金門縣","金寧鄉","",NA,"環島北路","一","",NA,"","","","","","07209號路燈桿附近",NA,NA,NA,NA,NA,NA,NA,NA,NA,0,1,0,"晴","日間自然光線","村里道路",50,"直路","一般車道（未劃分快慢車道）","柏油","乾燥","無缺陷","無障礙物","良好","無號誌","無號誌","無標記","未繪設車道線","未繪設快慢車道分隔線","有","其他","未注意車前狀態","Y000","YZ00",1,2,2012-09-07,"環島北路一段","","金門縣金寧鄉07209號路燈桿附近","118.3283226","24.4462231"
10109,"10109Y00020009","YZA1","10109YZ000011",2012,9,7,21,5,"金門縣","金寧鄉","盤山村",NA,"","","",NA,"","","","","","頂堡150號旁路口",NA,NA,NA,NA,NA,NA,NA,NA,NA,0,1,0,"晴","夜間（或隧道、地下道、涵洞）有照明","村里道路",40,"四岔路","交岔口附近","水泥","乾燥","無缺陷","其他障礙物","良好","無號誌","無號誌","附標記","未繪設車道線","未繪設快慢車道分隔線","有","其他","酒醉（後）駕駛失控","Y000","YZ00",1,2,2012-09-07,"金門縣金寧鄉盤山村頂堡150號旁路口","","金門縣金寧鄉盤山村頂堡150號旁路口","118.3392109","24.4487087"
10109,"10109Y00020012","YZA1","10109YZ000012",2012,9,9,20,15,"金門縣","金城鎮","",NA,"民生路","","",NA,"","","","","","4號前",NA,NA,NA,NA,NA,NA,NA,NA,NA,0,1,0,"晴","夜間（或隧道、地下道、涵洞）有照明","村里道路",50,"直路","一般車道（未劃分快慢車道）","柏油","乾燥","無缺陷","無障礙物","良好","無號誌","無號誌","無分向設施","未繪設車道線","未繪設快慢車道分隔線","有","倒車撞","倒車未依規定","Y000","YZ00",1,2,2012-09-09,"民生路","","金門縣金城鎮4號前","118.3190184","24.43575"
10109,"10109Y00020013","YZA1","10109YZ000013",2012,9,10,10,50,"金門縣","金城鎮","",NA,"伯玉路","一","",NA,"","","","","","盈成汽車廠前路口",NA,NA,NA,NA,NA,NA,NA,NA,NA,0,1,0,"晴","日間自然光線","村里道路",60,"四岔路","交岔路口內","柏油","乾燥","無缺陷","無障礙物","良好","行車管制號誌","正常","無分向設施","未繪設車道線","未繪設快慢車道分隔線","有","路上翻車、摔倒","未注意車前狀態","Y000","YZ00",1,2,2012-09-10,"伯玉路一段","","金門縣金城鎮盈成汽車廠前路口","118.3267756","24.4346914"
10109,"10109Y00020014","YZA1","10109YZ000015",2012,9,11,17,13,"金門縣","金寧鄉","",NA,"","","",NA,"","","","","","埔後565號前路口",NA,NA,NA,NA,NA,NA,NA,NA,NA,0,2,0,"晴","日間自然光線","村里道路",40,"四岔路","交岔路口內","水泥","乾燥","無缺陷","無障礙物","良好","無號誌","無號誌","無分向設施","未繪設車道線","未繪設快慢車道分隔線","無","路口交岔撞","未依規定讓車","Y000","YZ00",1,2,2012-09-11,"金門縣金寧鄉埔後565號前路口","","金門縣金寧鄉埔後565號前路口","118.317029","24.442928"
10109,"10109Y00020035","YZA1","10109YZ000016",2012,9,7,8,26,"金門縣","金城鎮","",NA,"民權路","","",NA,"","","光前路","","","路口",NA,NA,NA,NA,NA,NA,NA,NA,NA,0,1,0,"晴","日間自然光線","村里道路",40,"四岔路","交岔路口內","柏油","乾燥","無缺陷","無障礙物","良好","行車管制號誌","正常","無分向設施","未繪設車道線","未繪設快慢車道分隔線","有","同向擦撞","右轉彎未依規定","Y000","YZ00",1,2,2012-09-07,"民權路","光前路","","118.3154588","24.43343543"
10109,"10109Y00020015","YZA1","10109YZ000017",2012,9,13,13,20,"金門縣","金城鎮","",NA,"民族路","","",NA,"","","","","","32巷口",NA,NA,NA,NA,NA,NA,NA,NA,NA,0,1,0,"晴","日間自然光線","村里道路",40,"四岔路","交岔路口內","柏油","乾燥","無缺陷","無障礙物","良好","無號誌","無號誌","無分向設施","未繪設車道線","未繪設快慢車道分隔線","有","路口交岔撞","未依規定讓車","Y000","YZ00",1,2,2012-09-13,"民族路","","金門縣金城鎮32巷口","118.3157499","24.4302723"
10109,"10109Y00030002","YZA1","10109YZ000018",2012,9,13,10,20,"金門縣","金寧鄉","",NA,"伯玉路","一","",NA,"307","","","","","",NA,NA,NA,NA,NA,NA,NA,NA,NA,0,0,0,"晴","日間自然光線","村里道路",40,"巷弄","其他","其他鋪裝","乾燥","無缺陷","無障礙物","良好","無號誌","無號誌","無分向設施","未繪設車道線","未繪設快慢車道分隔線","無","其他","未注意車前狀態","Y000","YZ00",1,3,2012-09-13,"伯玉路一段307號","","金門縣金寧鄉","118.3267756","24.4346914"
10109,"10109Y00020016","YZA1","10109YZ000019",2012,9,14,8,30,"金門縣","金寧鄉","",NA,"伯玉路","二","",NA,"","","","","","金民加油站前",NA,NA,NA,NA,NA,NA,NA,NA,NA,0,1,0,"晴","日間自然光線","村里道路",60,"直路","慢車道","柏油","乾燥","無缺陷","無障礙物","良好","無號誌","無號誌","無標記","未繪設車道線","快慢車道分隔線","有","側撞","右轉彎未依規定","Y000","YZ00",1,2,2012-09-14,"伯玉路二段","","金門縣金寧鄉金民加油站前","118.3416148","24.4414563"
10109,"10109Y00020011","YZA1","10109YZ000021",2012,9,8,20,30,"金門縣","金寧鄉","",NA,"慈湖路","一","",NA,"229","","","","","",NA,NA,NA,NA,NA,NA,NA,NA,NA,0,1,0,"晴","夜間（或隧道、地下道、涵洞）有照明","村里道路",60,"三岔路","交岔路口內","柏油","乾燥","無缺陷","無障礙物","良好","無號誌","無號誌","無標記","未繪設車道線","未繪設快慢車道分隔線","有","側撞","未保持行車安全距離","Y000","YZ00",1,2,2012-09-08,"慈湖路一段229號","","金門縣金寧鄉","118.3117387","24.4416084"
10109,"10109Y00020018","YZA1","10109YZ000022",2012,9,14,14,35,"金門縣","金城鎮","",NA,"伯玉路","一","",NA,"15","","","","","",NA,NA,NA,NA,NA,NA,NA,NA,NA,0,1,0,"晴","日間自然光線","村里道路",60,"直路","一般車道（未劃分快慢車道）","柏油","乾燥","無缺陷","無障礙物","良好","無號誌","無號誌","無標記","未繪設車道線","快慢車道分隔線","有","側撞","右轉彎未依規定","Y000","YZ00",1,2,2012-09-14,"伯玉路一段15號","","金門縣金城鎮","118.3267756","24.4346914"
10109,"10109Y00020020","YZA1","10109YZ000023",2012,9,17,8,58,"金門縣","金城鎮","",NA,"","","",NA,"","","","","","金城鎮東門圓環",NA,NA,NA,NA,NA,NA,NA,NA,NA,0,1,0,"晴","日間自然光線","村里道路",40,"圓環","一般車道（未劃分快慢車道）","柏油","乾燥","無缺陷","無障礙物","良好","無號誌","無號誌","無分向設施","車道線（無標記）","未繪設快慢車道分隔線","有","同向擦撞","違規超車","Y000","YZ00",1,2,2012-09-17,"金門縣金城鎮金城鎮東門圓環","","金門縣金城鎮金城鎮東門圓環","118.321386","24.431515"
10109,"10109Y00020010","YZA1","10109YZ000024",2012,9,8,13,15,"金門縣","金寧鄉","",NA,"盤果路","","",NA,"","","","","","00411號燈桿前路段",NA,NA,NA,NA,NA,NA,NA,NA,NA,0,1,0,"晴","日間自然光線","鄉道",50,"三岔路","交岔口附近","柏油","乾燥","無缺陷","無障礙物","良好","無號誌","無號誌","無標記","未繪設車道線","未繪設快慢車道分隔線","有","路上翻車、摔倒","酒醉（後）駕駛失控","Y000","YZ00",1,2,2012-09-08,"盤果路","","金門縣金寧鄉00411號燈桿前路段","118.3423814","24.4390088"
10109,"10109Y00020022","YZA1","10109YZ000027",2012,9,19,4,35,"金門縣","金城鎮","",NA,"民生路","","",NA,"","","","","","東門圓環",NA,NA,NA,NA,NA,NA,NA,NA,NA,0,2,0,"晴","夜間（或隧道、地下道、涵洞）有照明","村里道路",40,"圓環","一般車道（未劃分快慢車道）","柏油","乾燥","無缺陷","無障礙物","良好","無號誌","無號誌","無分向設施","車道線（無標記）","未繪設快慢車道分隔線","有","對撞","酒醉（後）駕駛失控","Y000","YZ00",1,2,2012-09-19,"民生路","","金門縣金城鎮東門圓環","118.3190184","24.43575"
10109,"10109Y00020023","YZA1","10109YZ000028",2012,9,19,11,30,"金門縣","金城鎮","",NA,"","","",NA,"","","","","","民生路13號前",NA,NA,NA,NA,NA,NA,NA,NA,NA,0,1,0,"雨","日間自然光線","村里道路",50,"三岔路","交岔路口內","柏油","濕潤","無缺陷","無障礙物","良好","無號誌","無號誌","無分向設施","未繪設車道線","未繪設快慢車道分隔線","有","側撞","未依規定讓車","Y000","YZ00",1,2,2012-09-19,"金門縣金城鎮民生路13號前","","金門縣金城鎮民生路13號前","118.3190184","24.43575"
10109,"10109Y00020024","YZA1","10109YZ000029",2012,9,20,17,5,"金門縣","金寧鄉","",NA,"寧湖路","","",NA,"","","","","","",NA,NA,NA,NA,NA,NA,NA,NA,NA,0,1,0,"晴","日間自然光線","村里道路",40,"彎曲路及附近","一般車道（未劃分快慢車道）","柏油","乾燥","無缺陷","無障礙物","良好","無號誌","無號誌","附標記","未繪設車道線","未繪設快慢車道分隔線","有","路上翻車、摔倒","未依規定減速","Y000","YZ00",1,2,2012-09-20,"寧湖路","","金門縣金寧鄉","118.3037454","24.4728141"
10109,"","YZA1","10109YZ000030",2012,9,21,10,50,"金門縣","金城鎮","",NA,"","","",NA,"","","","","","延平郡王祠前路段",NA,NA,NA,NA,NA,NA,NA,NA,NA,0,0,0,"晴",NA,NA,50,NA,NA,NA,NA,NA,NA,NA,NA,NA,NA,NA,NA,NA,NA,NA,"Y000","YZ00",1,4,2012-09-21,"金門縣金城鎮延平郡王祠前路段","","金門縣金城鎮延平郡王祠前路段","118.3166667","24.4166667"
10109,"10109Y00020036","YZA1","10109YZ000033",2012,9,25,20,40,"金門縣","金寧鄉","",NA,"環島西路","二","",NA,"","","","","","03083號燈桿前路段",NA,NA,NA,NA,NA,NA,NA,NA,NA,0,1,1,"陰","夜間（或隧道、地下道、涵洞）有照明","縣道",50,"三岔路","交岔路口內","柏油","乾燥","無缺陷","無障礙物","良好","無號誌","無號誌","無分向設施","未繪設車道線","未繪設快慢車道分隔線","有","側撞","違規超車","Y000","YZ00",1,2,2012-09-25,"環島西路二段","","金門縣金寧鄉03083號燈桿前路段","118.3148723","24.4566699"
10109,"10109Y00020026","YZA1","10109YZ000034",2012,9,26,9,46,"金門縣","金城鎮","",NA,"西海路","二","",NA,"","","","","","14巷6號前路口",NA,NA,NA,NA,NA,NA,NA,NA,NA,0,1,0,"晴","日間自然光線","村里道路",50,"直路","一般車道（未劃分快慢車道）","柏油","乾燥","無缺陷","無障礙物","良好","無號誌","無號誌","附標記","未繪設車道線","未繪設快慢車道分隔線","有","追撞","未注意車前狀態","Y000","YZ00",1,2,2012-09-26,"西海路二段","","金門縣金城鎮14巷6號前路口","118.3041626","24.4144371"
10109,"10109Y00020027","YZA1","10109YZ000036",2012,9,28,8,48,"金門縣","金城鎮","",NA,"民生路","","",NA,"","","","","","金信大樓前路段",NA,NA,NA,NA,NA,NA,NA,NA,NA,0,1,0,"晴","日間自然光線","村里道路",40,"三岔路","交岔口附近","柏油","乾燥","無缺陷","無障礙物","良好","無號誌","無號誌","無標記","未繪設車道線","未繪設快慢車道分隔線","有","其他","起步未注意其他車（人）安全","Y000","YZ00",1,2,2012-09-28,"民生路","","金門縣金城鎮金信大樓前路段","118.3190184","24.43575"
10109,"10109Y00020025","YZA1","10109YZ000038",2012,9,25,19,10,"金門縣","金城鎮","",NA,"民生路","","",NA,"61","","","","","",NA,NA,NA,NA,NA,NA,NA,NA,NA,0,1,0,"晴","夜間（或隧道、地下道、涵洞）有照明","村里道路",40,"三岔路","交岔口附近","柏油","乾燥","無缺陷","路上有停車","良好","無號誌","無號誌","無標記","未繪設車道線","快慢車道分隔線","有","對向擦撞","逆向行駛","Y000","YZ00",1,2,2012-09-25,"民生路61號","","金門縣金城鎮","118.3190184","24.43575"
10109,"10109Y00020028","YZA1","10109YZ000039",2012,9,29,14,42,"金門縣","金寧鄉","",NA,"環島北路","二","",NA,"52","","","","","",NA,NA,NA,NA,NA,NA,NA,NA,NA,0,2,0,"晴","日間自然光線","縣道",60,"三岔路","交岔路口內","柏油","乾燥","無缺陷","無障礙物","良好","無號誌","無號誌","附標記","未繪設車道線","未繪設快慢車道分隔線","有","側撞","違規超車","Y000","YZ00",1,2,2012-09-29,"環島北路二段52號","","金門縣金寧鄉","118.3537405","24.452631"
10109,"10109Y00020033","YZA1","10109YZ000040",2012,9,29,19,12,"金門縣","金寧鄉","",NA,"林湖路","","",NA,"","","","","","00502號路燈桿前",NA,NA,NA,NA,NA,NA,NA,NA,NA,0,1,0,"晴","夜間（或隧道、地下道、涵洞）有照明","村里道路",50,"三岔路","交岔路口內","柏油","乾燥","無缺陷","無障礙物","良好","無號誌","無號誌","無標記","未繪設車道線","未繪設快慢車道分隔線","有","追撞","未注意車前狀態","Y000","YZ00",1,2,2012-09-29,"林湖路","","金門縣金寧鄉00502號路燈桿前","118.330303","24.4320985"