"年月","總編號","處理單位","處理編號","年","月","日","時","分","縣市","區","村里","鄰","街道","段","巷","弄","號","公尺處","街道.1","段.1","側","附近","道路","公里","公尺處.1","向","車道","平交道","公里.1","公尺處.2","附近.1","死","受傷","X2.30","天候","光線","道路類別","速限","道路型態","事故位置","路面鋪裝","路面狀態","路面缺陷","障礙物","視距","號誌種類","號誌動作","分向設施","快車道或一般車道間","快慢車道間","路面邊線","事故類型及型態","主要肇因","警局","分局","案件類別","事故類別","日期","道路1","道路2","概略位置","lon","lat"
10109,"10109Y00020034","YZA1","10109YZ000041",2012,9,30,8,35,"金門縣","金城鎮","",NA,"民生路","","",NA,"","","中興路","","","路口",NA,NA,NA,NA,NA,NA,NA,NA,NA,0,2,0,"晴","日間自然光線","村里道路",40,"四岔路","交岔口附近","柏油","乾燥","無缺陷","無障礙物","良好","行車管制號誌","正常","無標記","未繪設車道線","未繪設快慢車道分隔線","有","追撞","未保持行車安全距離","Y000","YZ00",1,2,2012-09-30,"民生路","中興路","","118.319696","24.43433386"
10109,"10109Y00020029","YZA1","10109YZ000042",2012,9,30,15,25,"金門縣","金城鎮","",NA,"環島北路","","38",2,"11","","","","","路口",NA,NA,NA,NA,NA,NA,NA,NA,NA,0,1,0,"晴","日間自然光線","村里道路",50,"四岔路","交岔路口內","水泥","乾燥","無缺陷","無障礙物","良好","無號誌","無號誌","無分向設施","未繪設車道線","未繪設快慢車道分隔線","有","路口交岔撞","未依規定讓車","Y000","YZ00",1,2,2012-09-30,"環島北路38巷2弄11號","","金門縣金城鎮路口","118.322662","24.441264"
10109,"","YZA1","10109YZ000043",2012,9,20,3,49,"金門縣","金寧鄉","",NA,"伯玉路","二","",NA,"","","","","","00119號路燈桿前",NA,NA,NA,NA,NA,NA,NA,NA,NA,0,0,0,"晴",NA,NA,70,NA,NA,NA,NA,NA,NA,NA,NA,NA,NA,NA,NA,NA,NA,NA,"Y000","YZ00",1,4,2012-09-20,"伯玉路二段","","金門縣金寧鄉00119號路燈桿前","118.3416148","24.4414563"
10110,"10110Y00020001","YYA1","10110YY000002",2012,10,1,7,25,"金門縣","金沙鎮","",NA,"","","",NA,"","","","","","忠孝新村2號旁巷口",NA,NA,NA,NA,NA,NA,NA,NA,NA,0,2,0,"晴","日間自然光線","村里道路",50,"四岔路","交岔路口內","其他鋪裝","乾燥","無缺陷","無障礙物","良好","無號誌","無號誌","無分向設施","未繪設車道線","未繪設快慢車道分隔線","無","路口交岔撞","未依規定讓車","Y000","YY00",NA,NA,2012-10-01,"金門縣金沙鎮忠孝新村2號旁巷口","","金門縣金沙鎮忠孝新村2號旁巷口","118.413013","24.493643"
10110,"10110Y00030002","YYA1","10110YY000010",2012,10,3,10,30,"金門縣","金湖鎮","",NA,"復興路","","",NA,"","","中正路","","","",NA,NA,NA,NA,NA,NA,NA,NA,NA,0,0,0,"晴","日間自然光線","村里道路",40,"四岔路","交岔路口內","柏油","乾燥","無缺陷","無障礙物","良好","無號誌","無號誌","無分向設施","未繪設車道線","未繪設快慢車道分隔線","有","同向擦撞","未注意車前狀態","Y000","YY00",1,3,2012-10-03,"復興路","中正路","","118.417044","24.4406698"
10110,"10110Y00020011","YYA1","10110YY000011",2012,10,5,15,36,"金門縣","金湖鎮","",NA,"伯玉路","五","",NA,"","","","","","魯王墓前",NA,NA,NA,NA,NA,NA,NA,NA,NA,0,1,0,"晴","日間自然光線","村里道路",50,"彎曲路及附近","一般車道（未劃分快慢車道）","柏油","乾燥","無缺陷","無障礙物","彎道","無號誌","無號誌","附標記","未繪設車道線","未繪設快慢車道分隔線","有","撞護欄（樁）","未依規定減速","Y000","YY00",1,2,2012-10-05,"伯玉路五段","","金門縣金湖鎮魯王墓前","118.3897645","24.4505133"
10110,"10110Y00020012","YYA1","10110YY000018",2012,10,7,20,42,"金門縣","金湖鎮","新市里",NA,"市港路","","",NA,"","","","","","重劃區往塔后路口",NA,NA,NA,NA,NA,NA,NA,NA,NA,0,1,0,"晴","夜間（或隧道、地下道、涵洞）有照明","村里道路",50,"四岔路","交岔路口內","柏油","乾燥","無缺陷","無障礙物","良好","無號誌","無號誌","無分向設施","未繪設車道線","未繪設快慢車道分隔線","有","側撞","未依規定讓車","Y000","YY00",1,2,2012-10-07,"市港路","","金門縣金湖鎮新市里重劃區往塔后路口","118.4099121","24.4348324"
10110,"10110Y00020018","YYA1","10110YY000021",2012,10,9,7,55,"金門縣","金沙鎮","",NA,"","","",NA,"","","","","","金沙水庫",NA,NA,NA,NA,NA,NA,NA,NA,NA,0,2,0,"晴","日間自然光線","村里道路",50,"彎曲路及附近","一般車道（未劃分快慢車道）","柏油","乾燥","無缺陷","無障礙物","彎道","無號誌","無號誌","無標記","未繪設車道線","未繪設快慢車道分隔線","有","撞護欄（樁）","未依規定減速","Y000","YY00",1,2,2012-10-09,"金門縣金沙鎮金沙水庫","","金門縣金沙鎮金沙水庫","118.4016667","24.4922222"
10110,"10110Y00020013","YYA1","10110YY000023",2012,10,9,11,46,"金門縣","金沙鎮","何斗里",NA,"環中路","","",NA,"","","","","","太武圓環旁路段",NA,NA,NA,NA,NA,NA,NA,NA,NA,0,1,0,"晴","日間自然光線","村里道路",50,"直路","一般車道（未劃分快慢車道）","柏油","乾燥","無缺陷","無障礙物","良好","無號誌","無號誌","無標記","未繪設車道線","未繪設快慢車道分隔線","有","衝出路外","酒醉（後）駕駛失控","Y000","YY00",1,2,2012-10-09,"環中路","","金門縣金沙鎮何斗里太武圓環旁路段","118.3912208","24.4595516"
10110,"10110Y00020036","YYA1","10110YY000024",2012,10,9,14,55,"金門縣","金湖鎮","新市里",NA,"復興路","","",NA,"","","","","","土地銀行前路口",NA,NA,NA,NA,NA,NA,NA,NA,NA,0,1,0,"晴","日間自然光線","村里道路",40,"四岔路","交岔路口內","柏油","乾燥","無缺陷","無障礙物","路上停放車輛","無號誌","無號誌","無分向設施","未繪設車道線","未繪設快慢車道分隔線","有","路口交岔撞","未依規定讓車","Y000","YY00",1,2,2012-10-09,"復興路","","金門縣金湖鎮新市里土地銀行前路口","118.4161413","24.4412321"
10110,"10110Y00020058","YYA1","10110YY000027",2012,10,9,21,0,"金門縣","金湖鎮","新市里",NA,"市港路","","",NA,"","","","","","重劃區路段牌樓處",NA,NA,NA,NA,NA,NA,NA,NA,NA,0,2,0,"晴","夜間（或隧道、地下道、涵洞）有照明","村里道路",50,"四岔路","交岔路口內","柏油","乾燥","無缺陷","無障礙物","良好","無號誌","無號誌","無分向設施","未繪設車道線","未繪設快慢車道分隔線","有","同向擦撞","未依規定讓車","Y000","YY00",1,2,2012-10-09,"市港路","","金門縣金湖鎮新市里重劃區路段牌樓處","118.4099121","24.4348324"
10110,"10110Y00020014","YYA1","10110YY000028",2012,10,10,12,37,"金門縣","金沙鎮","",NA,"環島東路","","",NA,"","","","","","陽翟01172號路燈桿",NA,NA,NA,NA,NA,NA,NA,NA,NA,0,2,0,"晴","日間自然光線","村里道路",50,"彎曲路及附近","一般車道（未劃分快慢車道）","柏油","乾燥","無缺陷","無障礙物","彎道","無號誌","無號誌","無標記","未繪設車道線","未繪設快慢車道分隔線","有","撞護欄（樁）","未依規定減速","Y000","YY00",1,2,2012-10-10,"環島東路","","金門縣金沙鎮陽翟01172號路燈桿","118.4213083","24.4841071"
10110,"10110Y00020025","YYA1","10110YY000030",2012,10,14,13,47,"金門縣","金湖鎮","",NA,"環島南路","四","",NA,"","","","","","漁村137號前前路段",NA,NA,NA,NA,NA,NA,NA,NA,NA,0,2,0,"晴","日間自然光線","村里道路",50,"直路","一般車道（未劃分快慢車道）","柏油","乾燥","無缺陷","無障礙物","良好","無號誌","無號誌","無標記","未繪設車道線","快慢車道分隔線","有","側撞","未注意車前狀態","Y000","YY00",1,2,2012-10-14,"環島南路四段","","金門縣金湖鎮漁村137號前前路段","118.40101","24.438041"
10110,"","YYA1","10110YY000033",2012,10,12,22,30,"金門縣","金湖鎮","新湖里",NA,"","","",NA,"","","","","","塔后66號前",NA,NA,NA,NA,NA,NA,NA,NA,NA,0,0,0,"晴","夜間（或隧道、地下道、涵洞）有照明","村里道路",40,"其他","其他","柏油","乾燥","無缺陷","無障礙物","良好","無號誌","無號誌","無分向設施","未繪設車道線","未繪設快慢車道分隔線","有","其他","倒車未依規定","Y000","YY00",3,3,2012-10-12,"金門縣金湖鎮新湖里塔后66號前","","金門縣金湖鎮新湖里塔后66號前","118.417239","24.439798"
10110,"10110Y00020027","YYA1","10110YY000034",2012,10,14,20,10,"金門縣","金湖鎮","新市里",NA,"復興路","","",NA,"116","","","","","",NA,NA,NA,NA,NA,NA,NA,NA,NA,0,2,0,"晴","夜間（或隧道、地下道、涵洞）有照明","村里道路",50,"四岔路","交岔口附近","柏油","乾燥","無缺陷","無障礙物","良好","無號誌","無號誌","無標記","未繪設車道線","未繪設快慢車道分隔線","有","側撞","未依規定減速","Y000","YY00",1,2,2012-10-14,"復興路116號","","金門縣金湖鎮新市里","118.4161413","24.4412321"
10110,"10110Y00030004","YYA1","10110YY000038",2012,10,16,11,32,"金門縣","金湖鎮","料羅里",NA,"環島南路","五","",NA,"","","","","","白龍潭05003號路燈桿前路段",NA,NA,NA,NA,NA,NA,NA,NA,NA,0,0,0,"晴","日間自然光線","村里道路",60,"直路","一般車道（未劃分快慢車道）","柏油","乾燥","無缺陷","無障礙物","良好","無號誌","無號誌","無標記","未繪設車道線","未繪設快慢車道分隔線","有","其他","起步未注意其他車（人）安全","Y000","YY00",1,3,2012-10-16,"環島南路五段","","金門縣金湖鎮料羅里白龍潭05003號路燈桿前路段","118.4239844","24.4324232"
10110,"10110Y00020030","YYA1","10110YY000043",2012,10,18,11,56,"金門縣","金湖鎮","新市里",NA,"士校路","","",NA,"","","","","","金門高職農場前路口",NA,NA,NA,NA,NA,NA,NA,NA,NA,0,1,0,"晴","日間自然光線","村里道路",50,"三岔路","交岔路口內","柏油","乾燥","無缺陷","無障礙物","良好","無號誌","無號誌","無分向設施","未繪設車道線","未繪設快慢車道分隔線","有","側撞","未依規定讓車","Y000","YY00",1,2,2012-10-18,"士校路","","金門縣金湖鎮新市里金門高職農場前路口","118.4271704","24.4453138"
10110,"10110Y00020031","YYA1","10110YY000046",2012,10,19,7,16,"金門縣","金湖鎮","",NA,"太湖路","","",NA,"","","","","","塔后重劃區",NA,NA,NA,NA,NA,NA,NA,NA,NA,0,2,0,"晴","日間自然光線","村里道路",50,"直路","一般車道（未劃分快慢車道）","柏油","乾燥","無缺陷","無障礙物","良好","無號誌","無號誌","無標記","未繪設車道線","未繪設快慢車道分隔線","有","同向擦撞","未注意車前狀態","Y000","YY00",1,2,2012-10-19,"太湖路","","金門縣金湖鎮塔后重劃區","118.4047483","24.4473343"
10110,"10110Y00020032","YYA1","10110YY000047",2012,10,19,18,10,"金門縣","金沙鎮","",NA,"環島北路","四","",NA,"","","","","","金沙三號橋路段",NA,NA,NA,NA,NA,NA,NA,NA,NA,0,1,0,"晴","晨或暮光","村里道路",60,"直路","一般車道（未劃分快慢車道）","柏油","乾燥","無缺陷","無障礙物","良好","無號誌","無號誌","附標記","未繪設車道線","未繪設快慢車道分隔線","有","追撞","未保持行車安全距離","Y000","YY00",1,2,2012-10-19,"環島北路四段","","金門縣金沙鎮金沙三號橋路段","118.4045085","24.4840105"
10110,"","YYA1","10110YY000050",2012,10,19,7,45,"金門縣","金沙鎮","",NA,"環島北路","三","",NA,"","","","","","中蘭屠宰廠路段",NA,NA,NA,NA,NA,NA,NA,NA,NA,0,0,0,"晴",NA,NA,60,NA,NA,NA,NA,NA,NA,NA,NA,NA,NA,NA,NA,NA,NA,NA,"Y000","YY00",1,4,2012-10-19,"環島北路三段","","金門縣金沙鎮中蘭屠宰廠路段","118.388325","24.466263"
10110,"10110Y00030006","YYA1","10110YY000055",2012,10,19,14,10,"金門縣","金湖鎮","",NA,"環島南路","四","",NA,"","","","","","漁村路段",NA,NA,NA,NA,NA,NA,NA,NA,NA,0,0,0,"晴","日間自然光線","村里道路",50,"直路","路肩、路緣","柏油","乾燥","無缺陷","無障礙物","良好","無號誌","無號誌","無標記","未繪設車道線","快慢車道分隔線","有","撞路樹、電桿","違規停車或暫停不當而肇事","Y000","YY00",1,3,2012-10-19,"環島南路四段","","金門縣金湖鎮漁村路段","118.40101","24.438041"
10110,"10110Y00020043","YYA1","10110YY000056",2012,10,19,17,56,"金門縣","金沙鎮","",NA,"","","",NA,"","","","","","文化園區路口",NA,NA,NA,NA,NA,NA,NA,NA,NA,0,2,0,"晴","夜間（或隧道、地下道、涵洞）有照明","村里道路",50,"三岔路","交岔路口內","柏油","乾燥","無缺陷","無障礙物","良好","無號誌","無號誌","無分向設施","未繪設車道線","未繪設快慢車道分隔線","有","衝出路外","未依規定減速","Y000","YY00",1,2,2012-10-19,"金門縣金沙鎮文化園區路口","","金門縣金沙鎮文化園區路口","118.402311","24.497436"
10110,"10110Y00020054","YYA1","10110YY000057",2012,10,22,7,32,"金門縣","金湖鎮","新湖里",NA,"","","",NA,"","","","","","信義新村32號住家後方路口",NA,NA,NA,NA,NA,NA,NA,NA,NA,0,1,0,"晴","日間自然光線","村里道路",40,"四岔路","交岔路口內","其他鋪裝","乾燥","無缺陷","無障礙物","良好","無號誌","無號誌","無分向設施","未繪設車道線","未繪設快慢車道分隔線","無","側撞","未依規定讓車","Y000","YY00",1,2,2012-10-22,"金門縣金湖鎮新湖里信義新村32號住家後方路口","","金門縣金湖鎮新湖里信義新村32號住家後方路口","118.410361","24.435293"
10110,"10110Y00030005","YYA1","10110YY000058",2012,10,22,12,20,"金門縣","金沙鎮","",NA,"高陽路","","",NA,"","","","","","斗門段01900路燈",NA,NA,NA,NA,NA,NA,NA,NA,NA,0,0,0,"晴","日間自然光線","村里道路",60,"直路","一般車道（未劃分快慢車道）","柏油","乾燥","無缺陷","無障礙物","樹木、農作物","無號誌","無號誌","無標記","未繪設車道線","未繪設快慢車道分隔線","有","其他","起步未注意其他車（人）安全","Y000","YY00",1,3,2012-10-22,"高陽路","","金門縣金沙鎮斗門段01900路燈","118.4078483","24.4727311"
10110,"10110Y00020037","YYA1","10110YY000061",2012,10,24,4,40,"金門縣","金湖鎮","",NA,"環島北路","三","",NA,"","","","","","屠宰場路段07101號路燈",NA,NA,NA,NA,NA,NA,NA,NA,NA,0,2,0,"陰","夜間（或隧道、地下道、涵洞）有照明","村里道路",60,"直路","一般車道（未劃分快慢車道）","柏油","乾燥","無缺陷","無障礙物","良好","無號誌","無號誌","無標記","未繪設車道線","未繪設快慢車道分隔線","有","撞路樹、電桿","酒醉（後）駕駛失控","Y000","YY00",1,2,2012-10-24,"環島北路三段","","金門縣金湖鎮屠宰場路段07101號路燈","118.388325","24.466263"
10110,"10110Y00020038","YYA1","10110YY000069",2012,10,30,10,5,"金門縣","金湖鎮","料羅里",NA,"環島南路","五","",NA,"","","","","","05003路燈桿前",NA,NA,NA,NA,NA,NA,NA,NA,NA,0,1,0,"雨","日間自然光線","村里道路",60,"直路","一般車道（未劃分快慢車道）","柏油","濕潤","無缺陷","無障礙物","良好","無號誌","無號誌","無標記","未繪設車道線","未繪設快慢車道分隔線","有","撞路樹、電桿","未注意車前狀態","Y000","YY00",1,2,2012-10-30,"環島南路五段","","金門縣金湖鎮料羅里05003路燈桿前","118.4239844","24.4324232"
10110,"10110Y00020059","YYA1","10110YY000070",2012,10,29,4,55,"金門縣","金沙鎮","",NA,"","","",NA,"","","","","","金沙水庫由東美亭往環島北路第五支路燈桿",NA,NA,NA,NA,NA,NA,NA,NA,NA,0,2,0,"晴","夜間（或隧道、地下道、涵洞）無照明","村里道路",40,"彎曲路及附近","一般車道（未劃分快慢車道）","柏油","乾燥","無缺陷","無障礙物","彎道","無號誌","無號誌","無標記","未繪設車道線","未繪設快慢車道分隔線","有","撞護欄（樁）","未依規定減速","Y000","YY00",1,2,2012-10-29,"金門縣金沙鎮金沙水庫由東美亭往環島北路第五支路燈桿","","金門縣金沙鎮金沙水庫由東美亭往環島北路第五支路燈桿","118.4016667","24.4922222"
10110,"10110Y00020051","YYA1","10110YY000073",2012,10,31,19,30,"金門縣","金湖鎮","",NA,"環島南路","五","",NA,"","","","","","05005號路燈桿前路段",NA,NA,NA,NA,NA,NA,NA,NA,NA,0,2,0,"晴","夜間（或隧道、地下道、涵洞）有照明","村里道路",50,"直路","一般車道（未劃分快慢車道）","柏油","乾燥","無缺陷","無障礙物","良好","無號誌","無號誌","無標記","未繪設車道線","未繪設快慢車道分隔線","有","撞路樹、電桿","未注意車前狀態","Y000","YY00",1,2,2012-10-31,"環島南路五段","","金門縣金湖鎮05005號路燈桿前路段","118.4239844","24.4324232"
10110,"10110Y00010001","YZA1","10110YZ000001",2012,10,1,0,55,"金門縣","烈嶼鄉","",NA,"","","",NA,"","","","","","南塘往楊厝路段09706號路燈桿附近",NA,NA,NA,NA,NA,NA,NA,NA,NA,1,0,0,"晴","夜間（或隧道、地下道、涵洞）有照明","村里道路",40,"坡路","一般車道（未劃分快慢車道）","柏油","乾燥","無缺陷","無障礙物","良好","無號誌","無號誌","無標記","未繪設車道線","未繪設快慢車道分隔線","有","撞路樹、電桿","酒醉（後）駕駛失控","Y000","YZ00",1,1,2012-10-01,"金門縣烈嶼鄉南塘往楊厝路段09706號路燈桿附近","","金門縣烈嶼鄉南塘往楊厝路段09706號路燈桿附近","118.2378815","24.4238805"
10110,"10110Y00020002","YZA1","10110YZ000003",2012,10,1,18,8,"金門縣","金寧鄉","埔後村",NA,"","","",NA,"188","","","","","路口",NA,NA,NA,NA,NA,NA,NA,NA,NA,0,2,0,"陰","夜間（或隧道、地下道、涵洞）有照明","村里道路",40,"四岔路","交岔路口內","柏油","乾燥","無缺陷","無障礙物","建築物","無號誌","無號誌","無分向設施","未繪設車道線","未繪設快慢車道分隔線","有","路口交岔撞","未依規定讓車","Y000","YZ00",1,2,2012-10-01,"金門縣金寧鄉埔後村188","","金門縣金寧鄉埔後村路口","118.317029","24.442928"
10110,"10110Y00020003","YZA1","10110YZ000004",2012,10,3,5,15,"金門縣","金城鎮","",NA,"民族路","","",NA,"75","","","","","",NA,NA,NA,NA,NA,NA,NA,NA,NA,0,2,0,"晴","夜間（或隧道、地下道、涵洞）有照明","村里道路",40,"直路","一般車道（未劃分快慢車道）","柏油","乾燥","無缺陷","無障礙物","良好","無號誌","無號誌","無分向設施","車道線（無標記）","未繪設快慢車道分隔線","有","穿越道路中","未注意車前狀態","Y000","YZ00",1,2,2012-10-03,"民族路75號","","金門縣金城鎮","118.3157499","24.4302723"
10110,"10110Y00020004","YZA1","10110YZ000005",2012,10,3,8,48,"金門縣","金寧鄉","盤山村",NA,"伯玉路","二","",NA,"","","","","","00171號路燈桿前路段",NA,NA,NA,NA,NA,NA,NA,NA,NA,0,1,0,"晴","日間自然光線","縣道",60,"直路","慢車道","柏油","乾燥","無缺陷","無障礙物","良好","無號誌","無號誌","附標記","未繪設車道線","快慢車道分隔線","有","側撞","未依規定讓車","Y000","YZ00",1,2,2012-10-03,"伯玉路二段","","金門縣金寧鄉盤山村00171號路燈桿前路段","118.3416148","24.4414563"
10110,"10110Y00020005","YZA1","10110YZ000006",2012,10,3,12,8,"金門縣","金城鎮","",NA,"民生路","","",NA,"","","","","","54巷口",NA,NA,NA,NA,NA,NA,NA,NA,NA,0,1,0,"晴","日間自然光線","村里道路",40,"三岔路","交岔路口內","柏油","乾燥","無缺陷","無障礙物","良好","無號誌","無號誌","無分向設施","未繪設車道線","快慢車道分隔線","有","側撞","左轉彎未依規定","Y000","YZ00",1,2,2012-10-03,"民生路","","金門縣金城鎮54巷口","118.3190184","24.43575"
10110,"10110Y00020006","YZA1","10110YZ000007",2012,10,3,17,35,"金門縣","金城鎮","",NA,"珠浦南路","","",NA,"","","","","","許氏家廟旁",NA,NA,NA,NA,NA,NA,NA,NA,NA,0,2,0,"晴","日間自然光線","村里道路",40,"廣場","其他","其他鋪裝","乾燥","無缺陷","無障礙物","其他","無號誌","無號誌","無分向設施","未繪設車道線","未繪設快慢車道分隔線","無","對向擦撞","左轉彎未依規定","Y000","YZ00",1,2,2012-10-03,"珠浦南路","","金門縣金城鎮許氏家廟旁","118.3152928","24.4311875"
10110,"10110Y00020007","YZA1","10110YZ000008",2012,10,3,18,35,"金門縣","金寧鄉","",NA,"伯玉路","二","",NA,"","","","","","國家公園前路口",NA,NA,NA,NA,NA,NA,NA,NA,NA,0,1,0,"晴","夜間（或隧道、地下道、涵洞）有照明","村里道路",40,"四岔路","交岔路口內","柏油","乾燥","無缺陷","無障礙物","良好","無號誌","無號誌","無分向設施","未繪設車道線","未繪設快慢車道分隔線","有","側撞","未依規定讓車","Y000","YZ00",1,2,2012-10-03,"伯玉路二段","","金門縣金寧鄉國家公園前路口","118.3416148","24.4414563"
10110,"10110Y00030001","YZA1","10110YZ000009",2012,10,3,23,55,"金門縣","金寧鄉","",NA,"盤果路","","",NA,"20","","","","","",NA,NA,NA,NA,NA,NA,NA,NA,NA,0,0,0,"晴","夜間（或隧道、地下道、涵洞）有照明","村里道路",50,"直路","一般車道（未劃分快慢車道）","柏油","乾燥","無缺陷","無障礙物","良好","無號誌","無號誌","無標記","未繪設車道線","未繪設快慢車道分隔線","有","其他","未注意車前狀態","Y000","YZ00",1,3,2012-10-03,"盤果路20號","","金門縣金寧鄉","118.3423814","24.4390088"
10110,"10110Y00020015","YZA1","10110YZ000012",2012,10,5,20,23,"金門縣","金城鎮","",NA,"民權路","","",NA,"","","","","","與金城新莊7巷口",NA,NA,NA,NA,NA,NA,NA,NA,NA,0,2,0,"晴","夜間（或隧道、地下道、涵洞）有照明","縣道",40,"四岔路","交岔路口內","柏油","乾燥","無缺陷","無障礙物","良好","無號誌","無號誌","無分向設施","未繪設車道線","未繪設快慢車道分隔線","有","側撞","未依規定讓車","Y000","YZ00",1,2,2012-10-05,"民權路","","金門縣金城鎮與金城新莊7巷口","118.3168946","24.4355379"
10110,"10110Y00020016","YZA1","10110YZ000013",2012,10,5,22,30,"金門縣","金城鎮","",NA,"環島北路","","",NA,"","","","","","07223號燈桿附近",NA,NA,NA,NA,NA,NA,NA,NA,NA,0,2,0,"晴","夜間（或隧道、地下道、涵洞）有照明","村里道路",60,"直路","一般車道（未劃分快慢車道）","柏油","乾燥","無缺陷","無障礙物","良好","無號誌","無號誌","附標記","未繪設車道線","未繪設快慢車道分隔線","有","同向通行中","未注意車前狀態","Y000","YZ00",1,2,2012-10-05,"環島北路","","金門縣金城鎮07223號燈桿附近","118.322662","24.441264"
10110,"10110Y00020008","YZA1","10110YZ000014",2012,10,6,7,44,"金門縣","金寧鄉","",NA,"","","",NA,"","","","","","埔後135號旁路口",NA,NA,NA,NA,NA,NA,NA,NA,NA,0,2,0,"晴","日間自然光線","其他",40,"四岔路","交岔路口內","柏油","乾燥","無缺陷","無障礙物","良好","無號誌","無號誌","無分向設施","未繪設車道線","未繪設快慢車道分隔線","有","路口交岔撞","未依規定讓車","Y000","YZ00",1,2,2012-10-06,"金門縣金寧鄉埔後135號旁路口","","金門縣金寧鄉埔後135號旁路口","118.317029","24.442928"
10110,"10110Y00020017","YZA1","10110YZ000015",2012,10,6,6,25,"金門縣","金寧鄉","",NA,"瓊安路","","",NA,"","","","","","后沙07368號燈桿附近",NA,NA,NA,NA,NA,NA,NA,NA,NA,0,1,0,"晴","日間自然光線","村里道路",50,"直路","一般車道（未劃分快慢車道）","柏油","乾燥","無缺陷","無障礙物","良好","無號誌","無號誌","附標記","未繪設車道線","未繪設快慢車道分隔線","有","衝出路外","酒醉（後）駕駛失控","Y000","YZ00",1,2,2012-10-06,"瓊安路","","金門縣金寧鄉后沙07368號燈桿附近","118.343873","24.4603508"
10110,"10110Y00020009","YZA1","10110YZ000016",2012,10,6,13,50,"金門縣","金寧鄉","",NA,"大學路","","",NA,"","","","","","金門大學綜合大樓前",NA,NA,NA,NA,NA,NA,NA,NA,NA,0,2,0,"晴","日間自然光線","村里道路",40,"三岔路","交岔路口內","水泥","乾燥","無缺陷","道路工事（程）中","良好","無號誌","無號誌","無分向設施","未繪設車道線","未繪設快慢車道分隔線","有","側撞","左轉彎未依規定","Y000","YZ00",1,2,2012-10-06,"大學路","","金門縣金寧鄉金門大學綜合大樓前","118.325279","24.4466751"
10110,"10110Y00020010","YZA1","10110YZ000017",2012,10,7,16,57,"金門縣","金寧鄉","",NA,"大學路","","",NA,"","","","","","綜合大樓前路口",NA,NA,NA,NA,NA,NA,NA,NA,NA,0,1,0,"晴","日間自然光線","其他",40,"四岔路","交岔路口內","柏油","乾燥","無缺陷","無障礙物","良好","無號誌","無號誌","無分向設施","未繪設車道線","未繪設快慢車道分隔線","有","側撞","未依規定讓車","Y000","YZ00",1,2,2012-10-07,"大學路","","金門縣金寧鄉綜合大樓前路口","118.325279","24.4466751"
10110,"10110Y00020039","YZA1","10110YZ000019",2012,10,8,2,45,"金門縣","金城鎮","",NA,"西海路","三","",NA,"","","","","","水試所路段",NA,NA,NA,NA,NA,NA,NA,NA,NA,0,1,0,"晴","夜間（或隧道、地下道、涵洞）有照明","村里道路",50,"直路","一般車道（未劃分快慢車道）","柏油","乾燥","無缺陷","無障礙物","良好","無號誌","無號誌","附標記","未繪設車道線","未繪設快慢車道分隔線","有","路上翻車、摔倒","酒醉（後）駕駛失控","Y000","YZ00",1,2,2012-10-08,"西海路三段","","金門縣金城鎮水試所路段","118.3124964","24.4226194"
10110,"","YZA1","10110YZ000020",2012,10,7,16,20,"金門縣","金寧鄉","",NA,"環島北路","一","350",NA,"","","","","","產業道路00171燈趕",NA,NA,NA,NA,NA,NA,NA,NA,NA,0,0,0,NA,NA,NA,0,NA,NA,NA,NA,NA,NA,NA,NA,NA,NA,NA,NA,NA,NA,NA,"Y000","YZ00",1,4,2012-10-07,"環島北路一段350巷","","金門縣金寧鄉產業道路00171燈趕","118.3283226","24.4462231"
10110,"10110Y00020019","YZA1","10110YZ000022",2012,10,9,12,20,"金門縣","金城鎮","",NA,"民權路","","",NA,"","","光前路","","","路口",NA,NA,NA,NA,NA,NA,NA,NA,NA,0,3,0,"晴","日間自然光線","村里道路",40,"四岔路","交岔路口內","柏油","乾燥","無缺陷","無障礙物","良好","行車管制號誌","正常","無分向設施","未繪設車道線","未繪設快慢車道分隔線","有","側撞","違規超車","Y000","YZ00",1,2,2012-10-09,"民權路","光前路","","118.3154588","24.43343543"
10110,"10110Y00020020","YZA1","10110YZ000025",2012,10,9,15,25,"金門縣","金寧鄉","",NA,"伯玉路","二","",NA,"","","","","","00174燈桿旁路段",NA,NA,NA,NA,NA,NA,NA,NA,NA,0,1,0,"晴","日間自然光線","鄉道",70,"直路","一般車道（未劃分快慢車道）","柏油","乾燥","無缺陷","無障礙物","良好","無號誌","無號誌","附標記","未繪設車道線","快慢車道分隔線","有","衝出路外","未保持行車安全距離","Y000","YZ00",1,2,2012-10-09,"伯玉路二段","","金門縣金寧鄉00174燈桿旁路段","118.3416148","24.4414563"
10110,"10110Y00020021","YZA1","10110YZ000026",2012,10,9,17,15,"金門縣","金城鎮","",NA,"民生路","","",NA,"34","","","","","",NA,NA,NA,NA,NA,NA,NA,NA,NA,0,3,0,"晴","日間自然光線","村里道路",40,"直路","一般車道（未劃分快慢車道）","柏油","乾燥","無缺陷","無障礙物","良好","無號誌","無號誌","無標記","未繪設車道線","快慢車道分隔線","有","側撞","右轉彎未依規定","Y000","YZ00",1,2,2012-10-09,"民生路34號","","金門縣金城鎮","118.3190184","24.43575"
10110,"10110Y00030003","YZA1","10110YZ000029",2012,10,12,10,54,"金門縣","金城鎮","",NA,"北堤路","","",NA,"100","","","","","711超商",NA,NA,NA,NA,NA,NA,NA,NA,NA,0,0,0,"晴","日間自然光線","村里道路",40,"其他","其他","無鋪裝","乾燥","無缺陷","其他障礙物","良好","無號誌","無號誌","無分向設施","未繪設車道線","未繪設快慢車道分隔線","無","其他","未注意車前狀態","Y000","YZ00",1,3,2012-10-12,"北堤路100號","","金門縣金城鎮711超商","118.3167419","24.4294062"