"年月","總編號","處理單位","處理編號","年","月","日","時","分","縣市","區","村里","鄰","街道","段","巷","弄","號","公尺處","街道.1","段.1","側","附近","道路","公里","公尺處.1","向","車道","平交道","公里.1","公尺處.2","附近.1","死","受傷","X2.30","天候","光線","道路類別","速限","道路型態","事故位置","路面鋪裝","路面狀態","路面缺陷","障礙物","視距","號誌種類","號誌動作","分向設施","快車道或一般車道間","快慢車道間","路面邊線","事故類型及型態","主要肇因","警局","分局","案件類別","事故類別","日期","道路1","道路2","概略位置","lon","lat"
10110,"10110Y00020024","YZA1","10110YZ000031",2012,10,13,18,3,"金門縣","金寧鄉","",NA,"慈湖路","一","",NA,"","","","","","03408號燈桿前路段",NA,NA,NA,NA,NA,NA,NA,NA,NA,0,2,0,"晴","晨或暮光","縣道",50,"直路","一般車道（未劃分快慢車道）","柏油","乾燥","無缺陷","無障礙物","良好","無號誌","無號誌","無標記","未繪設車道線","未繪設快慢車道分隔線","有","同向擦撞","未保持行車安全間隔","Y000","YZ00",1,2,2012-10-13,"慈湖路一段","","金門縣金寧鄉03408號燈桿前路段","118.3117387","24.4416084"
10110,"10110Y00020026","YZA1","10110YZ000032",2012,10,14,18,32,"金門縣","金城鎮","",NA,"民生路","","",NA,"","","民權路","","","路口",NA,NA,NA,NA,NA,NA,NA,NA,NA,0,2,0,"陰","夜間（或隧道、地下道、涵洞）有照明","村里道路",40,"四岔路","交岔路口內","柏油","乾燥","無缺陷","無障礙物","良好","行車管制號誌","正常","無分向設施","未繪設車道線","未繪設快慢車道分隔線","有","側撞","未依規定讓車","Y000","YZ00",1,2,2012-10-14,"民生路","民權路","","118.318387","24.437086"
10110,"10110Y00020023","YZA1","10110YZ000035",2012,10,13,11,58,"金門縣","金城鎮","",NA,"環島北路","一","",NA,"","","林湖路","","","",NA,NA,NA,NA,NA,NA,NA,NA,NA,0,2,0,"晴","日間自然光線","縣道",50,"三岔路","交岔路口內","柏油","乾燥","無缺陷","無障礙物","良好","無號誌","無號誌","無分向設施","未繪設車道線","未繪設快慢車道分隔線","有","其他","未保持行車安全間隔","Y000","YZ00",1,2,2012-10-13,"環島北路一段","林湖路","","118.3258302","24.4439927"
10110,"10110Y00020057","YZA1","10110YZ000036",2012,10,15,14,55,"金門縣","烈嶼鄉","",NA,"九井路","","",NA,"","","","","","09155燈桿前路口",NA,NA,NA,NA,NA,NA,NA,NA,NA,0,2,0,"晴","日間自然光線","村里道路",50,"三岔路","交岔路口內","柏油","乾燥","無缺陷","無障礙物","良好","無號誌","無號誌","無標記","未繪設車道線","未繪設快慢車道分隔線","有","側撞","違規超車","Y000","YZ00",1,2,2012-10-15,"九井路","","金門縣烈嶼鄉09155燈桿前路口","118.2439073","24.4317335"
10110,"10110Y00020028","YZA1","10110YZ000037",2012,10,15,18,43,"金門縣","金城鎮","",NA,"民權路","","",NA,"156","","","","","",NA,NA,NA,NA,NA,NA,NA,NA,NA,0,2,0,"晴","夜間（或隧道、地下道、涵洞）有照明","鄉道",40,"三岔路","交岔路口內","柏油","乾燥","無缺陷","無障礙物","良好","無號誌","無號誌","無分向設施","未繪設車道線","快慢車道分隔線","有","側撞","未注意車前狀態","Y000","YZ00",1,2,2012-10-15,"民權路156號","","金門縣金城鎮","118.3177629","24.4364948"
10110,"10110Y00020022","YZA1","10110YZ000039",2012,10,11,21,15,"金門縣","金城鎮","",NA,"民生路","","",NA,"","","","","","00584路燈桿前",NA,NA,NA,NA,NA,NA,NA,NA,NA,0,2,0,"晴","夜間（或隧道、地下道、涵洞）有照明","村里道路",50,"四岔路","交岔路口內","柏油","乾燥","無缺陷","無障礙物","良好","無號誌","無號誌","無分向設施","未繪設車道線","未繪設快慢車道分隔線","有","其他","未依規定減速","Y000","YZ00",1,2,2012-10-11,"民生路","","金門縣金城鎮00584路燈桿前","118.3190184","24.43575"
10110,"10110Y00020029","YZA1","10110YZ000040",2012,10,16,22,13,"金門縣","金城鎮","",NA,"中興路","","",NA,"148","","","","","",NA,NA,NA,NA,NA,NA,NA,NA,NA,0,1,0,"晴","夜間（或隧道、地下道、涵洞）有照明","村里道路",40,"三岔路","交岔口附近","水泥","乾燥","無缺陷","無障礙物","良好","無號誌","無號誌","無標記","未繪設車道線","未繪設快慢車道分隔線","有","側撞","未依規定讓車","Y000","YZ00",1,2,2012-10-16,"中興路148號","","金門縣金城鎮","118.3191873","24.4340426"
10110,"10110Y00020040","YZA1","10110YZ000041",2012,10,12,10,50,"金門縣","金城鎮","",NA,"民權路","","",NA,"","","","","","西南門里公所前",NA,NA,NA,NA,NA,NA,NA,NA,NA,0,1,0,"晴","日間自然光線","村里道路",40,"直路","一般車道（未劃分快慢車道）","柏油","乾燥","無缺陷","無障礙物","良好","無號誌","無號誌","附標記","未繪設車道線","未繪設快慢車道分隔線","有","路上翻車、摔倒","未注意車前狀態","Y000","YZ00",1,2,2012-10-12,"民權路","","金門縣金城鎮西南門里公所前","118.3168946","24.4355379"
10110,"10110Y00020052","YZA1","10110YZ000042",2012,10,17,15,10,"金門縣","金寧鄉","榜林村",NA,"桃園路","","",NA,"","","","","","東洲32號前路段",NA,NA,NA,NA,NA,NA,NA,NA,NA,0,1,0,"晴","日間自然光線","鄉道",60,"直路","一般車道（未劃分快慢車道）","柏油","乾燥","無缺陷","無障礙物","良好","無號誌","無號誌","附標記","未繪設車道線","未繪設快慢車道分隔線","有","衝出路外","酒醉（後）駕駛失控","Y000","YZ00",1,2,2012-10-17,"桃園路","","金門縣金寧鄉榜林村東洲32號前路段","118.3446627","24.4317794"
10110,"","YZA1","10110YZ000044",2012,10,17,23,12,"金門縣","金城鎮","",NA,"北堤路","","",NA,"","","西海路","三","","路口",NA,NA,NA,NA,NA,NA,NA,NA,NA,0,0,0,NA,NA,NA,0,NA,NA,NA,NA,NA,NA,NA,NA,NA,NA,NA,NA,NA,NA,NA,"Y000","YZ00",1,4,2012-10-17,"北堤路","西海路三段","","118.3155284","24.42927395"
10110,"10110Y00020042","YZA1","10110YZ000045",2012,10,18,22,45,"金門縣","金城鎮","",NA,"民生路","","",NA,"52","","","","","",NA,NA,NA,NA,NA,NA,NA,NA,NA,0,1,0,"晴","夜間（或隧道、地下道、涵洞）有照明","村里道路",50,"直路","一般車道（未劃分快慢車道）","柏油","乾燥","無缺陷","無障礙物","良好","無號誌","無號誌","無標記","未繪設車道線","未繪設快慢車道分隔線","有","其他","未注意車前狀態","Y000","YZ00",1,2,2012-10-18,"民生路52號","","金門縣金城鎮","118.3190184","24.43575"
10110,"10110Y00020034","YZA1","10110YZ000048",2012,10,19,19,0,"金門縣","金寧鄉","",NA,"伯玉路","二","",NA,"","","","","","00214號燈桿前路段",NA,NA,NA,NA,NA,NA,NA,NA,NA,0,1,0,"晴","夜間（或隧道、地下道、涵洞）有照明","縣道",70,"直路","一般車道（未劃分快慢車道）","柏油","乾燥","無缺陷","無障礙物","良好","無號誌","無號誌","無標記","未繪設車道線","快慢車道分隔線","有","追撞","未保持行車安全距離","Y000","YZ00",1,2,2012-10-19,"伯玉路二段","","金門縣金寧鄉00214號燈桿前路段","118.3416148","24.4414563"
10110,"10110Y00020033","YZA1","10110YZ000049",2012,10,19,19,0,"金門縣","金寧鄉","",NA,"","","",NA,"","","","","","埔後135號旁",NA,NA,NA,NA,NA,NA,NA,NA,NA,0,1,0,"晴","夜間（或隧道、地下道、涵洞）有照明","村里道路",40,"四岔路","交岔路口內","柏油","乾燥","無缺陷","無障礙物","良好","無號誌","無號誌","無分向設施","未繪設車道線","未繪設快慢車道分隔線","有","路口交岔撞","未依規定讓車","Y000","YZ00",1,2,2012-10-19,"金門縣金寧鄉埔後135號旁","","金門縣金寧鄉埔後135號旁","118.317029","24.442928"
10110,"10110Y00020045","YZA1","10110YZ000051",2012,10,20,20,52,"金門縣","金城鎮","",NA,"環島北路","","",NA,"66","","","","","路段",NA,NA,NA,NA,NA,NA,NA,NA,NA,0,1,0,"陰","夜間（或隧道、地下道、涵洞）有照明","縣道",60,"直路","一般車道（未劃分快慢車道）","柏油","乾燥","無缺陷","無障礙物","良好","無號誌","無號誌","附標記","未繪設車道線","未繪設快慢車道分隔線","有","對撞","違規超車","Y000","YZ00",1,2,2012-10-20,"環島北路66號","","金門縣金城鎮路段","118.322662","24.441264"
10110,"10110Y00020044","YZA1","10110YZ000052",2012,10,19,23,10,"金門縣","金城鎮","",NA,"","","",NA,"","","","","","賢城路莒光樓路段",NA,NA,NA,NA,NA,NA,NA,NA,NA,0,1,0,"晴","夜間（或隧道、地下道、涵洞）有照明","鄉道",40,"彎曲路及附近","一般車道（未劃分快慢車道）","柏油","乾燥","無缺陷","無障礙物","良好","無號誌","無號誌","無標記","未繪設車道線","未繪設快慢車道分隔線","有","衝出路外","未依規定減速","Y000","YZ00",1,2,2012-10-19,"金門縣金城鎮賢城路莒光樓路段","","金門縣金城鎮賢城路莒光樓路段","118.3190002","24.4249668"
10110,"10110Y00020035","YZA1","10110YZ000053",2012,10,21,14,20,"金門縣","金城鎮","",NA,"民生路","","",NA,"65","","","","","",NA,NA,NA,NA,NA,NA,NA,NA,NA,0,1,0,"晴","日間自然光線","村里道路",40,"三岔路","交岔口附近","柏油","乾燥","無缺陷","路上有停車","良好","無號誌","無號誌","無標記","未繪設車道線","未繪設快慢車道分隔線","有","其他","開啟車門不當而肇事","Y000","YZ00",1,2,2012-10-21,"民生路65號","","金門縣金城鎮","118.3190184","24.43575"
10110,"10110Y00020053","YZA1","10110YZ000054",2012,10,21,10,30,"金門縣","金寧鄉","",NA,"林堡路","","",NA,"","","","","","頂堡1424號前路段",NA,NA,NA,NA,NA,NA,NA,NA,NA,0,1,0,"晴","日間自然光線","鄉道",40,"直路","一般車道（未劃分快慢車道）","柏油","乾燥","無缺陷","路上有停車","良好","無號誌","無號誌","無標記","未繪設車道線","未繪設快慢車道分隔線","有","倒車撞","倒車未依規定","Y000","YZ00",1,2,2012-10-21,"林堡路","","金門縣金寧鄉頂堡1424號前路段","118.3345146","24.4434579"
10110,"10110Y00020055","YZA1","10110YZ000059",2012,10,23,14,25,"金門縣","烈嶼鄉","",NA,"東林街","","",NA,"111","","","","","",NA,NA,NA,NA,NA,NA,NA,NA,NA,0,2,0,"晴","日間自然光線","村里道路",40,"直路","一般車道（未劃分快慢車道）","柏油","乾燥","無缺陷","無障礙物","路上停放車輛","無號誌","無號誌","無標記","未繪設車道線","未繪設快慢車道分隔線","有","穿越道路中","未注意車前狀態","Y000","YZ00",1,2,2012-10-23,"東林街111號","","金門縣烈嶼鄉","118.2485954","24.4282783"
10110,"10110Y00020041","YZA1","10110YZ000060",2012,10,18,16,50,"金門縣","金寧鄉","榜林村",NA,"伯玉路","二","",NA,"151之1","","","","","",NA,NA,NA,NA,NA,NA,NA,NA,NA,0,1,0,"晴","日間自然光線","縣道",60,"直路","一般車道（未劃分快慢車道）","柏油","乾燥","無缺陷","無障礙物","良好","無號誌","無號誌","附標記","未繪設車道線","快慢車道分隔線","有","側撞","右轉彎未依規定","Y000","YZ00",1,2,2012-10-18,"伯玉路二段151-1號","","金門縣金寧鄉榜林村","118.3416148","24.4414563"
10110,"10110Y00020060","YZA1","10110YZ000062",2012,10,26,9,25,"金門縣","金城鎮","",NA,"","","",NA,"","","","","","前水頭61號前路口",NA,NA,NA,NA,NA,NA,NA,NA,NA,0,2,0,"晴","日間自然光線","村里道路",40,"三岔路","交岔路口內","柏油","乾燥","無缺陷","無障礙物","良好","無號誌","無號誌","無分向設施","未繪設車道線","未繪設快慢車道分隔線","有","側撞","未依規定讓車","Y000","YZ00",1,2,2012-10-26,"金門縣金城鎮前水頭61號前路口","","金門縣金城鎮前水頭61號前路口","118.2879494","24.4138741"
10110,"10110Y00030007","YZA1","10110YZ000063",2012,10,26,15,40,"金門縣","金城鎮","",NA,"民生路","","",NA,"","","民權路","","","",NA,NA,NA,NA,NA,NA,NA,NA,NA,0,0,0,"晴","日間自然光線","村里道路",40,"四岔路","交岔路口內","柏油","乾燥","無缺陷","無障礙物","良好","行車管制號誌","正常","無分向設施","未繪設車道線","未繪設快慢車道分隔線","有","側撞","未依規定讓車","Y000","YZ00",1,3,2012-10-26,"民生路","民權路","","118.318387","24.437086"
10110,"10110Y00020047","YZA1","10110YZ000064",2012,10,27,11,40,"金門縣","金城鎮","",NA,"伯玉路","一","",NA,"","","","","","00271號路燈桿附近",NA,NA,NA,NA,NA,NA,NA,NA,NA,0,2,0,"晴","日間自然光線","村里道路",60,"直路","慢車道","柏油","乾燥","無缺陷","無障礙物","良好","無號誌","無號誌","附標記","未繪設車道線","快慢車道分隔線","有","路上翻車、摔倒","未注意車前狀態","Y000","YZ00",1,2,2012-10-27,"伯玉路一段","","金門縣金城鎮00271號路燈桿附近","118.3267756","24.4346914"
10110,"10110Y00020046","YZA1","10110YZ000065",2012,10,23,17,50,"金門縣","金城鎮","",NA,"環島西路","一","",NA,"","","北堤路","","","",NA,NA,NA,NA,NA,NA,NA,NA,NA,0,1,0,"陰","夜間（或隧道、地下道、涵洞）有照明","村里道路",50,"四岔路","交岔路口內","柏油","乾燥","無缺陷","無障礙物","良好","行車管制號誌","正常","無分向設施","未繪設車道線","未繪設快慢車道分隔線","有","同向通行中","酒醉（後）駕駛失控","Y000","YZ00",1,2,2012-10-23,"環島西路一段","北堤路","","118.3213944","24.42983234"
10110,"10110Y00020048","YZA1","10110YZ000066",2012,10,29,0,56,"金門縣","金寧鄉","",NA,"大學路","","",NA,"1","","","","","金門大學校區內",NA,NA,NA,NA,NA,NA,NA,NA,NA,0,1,0,"晴","夜間（或隧道、地下道、涵洞）無照明","其他",40,"直路","一般車道（未劃分快慢車道）","水泥","乾燥","無缺陷","無障礙物","良好","無號誌","無號誌","無標記","未繪設車道線","未繪設快慢車道分隔線","有","其他","未注意車前狀態","Y000","YZ00",1,2,2012-10-29,"大學路1號","","金門縣金寧鄉金門大學校區內","118.322848","24.447907"
10110,"","YZA1","10110YZ000067",2012,10,28,15,30,"金門縣","金寧鄉","",NA,"大學路","","",NA,"1","","","","","",NA,NA,NA,NA,NA,NA,NA,NA,NA,0,1,0,"晴","日間自然光線","村里道路",30,"三岔路","交岔路口內","柏油","乾燥","無缺陷","無障礙物","良好","無號誌","無號誌","附標記","未繪設車道線","未繪設快慢車道分隔線","有","路上翻車、摔倒","未注意車前狀態","Y000","YZ00",3,2,2012-10-28,"大學路1號","","金門縣金寧鄉","118.325279","24.4466751"
10110,"10110Y00020056","YZA1","10110YZ000068",2012,10,26,16,32,"金門縣","金城鎮","西門里",NA,"民權路","","",NA,"104","","","","","",NA,NA,NA,NA,NA,NA,NA,NA,NA,0,1,0,"晴","日間自然光線","鄉道",40,"直路","一般車道（未劃分快慢車道）","柏油","乾燥","無缺陷","無障礙物","良好","無號誌","無號誌","附標記","未繪設車道線","未繪設快慢車道分隔線","有","其他","未注意車前狀態","Y000","YZ00",NA,NA,2012-10-26,"民權路104號","","金門縣金城鎮西門里","118.3163707","24.4350108"
10110,"10110Y00020049","YZA1","10110YZ000071",2012,10,30,15,30,"金門縣","金城鎮","",NA,"民權路","","",NA,"182","","","","","中華電信前",NA,NA,NA,NA,NA,NA,NA,NA,NA,0,1,0,"陰","日間自然光線","村里道路",40,"直路","一般車道（未劃分快慢車道）","柏油","濕潤","無缺陷","無障礙物","良好","無號誌","無號誌","附標記","未繪設車道線","未繪設快慢車道分隔線","有","其他","起步未注意其他車（人）安全","Y000","YZ00",1,2,2012-10-30,"民權路182號","","金門縣金城鎮中華電信前","118.3192898","24.4381016"
10110,"10110Y00020050","YZA1","10110YZ000072",2012,10,31,19,28,"金門縣","金城鎮","",NA,"光前路","","",NA,"94","","","","","",NA,NA,NA,NA,NA,NA,NA,NA,NA,0,1,0,"晴","夜間（或隧道、地下道、涵洞）有照明","村里道路",40,"直路","一般車道（未劃分快慢車道）","柏油","乾燥","無缺陷","無障礙物","良好","無號誌","無號誌","無標記","未繪設車道線","未繪設快慢車道分隔線","有","倒車撞","倒車未依規定","Y000","YZ00",1,2,2012-10-31,"光前路94號","","金門縣金城鎮","118.3142468","24.4339885"
10111,"10111Y00020003","YYA1","10111YY000001",2012,11,1,7,55,"金門縣","金湖鎮","",NA,"環島東路","四","",NA,"","","","","","多年國小前路段01079號路燈桿",NA,NA,NA,NA,NA,NA,NA,NA,NA,0,1,0,"晴","日間自然光線","縣道",60,"直路","一般車道（未劃分快慢車道）","柏油","乾燥","無缺陷","無障礙物","良好","無號誌","無號誌","附標記","未繪設車道線","未繪設快慢車道分隔線","有","撞動物","動物竄出","Y000","YY00",1,2,2012-11-01,"環島東路四段","","金門縣金湖鎮多年國小前路段01079號路燈桿","118.4527137","24.4487036"
10111,"10111Y00030001","YYA1","10111YY000006",2012,11,4,14,0,"金門縣","金湖鎮","新市里",NA,"復興路","","",NA,"2","","","","","",NA,NA,NA,NA,NA,NA,NA,NA,NA,0,0,0,"晴","日間自然光線","村里道路",50,"直路","一般車道（未劃分快慢車道）","柏油","乾燥","無缺陷","無障礙物","良好","無號誌","無號誌","無標記","未繪設車道線","未繪設快慢車道分隔線","有","其他","起步未注意其他車（人）安全","Y000","YY00",1,3,2012-11-04,"復興路2號","","金門縣金湖鎮新市里","118.4161413","24.4412321"
10111,"10111Y00020005","YYA1","10111YY000007",2012,11,4,15,35,"金門縣","金湖鎮","",NA,"太湖路","一","",NA,"","","","","","往太武山方向重劃區第一個路口",NA,NA,NA,NA,NA,NA,NA,NA,NA,0,1,0,"晴","日間自然光線","村里道路",50,"三岔路","交岔路口內","柏油","乾燥","無缺陷","無障礙物","良好","無號誌","無號誌","無分向設施","未繪設車道線","未繪設快慢車道分隔線","有","側撞","違規超車","Y000","YY00",1,2,2012-11-04,"太湖路一段","","金門縣金湖鎮往太武山方向重劃區第一個路口","118.4047483","24.4473343"
10111,"10111Y00020042","YYA1","10111YY000010",2012,11,8,9,55,"金門縣","金湖鎮","",NA,"伯玉路","五","",NA,"","","","","","魯王墓路段",NA,NA,NA,NA,NA,NA,NA,NA,NA,0,2,0,"晴","日間自然光線","村里道路",50,"彎曲路及附近","一般車道（未劃分快慢車道）","柏油","乾燥","無缺陷","無障礙物","彎道","無號誌","無號誌","窄式無柵欄","未繪設車道線","未繪設快慢車道分隔線","有","路上翻車、摔倒","未依規定減速","Y000","YY00",1,2,2012-11-08,"伯玉路五段","","金門縣金湖鎮魯王墓路段","118.3897645","24.4505133"
10111,"10111Y00020008","YYA1","10111YY000011",2012,11,8,11,30,"金門縣","金沙鎮","",NA,"沙青路","","",NA,"","","","","","金沙消防隊前路段",NA,NA,NA,NA,NA,NA,NA,NA,NA,0,2,0,"晴","日間自然光線","村里道路",60,"直路","一般車道（未劃分快慢車道）","柏油","乾燥","無缺陷","無障礙物","良好","無號誌","無號誌","無標記","未繪設車道線","未繪設快慢車道分隔線","有","側撞","迴轉未依規定","Y000","YY00",1,2,2012-11-08,"沙青路","","金門縣金沙鎮金沙消防隊前路段","118.4130838","24.5066188"
10111,"10111Y00020044","YYA1","10111YY000012",2012,11,8,12,25,"金門縣","金湖鎮","",NA,"雙瓊路","","",NA,"","","","","","00352號路燈桿",NA,NA,NA,NA,NA,NA,NA,NA,NA,0,1,0,"晴","日間自然光線","村里道路",50,"直路","一般車道（未劃分快慢車道）","水泥","乾燥","無缺陷","無障礙物","良好","無號誌","無號誌","附標記","未繪設車道線","未繪設快慢車道分隔線","有","撞路樹、電桿","動物竄出","Y000","YY00",1,2,2012-11-08,"雙瓊路","","金門縣金湖鎮00352號路燈桿","118.3660576","24.4501741"
10111,"10111Y00020009","YYA1","10111YY000014",2012,11,10,12,5,"金門縣","金湖鎮","新湖里",NA,"環島南路","四","",NA,"","","","","","湖前段4號前",NA,NA,NA,NA,NA,NA,NA,NA,NA,0,1,0,"晴","日間自然光線","村里道路",50,"四岔路","交岔口附近","柏油","乾燥","無缺陷","無障礙物","良好","無號誌","無號誌","無標記","未繪設車道線","快慢車道分隔線","有","側撞","變換車道或方向不當","Y000","YY00",1,2,2012-11-10,"環島南路四段","","金門縣金湖鎮新湖里湖前段4號前","118.40101","24.438041"
10111,"10111Y00020010","YYA1","10111YY000018",2012,11,7,18,5,"金門縣","金沙鎮","",NA,"高陽路","","",NA,"","","","","","蔡厝路段01878燈桿附近",NA,NA,NA,NA,NA,NA,NA,NA,NA,0,1,0,"晴","晨或暮光","村里道路",60,"直路","一般車道（未劃分快慢車道）","柏油","乾燥","無缺陷","無障礙物","良好","無號誌","無號誌","附標記","未繪設車道線","未繪設快慢車道分隔線","有","路上翻車、摔倒","未注意車前狀態","Y000","YY00",1,2,2012-11-07,"高陽路","","金門縣金沙鎮蔡厝路段01878燈桿附近","118.4078483","24.4727311"
10111,"10111Y00020011","YYA1","10111YY000019",2012,11,13,15,49,"金門縣","金湖鎮","",NA,"環島南路","四","",NA,"","","","","","成功路口",NA,NA,NA,NA,NA,NA,NA,NA,NA,0,1,0,"晴","日間自然光線","村里道路",50,"三岔路","交岔路口內","柏油","乾燥","無缺陷","無障礙物","良好","行車管制號誌","正常","無分向設施","未繪設車道線","未繪設快慢車道分隔線","無","側撞","左轉彎未依規定","Y000","YY00",1,2,2012-11-13,"環島南路四段","","金門縣金湖鎮成功路口","118.40101","24.438041"
10111,"10111Y00030002","YYA1","10111YY000025",2012,11,16,9,0,"金門縣","金湖鎮","",NA,"復興路","","",NA,"1","","","","","旁路段",NA,NA,NA,NA,NA,NA,NA,NA,NA,0,0,0,"晴","日間自然光線","村里道路",50,"四岔路","交岔口附近","柏油","乾燥","無缺陷","無障礙物","良好","無號誌","無號誌","附標記","未繪設車道線","未繪設快慢車道分隔線","有","同向擦撞","起步未注意其他車（人）安全","Y000","YY00",1,3,2012-11-16,"復興路1號","","金門縣金湖鎮旁路段","118.4161413","24.4412321"
10111,"10111Y00020017","YYA1","10111YY000029",2012,11,16,19,55,"金門縣","金沙鎮","",NA,"","","",NA,"","","","","","文化園區往銘傳大學道路",NA,NA,NA,NA,NA,NA,NA,NA,NA,0,4,0,"晴","夜間（或隧道、地下道、涵洞）有照明","村里道路",50,"直路","一般車道（未劃分快慢車道）","柏油","乾燥","無缺陷","無障礙物","良好","無號誌","無號誌","附標記","未繪設車道線","未繪設快慢車道分隔線","有","對向擦撞","逆向行駛","Y000","YY00",1,2,2012-11-16,"金門縣金沙鎮文化園區往銘傳大學道路","","金門縣金沙鎮文化園區往銘傳大學道路","118.402311","24.497436"
10111,"10111Y00020025","YYA1","10111YY000033",2012,11,23,14,34,"金門縣","金沙鎮","汶沙里",NA,"環島北路","四","",NA,"486","","","","","中華電信金沙機房前",NA,NA,NA,NA,NA,NA,NA,NA,NA,0,1,0,"陰","日間自然光線","村里道路",60,"三岔路","交岔路口內","柏油","乾燥","無缺陷","無障礙物","良好","無號誌","無號誌","無分向設施","未繪設車道線","未繪設快慢車道分隔線","有","側撞","右轉彎未依規定","Y000","YY00",1,2,2012-11-23,"環島北路四段486號","","金門縣金沙鎮汶沙里中華電信金沙機房前","118.4045085","24.4840105"
10111,"10111Y00020030","YYA1","10111YY000034",2012,11,23,16,25,"金門縣","金湖鎮","",NA,"環島南路","四","",NA,"","","","","","信義新村85號前路段",NA,NA,NA,NA,NA,NA,NA,NA,NA,0,2,0,"晴","日間自然光線","村里道路",50,"直路","一般車道（未劃分快慢車道）","柏油","乾燥","無缺陷","無障礙物","良好","無號誌","無號誌","附標記","未繪設車道線","未繪設快慢車道分隔線","有","側撞","未依規定讓車","Y000","YY00",1,2,2012-11-23,"環島南路四段","","金門縣金湖鎮信義新村85號前路段","118.40101","24.438041"
10111,"10111Y00020033","YYA1","10111YY000042",2012,11,27,7,56,"金門縣","金沙鎮","",NA,"環島北路","三","",NA,"","","","","","何厝07063號燈桿路段",NA,NA,NA,NA,NA,NA,NA,NA,NA,0,1,0,"陰","日間自然光線","村里道路",60,"直路","路肩、路緣","柏油","乾燥","無缺陷","無障礙物","良好","無號誌","無號誌","附標記","未繪設車道線","未繪設快慢車道分隔線","有","撞護欄（樁）","酒醉（後）駕駛失控","Y000","YY00",1,2,2012-11-27,"環島北路三段","","金門縣金沙鎮何厝07063號燈桿路段","118.388325","24.466263"
10111,"10111Y00020032","YYA1","10111YY000045",2012,11,26,8,25,"金門縣","金湖鎮","",NA,"","","",NA,"","","","","","尚義機場2號前汽車停車場入口處",NA,NA,NA,NA,NA,NA,NA,NA,NA,0,1,0,"雨","日間自然光線","專用道路",40,"直路","一般車道（未劃分快慢車道）","水泥","濕潤","無缺陷","無障礙物","良好","無號誌","無號誌","無分向設施","車道線（無標記）","未繪設快慢車道分隔線","有","側撞","未依規定讓車","Y000","YY00",1,2,2012-11-26,"金門縣金湖鎮尚義機場2號前汽車停車場入口處","","金門縣金湖鎮尚義機場2號前汽車停車場入口處","118.376631","24.437699"
10111,"10111Y00020031","YYA1","10111YY000046",2012,11,26,8,20,"金門縣","金湖鎮","",NA,"環島南路","三","",NA,"","","","","","環保公園前路段05847號路燈桿處",NA,NA,NA,NA,NA,NA,NA,NA,NA,0,1,0,"雨","日間自然光線","村里道路",60,"直路","一般車道（未劃分快慢車道）","柏油","濕潤","無缺陷","無障礙物","良好","無號誌","無號誌","附標記","車道線（附標記）","未繪設快慢車道分隔線","有","在路上作業中","未注意車前狀態","Y000","YY00",1,2,2012-11-26,"環島南路三段","","金門縣金湖鎮環保公園前路段05847號路燈桿處","118.3757827","24.4398961"
10111,"10111Y00020001","YZA1","10111YZ000002",2012,11,2,8,17,"金門縣","金寧鄉","",NA,"環島北路","一","",NA,"","","","","","頂堡超商前",NA,NA,NA,NA,NA,NA,NA,NA,NA,0,1,0,"晴","日間自然光線","村里道路",60,"四岔路","交岔口附近","柏油","乾燥","無缺陷","無障礙物","良好","行車管制號誌","正常","無標記","未繪設車道線","未繪設快慢車道分隔線","有","側撞","左轉彎未依規定","Y000","YZ00",1,2,2012-11-02,"環島北路一段","","金門縣金寧鄉頂堡超商前","118.3283226","24.4462231"
10111,"10111Y00020002","YZA1","10111YZ000003",2012,11,2,20,30,"金門縣","金寧鄉","",NA,"林湖路","","",NA,"","","桃園路","","","",NA,NA,NA,NA,NA,NA,NA,NA,NA,0,1,0,"晴","夜間（或隧道、地下道、涵洞）有照明","縣道",60,"四岔路","交岔路口內","柏油","乾燥","無缺陷","無障礙物","良好","行車管制號誌","正常","無分向設施","未繪設車道線","未繪設快慢車道分隔線","有","路口交岔撞","違反號誌管制或指揮","Y000","YZ00",1,2,2012-11-02,"林湖路","桃園路","","118.3304096","24.43245545"
10111,"10111Y00020012","YZA1","10111YZ000004",2012,11,3,10,3,"金門縣","金寧鄉","",NA,"環島北路","二","",NA,"","","","","","后盤橋路口",NA,NA,NA,NA,NA,NA,NA,NA,NA,0,1,0,"晴","日間自然光線","縣道",60,"四岔路","交岔路口內","柏油","乾燥","無缺陷","無障礙物","良好","無號誌","無號誌","無分向設施","未繪設車道線","未繪設快慢車道分隔線","有","側撞","迴轉未依規定","Y000","YZ00",1,2,2012-11-03,"環島北路二段","","金門縣金寧鄉后盤橋路口","118.3537405","24.452631"
10111,"10111Y00020004","YZA1","10111YZ000005",2012,11,4,8,20,"金門縣","金寧鄉","",NA,"伯玉路","二","",NA,"351","","","","","",NA,NA,NA,NA,NA,NA,NA,NA,NA,0,1,0,"晴","日間自然光線","村里道路",70,"直路","一般車道（未劃分快慢車道）","柏油","乾燥","無缺陷","無障礙物","良好","無號誌","無號誌","無標記","未繪設車道線","快慢車道分隔線","有","其他","起步未注意其他車（人）安全","Y000","YZ00",1,2,2012-11-04,"伯玉路二段351號","","金門縣金寧鄉","118.3416148","24.4414563"