"年月","總編號","處理單位","處理編號","年","月","日","時","分","縣市","區","村里","鄰","街道","段","巷","弄","號","公尺處","街道.1","段.1","側","附近","道路","公里","公尺處.1","向","車道","平交道","公里.1","公尺處.2","附近.1","死","受傷","X2.30","天候","光線","道路類別","速限","道路型態","事故位置","路面鋪裝","路面狀態","路面缺陷","障礙物","視距","號誌種類","號誌動作","分向設施","快車道或一般車道間","快慢車道間","路面邊線","事故類型及型態","主要肇因","警局","分局","案件類別","事故類別","日期","道路1","道路2","概略位置","lon","lat"
10111,"10111Y00020006","YZA1","10111YZ000008",2012,11,6,16,53,"金門縣","金寧鄉","盤山村",NA,"環島北路","一","",NA,"","","大學路","","","",NA,NA,NA,NA,NA,NA,NA,NA,NA,0,1,0,"晴","日間自然光線","縣道",60,"三岔路","交岔路口內","柏油","乾燥","無缺陷","無障礙物","良好","閃光號誌","正常","無分向設施","未繪設車道線","未繪設快慢車道分隔線","有","側撞","違規超車","Y000","YZ00",1,2,2012-11-06,"環島北路一段","大學路","","118.326867","24.44495544"
10111,"10111Y00020007","YZA1","10111YZ000009",2012,11,8,10,10,"金門縣","金寧鄉","",NA,"","","",NA,"","","","","","金門大學綜合大樓前路口",NA,NA,NA,NA,NA,NA,NA,NA,NA,0,1,0,"晴","日間自然光線","村里道路",40,"三岔路","交岔路口內","水泥","乾燥","無缺陷","其他障礙物","樹木、農作物","無號誌","無號誌","無分向設施","未繪設車道線","未繪設快慢車道分隔線","有","側撞","未依規定讓車","Y000","YZ00",1,2,2012-11-08,"金門縣金寧鄉金門大學綜合大樓前路口","","金門縣金寧鄉金門大學綜合大樓前路口","118.322848","24.447907"
10111,"10111Y00020013","YZA1","10111YZ000013",2012,11,8,18,2,"金門縣","金寧鄉","",NA,"伯玉路","二","",NA,"","","","","","00109號路燈桿前",NA,NA,NA,NA,NA,NA,NA,NA,NA,0,2,0,"晴","夜間（或隧道、地下道、涵洞）有照明","縣道",70,"直路","一般車道（未劃分快慢車道）","柏油","乾燥","無缺陷","無障礙物","良好","無號誌","無號誌","無標記","未繪設車道線","快慢車道分隔線","有","穿越道路中","未注意車前狀態","Y000","YZ00",1,2,2012-11-08,"伯玉路二段","","金門縣金寧鄉00109號路燈桿前","118.3416148","24.4414563"
10111,"10111Y00020014","YZA1","10111YZ000015",2012,11,11,17,45,"金門縣","金寧鄉","",NA,"環島西路","二","",NA,"62","","","","","",NA,NA,NA,NA,NA,NA,NA,NA,NA,0,2,0,"晴","夜間（或隧道、地下道、涵洞）有照明","縣道",50,"直路","一般車道（未劃分快慢車道）","柏油","乾燥","無缺陷","無障礙物","良好","無號誌","無號誌","無標記","未繪設車道線","未繪設快慢車道分隔線","有","追撞","未注意車前狀態","Y000","YZ00",1,2,2012-11-11,"環島西路二段62號","","金門縣金寧鄉","118.3148723","24.4566699"
10111,"10111Y00020015","YZA1","10111YZ000016",2012,11,12,11,20,"金門縣","金寧鄉","",NA,"伯玉路","一","",NA,"232","","","","","金城聯大賣場前路段",NA,NA,NA,NA,NA,NA,NA,NA,NA,0,1,0,"晴","日間自然光線","村里道路",60,"直路","慢車道","柏油","乾燥","無缺陷","無障礙物","良好","無號誌","無號誌","無標記","未繪設車道線","快慢車道分隔線","有","側撞","右轉彎未依規定","Y000","YZ00",1,2,2012-11-12,"伯玉路一段232號","","金門縣金寧鄉金城聯大賣場前路段","118.3267756","24.4346914"
10111,"10111Y00020016","YZA1","10111YZ000017",2012,11,13,13,20,"金門縣","金城鎮","北門里",NA,"民生路","","",NA,"4","","","","","",NA,NA,NA,NA,NA,NA,NA,NA,NA,0,2,0,"晴","日間自然光線","村里道路",40,"三岔路","交岔路口內","柏油","乾燥","無缺陷","無障礙物","良好","無號誌","無號誌","無分向設施","未繪設車道線","未繪設快慢車道分隔線","有","其他","起步未注意其他車（人）安全","Y000","YZ00",1,2,2012-11-13,"民生路4號","","金門縣金城鎮北門里","118.3190184","24.43575"
10111,"10111Y00020028","YZA1","10111YZ000020",2012,11,14,6,42,"金門縣","金寧鄉","下埔下村",NA,"","","",NA,"90","","","","","路口",NA,NA,NA,NA,NA,NA,NA,NA,NA,0,2,0,"晴","日間自然光線","村里道路",40,"四岔路","交岔路口內","柏油","乾燥","無缺陷","無障礙物","樹木、農作物","無號誌","無號誌","無分向設施","未繪設車道線","未繪設快慢車道分隔線","無","路口交岔撞","未依規定讓車","Y000","YZ00",1,2,2012-11-14,"金門縣金寧鄉下埔下村90","","金門縣金寧鄉下埔下村路口","118.3126857","24.4442026"
10111,"10111Y00020019","YZA1","10111YZ000021",2012,11,13,11,1,"金門縣","金寧鄉","",NA,"伯玉路","一","",NA,"","","","","","金門加油站",NA,NA,NA,NA,NA,NA,NA,NA,NA,0,2,0,"晴","日間自然光線","縣道",60,"涵洞","加速車道","柏油","乾燥","無缺陷","無障礙物","良好","無號誌","無號誌","附標記","未繪設車道線","快慢車道分隔線","有","側撞","未依規定讓車","Y000","YZ00",1,2,2012-11-13,"伯玉路一段","","金門縣金寧鄉金門加油站","118.3267756","24.4346914"
10111,"10111Y00020029","YZA1","10111YZ000022",2012,11,14,20,4,"金門縣","金寧鄉","",NA,"伯玉路","一","240",NA,"1","","","","","林湖路",NA,NA,NA,NA,NA,NA,NA,NA,NA,0,2,0,"陰","夜間（或隧道、地下道、涵洞）有照明","村里道路",40,"直路","一般車道（未劃分快慢車道）","柏油","乾燥","無缺陷","無障礙物","良好","無號誌","無號誌","附標記","禁止雙換車道線（附標記）","未繪設快慢車道分隔線","有","其他","未注意車前狀態","Y000","YZ00",1,2,2012-11-14,"伯玉路一段240巷1號","","金門縣金寧鄉林湖路","118.3267756","24.4346914"
10111,"10111Y00020020","YZA1","10111YZ000023",2012,11,15,7,53,"金門縣","金城鎮","",NA,"民族路","","",NA,"","","","","","32巷口",NA,NA,NA,NA,NA,NA,NA,NA,NA,0,1,0,"晴","日間自然光線","村里道路",40,"四岔路","交岔路口內","柏油","乾燥","無缺陷","無障礙物","良好","無號誌","無號誌","無分向設施","未繪設車道線","未繪設快慢車道分隔線","有","路口交岔撞","未依規定讓車","Y000","YZ00",1,2,2012-11-15,"民族路","","金門縣金城鎮32巷口","118.3157499","24.4302723"
10111,"10111Y00020022","YZA1","10111YZ000024",2012,11,16,8,4,"金門縣","金寧鄉","",NA,"","","",NA,"","","","","","埔後191號前路口",NA,NA,NA,NA,NA,NA,NA,NA,NA,0,1,0,"晴","日間自然光線","村里道路",50,"四岔路","交岔路口內","柏油","乾燥","無缺陷","無障礙物","建築物","無號誌","無號誌","無分向設施","未繪設車道線","未繪設快慢車道分隔線","有","路口交岔撞","未依規定讓車","Y000","YZ00",1,2,2012-11-16,"金門縣金寧鄉埔後191號前路口","","金門縣金寧鄉埔後191號前路口","118.317029","24.442928"
10111,"10111Y00020021","YZA1","10111YZ000026",2012,11,15,17,30,"金門縣","金寧鄉","",NA,"環島西路","二","",NA,"","","","","","13171燈桿前路段",NA,NA,NA,NA,NA,NA,NA,NA,NA,0,2,0,"陰","夜間（或隧道、地下道、涵洞）有照明","縣道",60,"三岔路","交岔路口內","柏油","乾燥","無缺陷","無障礙物","良好","無號誌","無號誌","無標記","未繪設車道線","未繪設快慢車道分隔線","有","其他","起步未注意其他車（人）安全","Y000","YZ00",1,2,2012-11-15,"環島西路二段","","金門縣金寧鄉13171燈桿前路段","118.3148723","24.4566699"
10111,"10111Y00020023","YZA1","10111YZ000027",2012,11,18,7,35,"金門縣","金城鎮","",NA,"民權路","","",NA,"","","","","","中正國小路段",NA,NA,NA,NA,NA,NA,NA,NA,NA,0,1,0,"晴","日間自然光線","村里道路",50,"直路","一般車道（未劃分快慢車道）","柏油","乾燥","無缺陷","無障礙物","良好","無號誌","無號誌","無標記","未繪設車道線","未繪設快慢車道分隔線","有","其他","未注意車前狀態","Y000","YZ00",1,2,2012-11-18,"民權路","","金門縣金城鎮中正國小路段","118.3168946","24.4355379"
10111,"10111Y00020024","YZA1","10111YZ000028",2012,11,20,15,45,"金門縣","金寧鄉","",NA,"環島北路","二","",NA,"","","","","","后沙路段",NA,NA,NA,NA,NA,NA,NA,NA,NA,0,2,0,"晴","日間自然光線","鄉道",60,"三岔路","交岔口附近","柏油","乾燥","無缺陷","無障礙物","良好","無號誌","無號誌","附標記","未繪設車道線","未繪設快慢車道分隔線","有","追撞","未保持行車安全距離","Y000","YZ00",1,2,2012-11-20,"環島北路二段","","金門縣金寧鄉后沙路段","118.3537405","24.452631"
10111,"10111Y00020018","YZA1","10111YZ000030",2012,11,13,8,25,"金門縣","金寧鄉","",NA,"伯玉路","二","",NA,"118-1","","","","","",NA,NA,NA,NA,NA,NA,NA,NA,NA,0,2,0,"晴","日間自然光線","縣道",70,"直路","一般車道（未劃分快慢車道）","柏油","乾燥","無缺陷","無障礙物","良好","無號誌","無號誌","附標記","未繪設車道線","未繪設快慢車道分隔線","有","同向擦撞","未保持行車安全間隔","Y000","YZ00",1,2,2012-11-13,"伯玉路二段118-1號","","金門縣金寧鄉","118.3416148","24.4414563"
10111,"10111Y00020034","YZA1","10111YZ000031",2012,11,22,4,6,"金門縣","金城鎮","",NA,"金山路","","",NA,"28","","","","","",NA,NA,NA,NA,NA,NA,NA,NA,NA,0,2,0,"陰","夜間（或隧道、地下道、涵洞）有照明","村里道路",50,"直路","一般車道（未劃分快慢車道）","柏油","濕潤","無缺陷","無障礙物","其他","無號誌","無號誌","附標記","未繪設車道線","未繪設快慢車道分隔線","有","同向擦撞","未注意車前狀態","Y000","YZ00",1,2,2012-11-22,"金山路28號","","金門縣金城鎮","118.3277754","24.4167689"
10111,"10111Y00020036","YZA1","10111YZ000032",2012,11,23,9,35,"金門縣","金城鎮","",NA,"","","",NA,"","","","","","金城鎮公所後方產業道路",NA,NA,NA,NA,NA,NA,NA,NA,NA,0,1,0,"晴","日間自然光線","村里道路",40,"彎曲路及附近","一般車道（未劃分快慢車道）","柏油","濕潤","無缺陷","無障礙物","建築物","無號誌","無號誌","無分向設施","未繪設車道線","未繪設快慢車道分隔線","無","其他","未注意車前狀態","Y000","YZ00",1,2,2012-11-23,"金門縣金城鎮金城鎮公所後方產業道路","","金門縣金城鎮金城鎮公所後方產業道路","118.3209249","24.4326671"
10111,"10111Y00020045","YZA1","10111YZ000035",2012,11,23,17,15,"金門縣","金寧鄉","",NA,"環島北路","","",NA,"","","","","","300之6號",NA,NA,NA,NA,NA,NA,NA,NA,NA,0,1,0,"晴","夜間（或隧道、地下道、涵洞）有照明","鄉道",60,"直路","一般車道（未劃分快慢車道）","柏油","乾燥","無缺陷","無障礙物","樹木、農作物","無號誌","無號誌","無標記","未繪設車道線","未繪設快慢車道分隔線","有","穿越道路中","未注意車前狀態","Y000","YZ00",1,2,2012-11-23,"環島北路","","金門縣金寧鄉300之6號","118.322662","24.441264"
10111,"","YZA1","10111YZ000036",2012,11,23,23,40,"金門縣","金城鎮","",NA,"民生路","","",NA,"","","","","","民權路口",NA,NA,NA,NA,NA,NA,NA,NA,NA,0,0,0,"晴",NA,NA,40,NA,NA,NA,NA,NA,NA,NA,NA,NA,NA,NA,NA,NA,NA,NA,"Y000","YZ00",1,4,2012-11-23,"民生路","","金門縣金城鎮民權路口","118.3190184","24.43575"
10111,"10111Y00020026","YZA1","10111YZ000037",2012,11,24,9,25,"金門縣","金城鎮","賢庵里",NA,"西海路","三","81",NA,"2","","","","","空中大學前路段",NA,NA,NA,NA,NA,NA,NA,NA,NA,0,1,0,"晴","日間自然光線","縣道",50,"四岔路","交岔路口內","柏油","乾燥","無缺陷","無障礙物","良好","無號誌","無號誌","無分向設施","未繪設車道線","未繪設快慢車道分隔線","有","側撞","未依規定讓車","Y000","YZ00",1,2,2012-11-24,"西海路三段81巷2號","","金門縣金城鎮賢庵里空中大學前路段","118.3124964","24.4226194"
10111,"10111Y00030003","YZA1","10111YZ000038",2012,11,24,2,32,"金門縣","金城鎮","",NA,"民生路","","",NA,"","","","","","東門圓環",NA,NA,NA,NA,NA,NA,NA,NA,NA,0,0,0,"晴","夜間（或隧道、地下道、涵洞）有照明","村里道路",60,"圓環","一般車道（未劃分快慢車道）","柏油","乾燥","無缺陷","無障礙物","良好","無號誌","無號誌","無分向設施","車道線（無標記）","未繪設快慢車道分隔線","有","其他","未依規定減速","Y000","YZ00",1,3,2012-11-24,"民生路","","金門縣金城鎮東門圓環","118.3190184","24.43575"
10111,"10111Y00020027","YZA1","10111YZ000039",2012,11,24,20,2,"金門縣","金城鎮","",NA,"伯玉路","一","",NA,"15","","","","","鈞統大賣場前",NA,NA,NA,NA,NA,NA,NA,NA,NA,0,1,0,"晴","夜間（或隧道、地下道、涵洞）有照明","村里道路",60,"直路","慢車道","柏油","乾燥","無缺陷","無障礙物","良好","無號誌","無號誌","無標記","未繪設車道線","快慢車道分隔線","有","路上翻車、摔倒","未注意車前狀態","Y000","YZ00",1,2,2012-11-24,"伯玉路一段15號","","金門縣金城鎮鈞統大賣場前","118.3267756","24.4346914"
10111,"10111Y00020041","YZA1","10111YZ000040",2012,11,25,20,30,"金門縣","金寧鄉","",NA,"環島北路","二","",NA,"","","","","","后盤路段07181號路燈桿附近",NA,NA,NA,NA,NA,NA,NA,NA,NA,0,1,0,"陰","夜間（或隧道、地下道、涵洞）有照明","村里道路",60,"直路","一般車道（未劃分快慢車道）","柏油","乾燥","無缺陷","無障礙物","良好","無號誌","無號誌","無標記","未繪設車道線","未繪設快慢車道分隔線","有","撞路樹、電桿","未注意車前狀態","Y000","YZ00",1,2,2012-11-25,"環島北路二段","","金門縣金寧鄉后盤路段07181號路燈桿附近","118.3537405","24.452631"
10111,"10111Y00020043","YZA1","10111YZ000041",2012,11,25,19,30,"金門縣","金城鎮","賢庵里",NA,"","","",NA,"","","","","","夏墅03028號路燈桿前路段",NA,NA,NA,NA,NA,NA,NA,NA,NA,0,1,0,"晴","夜間（或隧道、地下道、涵洞）有照明","鄉道",40,"直路","一般車道（未劃分快慢車道）","柏油","乾燥","無缺陷","其他障礙物","良好","無號誌","無號誌","附標記","未繪設車道線","未繪設快慢車道分隔線","有","撞動物","酒醉（後）駕駛失控","Y000","YZ00",1,2,2012-11-25,"金門縣金城鎮賢庵里夏墅03028號路燈桿前路段","","金門縣金城鎮賢庵里夏墅03028號路燈桿前路段","118.3166667","24.4166667"
10111,"10111Y00020037","YZA1","10111YZ000043",2012,11,27,10,30,"金門縣","金城鎮","北門里",NA,"珠浦北路","","5",12,"13","","","","","",NA,NA,NA,NA,NA,NA,NA,NA,NA,0,1,0,"晴","日間自然光線","鄉道",40,"坡路","一般車道（未劃分快慢車道）","柏油","乾燥","無缺陷","無障礙物","良好","無號誌","無號誌","無分向設施","未繪設車道線","未繪設快慢車道分隔線","有","其他","未注意車前狀態","Y000","YZ00",1,2,2012-11-27,"珠浦北路5巷12弄13號","","金門縣金城鎮北門里","118.3192542","24.4333251"
10111,"10111Y00020035","YZA1","10111YZ000044",2012,11,23,0,30,"金門縣","金寧鄉","",NA,"環島北路","二","",NA,"","","","","","07124燈桿旁路段",NA,NA,NA,NA,NA,NA,NA,NA,NA,0,1,0,"陰","夜間（或隧道、地下道、涵洞）有照明","縣道",60,"直路","一般車道（未劃分快慢車道）","柏油","乾燥","無缺陷","無障礙物","其他","無號誌","無號誌","附標記","未繪設車道線","未繪設快慢車道分隔線","有","撞路樹、電桿","未注意車前狀態","Y000","YZ00",1,2,2012-11-23,"環島北路二段","","金門縣金寧鄉07124燈桿旁路段","118.3537405","24.452631"
10111,"10111Y00020038","YZA1","10111YZ000047",2012,11,27,18,58,"金門縣","金城鎮","西門里",NA,"民權路","","",NA,"196","","","","","",NA,NA,NA,NA,NA,NA,NA,NA,NA,0,2,0,"陰","夜間（或隧道、地下道、涵洞）有照明","鄉道",40,"四岔路","交岔路口內","柏油","乾燥","無缺陷","無障礙物","良好","無號誌","無號誌","無分向設施","未繪設車道線","未繪設快慢車道分隔線","有","側撞","未依規定讓車","Y000","YZ00",1,2,2012-11-27,"民權路196號","","金門縣金城鎮西門里","118.3198221","24.4386597"
10111,"10111Y00020039","YZA1","10111YZ000048",2012,11,28,15,8,"金門縣","烈嶼鄉","",NA,"","","",NA,"","","","","","后頭B陣地",NA,NA,NA,NA,NA,NA,NA,NA,NA,0,1,0,"雨","日間自然光線","村里道路",40,"三岔路","交岔路口內","柏油","泥濘","無缺陷","無障礙物","良好","無號誌","無號誌","無標記","未繪設車道線","未繪設快慢車道分隔線","有","倒車撞","倒車未依規定","Y000","YZ00",1,2,2012-11-28,"金門縣烈嶼鄉后頭B陣地","","金門縣烈嶼鄉后頭B陣地","118.259238","24.441116"
10111,"10111Y00030004","YZA1","10111YZ000049",2012,11,29,20,57,"金門縣","金城鎮","",NA,"北堤路","","",NA,"","","西海路","三","","",NA,NA,NA,NA,NA,NA,NA,NA,NA,0,0,0,"陰","夜間（或隧道、地下道、涵洞）有照明","鄉道",40,"四岔路","交岔口附近","柏油","乾燥","無缺陷","無障礙物","良好","行車管制號誌","正常","無標記","未繪設車道線","未繪設快慢車道分隔線","有","對向擦撞","酒醉（後）駕駛失控","Y000","YZ00",1,3,2012-11-29,"北堤路","西海路三段","","118.3155284","24.42927395"
10111,"10111Y00020040","YZA1","10111YZ000050",2012,11,30,10,50,"金門縣","金城鎮","",NA,"","","",NA,"","","","","","向陽吉第03880號路燈桿附近",NA,NA,NA,NA,NA,NA,NA,NA,NA,0,1,0,"雨","日間自然光線","村里道路",40,"直路","一般車道（未劃分快慢車道）","柏油","濕潤","無缺陷","無障礙物","良好","無號誌","無號誌","無分向設施","未繪設車道線","未繪設快慢車道分隔線","有","其他","起步未注意其他車（人）安全","Y000","YZ00",1,2,2012-11-30,"金門縣金城鎮向陽吉第03880號路燈桿附近","","金門縣金城鎮向陽吉第03880號路燈桿附近","118.309217","24.420187"
10111,"","YZA1","10111YZ000051",2012,11,23,13,15,"金門縣","金城鎮","",NA,"金山路","","",NA,"","","","","","和平社區候車亭旁路口",NA,NA,NA,NA,NA,NA,NA,NA,NA,0,1,0,"晴","日間自然光線","村里道路",50,"三岔路","交岔路口內","水泥","乾燥","無缺陷","無障礙物","良好","無號誌","無號誌","附標記","未繪設車道線","未繪設快慢車道分隔線","有","側撞","右轉彎未依規定","Y000","YZ00",3,2,2012-11-23,"金山路","","金門縣金城鎮和平社區候車亭旁路口","118.3277754","24.4167689"
10112,"10112Y00020004","YYA1","10112YY000004",2012,12,4,9,0,"金門縣","金湖鎮","",NA,"環島南路","四","",NA,"","","","","","后園路段05073號路燈桿",NA,NA,NA,NA,NA,NA,NA,NA,NA,0,2,0,"晴","日間自然光線","村里道路",50,"彎曲路及附近","慢車道","柏油","乾燥","無缺陷","無障礙物","良好","無號誌","無號誌","附標記","未繪設車道線","快慢車道分隔線","有","側撞","迴轉未依規定","Y000","YY00",1,2,2012-12-04,"環島南路四段","","金門縣金湖鎮后園路段05073號路燈桿","118.40101","24.438041"
10112,"10112Y00020005","YYA1","10112YY000005",2012,12,4,18,0,"金門縣","金湖鎮","",NA,"伯玉路","三","",NA,"","","","","","00077號路燈桿處",NA,NA,NA,NA,NA,NA,NA,NA,NA,0,1,0,"雨","夜間（或隧道、地下道、涵洞）有照明","村里道路",70,"直路","慢車道","柏油","濕潤","無缺陷","無障礙物","良好","無號誌","無號誌","附標記","未繪設車道線","快慢車道分隔線","有","追撞","違規停車或暫停不當而肇事","Y000","YY00",1,2,2012-12-04,"伯玉路三段","","金門縣金湖鎮00077號路燈桿處","118.3646755","24.4460136"
10112,"10112Y00020018","YYA1","10112YY000008",2012,12,5,21,10,"金門縣","金湖鎮","",NA,"瓊徑路","","",NA,"","","","","","00565號路燈桿處",NA,NA,NA,NA,NA,NA,NA,NA,NA,0,1,0,"晴","夜間（或隧道、地下道、涵洞）有照明","村里道路",50,"直路","一般車道（未劃分快慢車道）","柏油","乾燥","無缺陷","無障礙物","良好","無號誌","無號誌","附標記","未繪設車道線","未繪設快慢車道分隔線","有","衝出路外","酒醉（後）駕駛失控","Y000","YY00",1,2,2012-12-05,"瓊徑路","","金門縣金湖鎮00565號路燈桿處","118.3837181","24.4489328"
10112,"10112Y00020041","YYA1","10112YY000011",2012,12,6,13,58,"金門縣","金湖鎮","料羅里",NA,"三多路","","",NA,"","","","","","三谿橋10號合成預拌水泥廠大門口內",NA,NA,NA,NA,NA,NA,NA,NA,NA,0,1,0,"晴","日間自然光線","其他",40,"廣場","其他","柏油","乾燥","無缺陷","無障礙物","良好","無號誌","無號誌","無分向設施","未繪設車道線","未繪設快慢車道分隔線","無","其他","未注意車前狀態","Y000","YY00",1,2,2012-12-06,"三多路","","金門縣金湖鎮料羅里三谿橋10號合成預拌水泥廠大門口內","118.4374297","24.441638"
10112,"10112Y00020007","YYA1","10112YY000014",2012,12,6,22,24,"金門縣","金沙鎮","",NA,"環島北路","","",NA,"","","環中路","","","",NA,NA,NA,NA,NA,NA,NA,NA,NA,0,1,0,"晴","夜間（或隧道、地下道、涵洞）無照明","村里道路",40,"三岔路","交岔路口內","柏油","乾燥","無缺陷","無障礙物","良好","閃光號誌","正常","無分向設施","未繪設車道線","未繪設快慢車道分隔線","有","側撞","酒醉（後）駕駛失控","Y000","YY00",1,2,2012-12-06,"環島北路","環中路","","118.3836754","24.46113371"
10112,"10112Y00030002","YYA1","10112YY000015",2012,12,7,17,45,"金門縣","金沙鎮","",NA,"環島東路","","",NA,"","","","","","陽翟01179號路段",NA,NA,NA,NA,NA,NA,NA,NA,NA,0,0,0,"晴","日間自然光線","村里道路",50,"直路","一般車道（未劃分快慢車道）","柏油","乾燥","無缺陷","無障礙物","良好","無號誌","無號誌","無標記","未繪設車道線","未繪設快慢車道分隔線","有","追撞","未保持行車安全距離","Y000","YY00",1,3,2012-12-07,"環島東路","","金門縣金沙鎮陽翟01179號路段","118.4213083","24.4841071"
10112,"10112Y00020033","YYA1","10112YY000020",2012,12,14,18,30,"金門縣","金湖鎮","",NA,"柏村路","","",NA,"","","","","","柏村國小前路段",NA,NA,NA,NA,NA,NA,NA,NA,NA,0,2,0,"晴","夜間（或隧道、地下道、涵洞）無照明","村里道路",50,"直路","一般車道（未劃分快慢車道）","柏油","乾燥","無缺陷","無障礙物","良好","無號誌","無號誌","附標記","未繪設車道線","未繪設快慢車道分隔線","有","對撞","逆向行駛","Y000","YY00",1,2,2012-12-14,"柏村路","","金門縣金湖鎮柏村國小前路段","118.437923","24.423185"
10112,"10112Y00020043","YYA1","10112YY000025",2012,12,16,23,27,"金門縣","金湖鎮","",NA,"士校路","","",NA,"","","","","","林兜路段05276號路燈桿",NA,NA,NA,NA,NA,NA,NA,NA,NA,0,1,0,"晴","夜間（或隧道、地下道、涵洞）有照明","村里道路",50,"直路","路肩、路緣","水泥","乾燥","無缺陷","無障礙物","良好","無號誌","無號誌","無分向設施","未繪設車道線","未繪設快慢車道分隔線","有","衝出路外","酒醉（後）駕駛失控","Y000","YY00",1,2,2012-12-16,"士校路","","金門縣金湖鎮林兜路段05276號路燈桿","118.4271704","24.4453138"
10112,"10112Y00020045","YYA1","10112YY000031",2012,12,19,8,55,"金門縣","金湖鎮","",NA,"黃海路","","",NA,"","","","","","下莊路口",NA,NA,NA,NA,NA,NA,NA,NA,NA,0,2,0,"晴","日間自然光線","村里道路",50,"四岔路","交岔路口內","柏油","乾燥","無缺陷","無障礙物","良好","行車管制號誌（附設行人專用號誌）","正常","無分向設施","未繪設車道線","未繪設快慢車道分隔線","有","側撞","違反號誌管制或指揮","Y000","YY00",1,2,2012-12-19,"黃海路","","金門縣金湖鎮下莊路口","118.4256931","24.452032"
10112,"10112Y00030004","YYA1","10112YY000032",2012,12,19,18,0,"金門縣","金湖鎮","",NA,"市港路","","",NA,"94","","","","","",NA,NA,NA,NA,NA,NA,NA,NA,NA,0,0,0,"晴","夜間（或隧道、地下道、涵洞）有照明","村里道路",50,"直路","快車道","柏油","乾燥","無缺陷","無障礙物","良好","無號誌","無號誌","無標記","未繪設車道線","快慢車道分隔線","有","其他","起步未注意其他車（人）安全","Y000","YY00",NA,NA,2012-12-19,"市港路94號","","金門縣金湖鎮","118.4099121","24.4348324"
10112,"10112Y00030005","YYA1","10112YY000033",2012,12,20,15,50,"金門縣","金沙鎮","汶沙里",NA,"環島北路","四","",NA,"","","","","","金沙水庫路口",NA,NA,NA,NA,NA,NA,NA,NA,NA,0,0,0,"晴","日間自然光線","村里道路",40,"三岔路","交岔路口內","柏油","乾燥","無缺陷","無障礙物","良好","無號誌","無號誌","無分向設施","未繪設車道線","未繪設快慢車道分隔線","有","側撞","未依規定讓車","Y000","YY00",1,3,2012-12-20,"環島北路四段","","金門縣金沙鎮汶沙里金沙水庫路口","118.4045085","24.4840105"
10112,"10112Y00020023","YYA1","10112YY000034",2012,12,21,7,40,"金門縣","金湖鎮","",NA,"太湖路","二","",NA,"","","","","","武德新莊前往菜市場路段",NA,NA,NA,NA,NA,NA,NA,NA,NA,0,1,0,"晴","日間自然光線","村里道路",50,"三岔路","交岔路口內","柏油","乾燥","無缺陷","無障礙物","良好","無號誌","無號誌","無分向設施","未繪設車道線","未繪設快慢車道分隔線","有","側撞","未依規定讓車","Y000","YY00",1,2,2012-12-21,"太湖路二段","","金門縣金湖鎮武德新莊前往菜市場路段","118.4170143","24.4394812"
10112,"10112Y00020048","YYA1","10112YY000046",2012,12,24,13,15,"金門縣","金沙鎮","",NA,"環島東路","二","",NA,"","","","","","陽翟路段01169號路燈桿",NA,NA,NA,NA,NA,NA,NA,NA,NA,0,2,0,"晴","日間自然光線","村里道路",60,"直路","一般車道（未劃分快慢車道）","柏油","乾燥","無缺陷","無障礙物","良好","無號誌","無號誌","附標記","未繪設車道線","未繪設快慢車道分隔線","有","撞路樹、電桿","酒醉（後）駕駛失控","Y000","YY00",1,2,2012-12-24,"環島東路二段","","金門縣金沙鎮陽翟路段01169號路燈桿","118.4328094","24.4713308"
10112,"10112Y00020027","YYA1","10112YY000049",2012,12,23,9,10,"金門縣","金沙鎮","",NA,"環島北路","四","",NA,"","","","","","金沙二橋路段07021號路燈桿處",NA,NA,NA,NA,NA,NA,NA,NA,NA,0,1,0,"晴","日間自然光線","村里道路",60,"直路","一般車道（未劃分快慢車道）","柏油","乾燥","無缺陷","無障礙物","良好","無號誌","無號誌","附標記","未繪設車道線","未繪設快慢車道分隔線","有","路上翻車、摔倒","未注意車前狀態","Y000","YY00",1,2,2012-12-23,"環島北路四段","","金門縣金沙鎮金沙二橋路段07021號路燈桿處","118.4045085","24.4840105"
10112,"10112Y00020038","YYA1","10112YY000052",2012,12,29,21,10,"金門縣","金湖鎮","",NA,"太湖路","二","",NA,"","","","","","217號旁巷口",NA,NA,NA,NA,NA,NA,NA,NA,NA,0,1,0,"雨","晨或暮光","村里道路",60,"三岔路","交岔路口內","柏油","濕潤","無缺陷","無障礙物","良好","無號誌","無號誌","附標記","未繪設車道線","未繪設快慢車道分隔線","有","側撞","未依規定讓車","Y000","YY00",1,2,2012-12-29,"太湖路二段","","金門縣金湖鎮217號旁巷口","118.4170143","24.4394812"
10112,"10112Y00020034","YYA1","10112YY000055",2012,12,28,1,0,"金門縣","金湖鎮","",NA,"黃海路","","",NA,"","","","","","前埔路段01532號路燈處",NA,NA,NA,NA,NA,NA,NA,NA,NA,0,1,0,"雨","夜間（或隧道、地下道、涵洞）有照明","村里道路",60,"直路","一般車道（未劃分快慢車道）","柏油","濕潤","無缺陷","無障礙物","良好","無號誌","無號誌","無標記","未繪設車道線","未繪設快慢車道分隔線","有","撞路樹、電桿","未注意車前狀態","Y000","YY00",1,2,2012-12-28,"黃海路","","金門縣金湖鎮前埔路段01532號路燈處","118.4256931","24.452032"