"年月","總編號","處理單位","處理編號","年","月","日","時","分","縣市","區","村里","鄰","街道","段","巷","弄","號","公尺處","街道.1","段.1","側","附近","道路","公里","公尺處.1","向","車道","平交道","公里.1","公尺處.2","附近.1","死","受傷","X2.30","天候","光線","道路類別","速限","道路型態","事故位置","路面鋪裝","路面狀態","路面缺陷","障礙物","視距","號誌種類","號誌動作","分向設施","快車道或一般車道間","快慢車道間","路面邊線","事故類型及型態","主要肇因","警局","分局","案件類別","事故類別","日期","道路1","道路2","概略位置","lon","lat"
10112,"10112Y00020001","YZA1","10112YZ000001",2012,12,1,14,2,"金門縣","金城鎮","",NA,"環島西路","一","",NA,"","","","","","吳厝路段03192號路燈桿",NA,NA,NA,NA,NA,NA,NA,NA,NA,0,1,0,"陰","日間自然光線","村里道路",40,"三岔路","交岔路口內","柏油","濕潤","無缺陷","無障礙物","良好","無號誌","無號誌","無分向設施","未繪設車道線","未繪設快慢車道分隔線","有","側撞","未依規定讓車","Y000","YZ00",1,2,2012-12-01,"環島西路一段","","金門縣金城鎮吳厝路段03192號路燈桿","118.3184801","24.4172073"
10112,"10112Y00020002","YZA1","10112YZ000002",2012,12,2,14,45,"金門縣","金城鎮","",NA,"民生路","","",NA,"82-1","","","","","",NA,NA,NA,NA,NA,NA,NA,NA,NA,0,1,0,"晴","日間自然光線","村里道路",40,"三岔路","交岔路口內","柏油","乾燥","無缺陷","無障礙物","良好","無號誌","無號誌","無分向設施","未繪設車道線","未繪設快慢車道分隔線","有","其他","左轉彎未依規定","Y000","YZ00",1,2,2012-12-02,"民生路82-1號","","金門縣金城鎮","118.3190184","24.43575"
10112,"10112Y00020003","YZA1","10112YZ000003",2012,12,3,18,45,"金門縣","金城鎮","",NA,"民生路","","",NA,"","","民權路","","","附近",NA,NA,NA,NA,NA,NA,NA,NA,NA,0,1,0,"晴","晨或暮光","村里道路",50,"四岔路","交岔口附近","柏油","乾燥","無缺陷","無障礙物","良好","行車管制號誌","正常","附標記","車道線（無標記）","未繪設快慢車道分隔線","有","穿越道路中","未注意車前狀態","Y000","YZ00",1,2,2012-12-03,"民生路","民權路","","118.318387","24.437086"
10112,"10112Y00030001","YZA1","10112YZ000006",2012,12,5,7,45,"金門縣","金城鎮","",NA,"珠浦西路","","",NA,"22","","","","","",NA,NA,NA,NA,NA,NA,NA,NA,NA,0,0,0,"陰","日間自然光線","村里道路",40,"三岔路","交岔路口內","柏油","濕潤","無缺陷","無障礙物","良好","無號誌","無號誌","無分向設施","未繪設車道線","快慢車道分隔線","有","側撞","未依規定讓車","Y000","YZ00",1,3,2012-12-05,"珠浦西路22號","","金門縣金城鎮","118.3147803","24.4384226"
10112,"","YZA1","10112YZ000007",2012,12,5,11,17,"金門縣","金寧鄉","",NA,"","","",NA,"","","","","","埔後65號旁路口",NA,NA,NA,NA,NA,NA,NA,NA,NA,0,0,0,"雨",NA,NA,40,NA,NA,NA,NA,NA,NA,NA,NA,NA,NA,NA,NA,NA,NA,NA,"Y000","YZ00",1,4,2012-12-05,"金門縣金寧鄉埔後65號旁路口","","金門縣金寧鄉埔後65號旁路口","118.317029","24.442928"
10112,"10112Y00020019","YZA1","10112YZ000009",2012,12,6,6,55,"金門縣","烈嶼鄉","",NA,"八青路","","",NA,"","","","","","E0401號路燈桿",NA,NA,NA,NA,NA,NA,NA,NA,NA,0,2,0,"晴","日間自然光線","村里道路",40,"三岔路","交岔路口內","柏油","乾燥","無缺陷","無障礙物","良好","無號誌","無號誌","無標記","未繪設車道線","未繪設快慢車道分隔線","有","側撞","未依規定讓車","Y000","YZ00",1,2,2012-12-06,"八青路","","金門縣烈嶼鄉E0401號路燈桿","118.2364682","24.422863"
10112,"10112Y00020006","YZA1","10112YZ000010",2012,12,6,7,19,"金門縣","金城鎮","",NA,"西海路","一","",NA,"","","","","","03763號路燈桿附近",NA,NA,NA,NA,NA,NA,NA,NA,NA,0,1,0,"晴","日間自然光線","村里道路",50,"直路","一般車道（未劃分快慢車道）","柏油","乾燥","無缺陷","無障礙物","良好","無號誌","無號誌","附標記","未繪設車道線","未繪設快慢車道分隔線","有","追撞","未注意車前狀態","Y000","YZ00",1,2,2012-12-06,"西海路一段","","金門縣金城鎮03763號路燈桿附近","118.2906709","24.4124946"
10112,"","YZA1","10112YZ000012",2012,12,6,17,33,"金門縣","金寧鄉","",NA,"伯玉路","一","",NA,"222","","","","","加油站內",NA,NA,NA,NA,NA,NA,NA,NA,NA,0,0,0,"陰","日間自然光線","其他",20,"其他","其他","水泥","乾燥","無缺陷","無障礙物","良好","無號誌","無號誌","無分向設施","未繪設車道線","未繪設快慢車道分隔線","無","倒車撞","倒車未依規定","Y000","YZ00",1,4,2012-12-06,"伯玉路一段222號","","金門縣金寧鄉加油站內","118.3267756","24.4346914"
10112,"","YZA1","10112YZ000013",2012,12,6,17,30,"金門縣","金寧鄉","",NA,"伯玉路","","",NA,"","","","","","榜林圓環內",NA,NA,NA,NA,NA,NA,NA,NA,NA,0,0,0,NA,NA,NA,0,NA,NA,NA,NA,NA,NA,NA,NA,NA,NA,NA,NA,NA,NA,NA,"Y000","YZ00",1,4,2012-12-06,"伯玉路","","金門縣金寧鄉榜林圓環內","118.3267756","24.4346914"
10112,"10112Y00020008","YZA1","10112YZ000016",2012,12,12,8,50,"金門縣","金寧鄉","",NA,"","","",NA,"","","","","","金寶來飯店前路口",NA,NA,NA,NA,NA,NA,NA,NA,NA,0,2,0,"晴","日間自然光線","村里道路",40,"四岔路","交岔路口內","水泥","乾燥","無缺陷","無障礙物","良好","無號誌","無號誌","無分向設施","未繪設車道線","未繪設快慢車道分隔線","無","路口交岔撞","未依規定讓車","Y000","YZ00",1,2,2012-12-12,"金門縣金寧鄉金寶來飯店前路口","","金門縣金寧鄉金寶來飯店前路口","118.312619","24.440298"
10112,"","YZA1","10112YZ000017",2012,12,10,6,55,"金門縣","金城鎮","",NA,"","","",NA,"","","","","","金城新莊2巷8號路口",NA,NA,NA,NA,NA,NA,NA,NA,NA,0,1,0,"晴","日間自然光線","村里道路",40,"四岔路","交岔路口內","其他鋪裝","乾燥","無缺陷","無障礙物","良好","無號誌","無號誌","無分向設施","未繪設車道線","未繪設快慢車道分隔線","無","路口交岔撞","未依規定減速","Y000","YZ00",3,2,2012-12-10,"金門縣金城鎮金城新莊2巷8號路口","","金門縣金城鎮金城新莊2巷8號路口","118.319856","24.437936"
10112,"10112Y00020009","YZA1","10112YZ000018",2012,12,13,12,27,"金門縣","金城鎮","",NA,"民權路","","",NA,"182","","","","","",NA,NA,NA,NA,NA,NA,NA,NA,NA,0,1,0,"晴","日間自然光線","村里道路",40,"四岔路","交岔路口內","柏油","乾燥","無缺陷","無障礙物","良好","無號誌","無號誌","無分向設施","未繪設車道線","未繪設快慢車道分隔線","有","側撞","右轉彎未依規定","Y000","YZ00",1,2,2012-12-13,"民權路182號","","金門縣金城鎮","118.3192898","24.4381016"
10112,"10112Y00020042","YZA1","10112YZ000019",2012,12,14,8,43,"金門縣","金城鎮","",NA,"民權路","","122",NA,"","","","","","口前路段",NA,NA,NA,NA,NA,NA,NA,NA,NA,0,2,0,"晴","日間自然光線","村里道路",40,"三岔路","交岔口附近","柏油","乾燥","無缺陷","無障礙物","良好","無號誌","無號誌","附標記","未繪設車道線","快慢車道分隔線","有","側撞","左轉彎未依規定","Y000","YZ00",1,2,2012-12-14,"民權路122巷","","金門縣金城鎮口前路段","118.3165347","24.4358149"
10112,"10112Y00020010","YZA1","10112YZ000021",2012,12,15,13,47,"金門縣","金寧鄉","湖埔村",NA,"","","",NA,"","","","","","下埔下90號前路段",NA,NA,NA,NA,NA,NA,NA,NA,NA,0,3,0,"晴","日間自然光線","村里道路",40,"四岔路","交岔路口內","柏油","乾燥","無缺陷","無障礙物","良好","無號誌","無號誌","無分向設施","未繪設車道線","未繪設快慢車道分隔線","無","路口交岔撞","未依規定讓車","Y000","YZ00",1,2,2012-12-15,"金門縣金寧鄉湖埔村下埔下90號前路段","","金門縣金寧鄉湖埔村下埔下90號前路段","118.3126857","24.4442026"
10112,"10112Y00020020","YZA1","10112YZ000022",2012,12,16,13,30,"金門縣","金城鎮","",NA,"珠浦西路","","50",5,"","","","","","",NA,NA,NA,NA,NA,NA,NA,NA,NA,0,1,0,"晴","日間自然光線","村里道路",40,"四岔路","交岔路口內","水泥","乾燥","無缺陷","無障礙物","良好","無號誌","無號誌","無標記","未繪設車道線","未繪設快慢車道分隔線","有","路口交岔撞","未依規定讓車","Y000","YZ00",1,2,2012-12-16,"珠浦西路50巷5弄","","金門縣金城鎮","118.3147803","24.4384226"
10112,"10112Y00020011","YZA1","10112YZ000023",2012,12,16,13,30,"金門縣","金寧鄉","",NA,"","","",NA,"","","","","","榜林圓環內",NA,NA,NA,NA,NA,NA,NA,NA,NA,0,1,0,"晴","日間自然光線","村里道路",50,"圓環","一般車道（未劃分快慢車道）","柏油","乾燥","無缺陷","無障礙物","良好","無號誌","無號誌","無分向設施","車道線（附標記）","未繪設快慢車道分隔線","有","其他","未注意車前狀態","Y000","YZ00",1,2,2012-12-16,"金門縣金寧鄉榜林圓環內","","金門縣金寧鄉榜林圓環內","118.330294","24.438568"
10112,"10112Y00020012","YZA1","10112YZ000024",2012,12,17,11,25,"金門縣","金寧鄉","",NA,"環島北路","一","",NA,"","","","","","統精加油站前",NA,NA,NA,NA,NA,NA,NA,NA,NA,0,1,0,"晴","日間自然光線","縣道",60,"直路","一般車道（未劃分快慢車道）","柏油","乾燥","無缺陷","無障礙物","良好","無號誌","無號誌","無標記","未繪設車道線","未繪設快慢車道分隔線","有","側撞","未依規定讓車","Y000","YZ00",1,2,2012-12-17,"環島北路一段","","金門縣金寧鄉統精加油站前","118.3283226","24.4462231"
10112,"10112Y00020013","YZA1","10112YZ000026",2012,12,18,8,20,"金門縣","金寧鄉","",NA,"環島西路","二","",NA,"","","","","","03078前路段",NA,NA,NA,NA,NA,NA,NA,NA,NA,0,1,0,"陰","日間自然光線","縣道",60,"三岔路","交岔路口內","柏油","濕潤","無缺陷","無障礙物","良好","無號誌","無號誌","無分向設施","未繪設車道線","未繪設快慢車道分隔線","有","側撞","未依規定讓車","Y000","YZ00",1,2,2012-12-18,"環島西路二段","","金門縣金寧鄉03078前路段","118.3148723","24.4566699"
10112,"10112Y00020021","YZA1","10112YZ000027",2012,12,18,10,40,"金門縣","金城鎮","",NA,"北堤路","","",NA,"29","","","","","",NA,NA,NA,NA,NA,NA,NA,NA,NA,0,2,0,"陰","日間自然光線","村里道路",40,"三岔路","交岔路口內","柏油","濕潤","無缺陷","無障礙物","良好","無號誌","無號誌","無分向設施","未繪設車道線","快慢車道分隔線","有","其他","起步未注意其他車（人）安全","Y000","YZ00",1,2,2012-12-18,"北堤路29號","","金門縣金城鎮","118.3167419","24.4294062"
10112,"10112Y00020014","YZA1","10112YZ000028",2012,12,18,13,15,"金門縣","金城鎮","",NA,"民權路","","",NA,"54","","","","","",NA,NA,NA,NA,NA,NA,NA,NA,NA,0,1,0,"雨","日間自然光線","村里道路",40,"坡路","一般車道（未劃分快慢車道）","柏油","濕潤","無缺陷","無障礙物","良好","無號誌","無號誌","無標記","未繪設車道線","未繪設快慢車道分隔線","有","其他","起步未注意其他車（人）安全","Y000","YZ00",1,2,2012-12-18,"民權路54號","","金門縣金城鎮","118.3138525","24.4322434"
10112,"10112Y00020044","YZA1","10112YZ000029",2012,12,18,17,30,"金門縣","金寧鄉","",NA,"頂林路","","",NA,"","","","","","07573號燈桿附近",NA,NA,NA,NA,NA,NA,NA,NA,NA,0,1,0,"陰","晨或暮光","村里道路",50,"直路","一般車道（未劃分快慢車道）","柏油","濕潤","無缺陷","無障礙物","良好","無號誌","無號誌","附標記","未繪設車道線","未繪設快慢車道分隔線","有","對撞","違規超車","Y000","YZ00",1,2,2012-12-18,"頂林路","","金門縣金寧鄉07573號燈桿附近","118.3246113","24.4625018"
10112,"10112Y00020016","YZA1","10112YZ000030",2012,12,19,15,18,"金門縣","金城鎮","",NA,"民權路","","",NA,"75","","","","","路口",NA,NA,NA,NA,NA,NA,NA,NA,NA,0,2,0,"晴","日間自然光線","村里道路",40,"四岔路","交岔路口內","柏油","乾燥","無缺陷","無障礙物","良好","無號誌","無號誌","無分向設施","未繪設車道線","未繪設快慢車道分隔線","有","路口交岔撞","未依規定讓車","Y000","YZ00",1,2,2012-12-19,"民權路75號","","金門縣金城鎮路口","118.3144217","24.4329746"
10112,"10112Y00020015","YZA1","10112YZ000035",2012,12,18,18,20,"金門縣","金寧鄉","",NA,"環島北路","二","",NA,"","","林堡路","","","頂堡路口附近",NA,NA,NA,NA,NA,NA,NA,NA,NA,0,1,0,"陰","夜間（或隧道、地下道、涵洞）有照明","縣道",60,"三岔路","交岔口附近","柏油","乾燥","無缺陷","無障礙物","良好","無號誌","無號誌","附標記","未繪設車道線","未繪設快慢車道分隔線","有","側撞","左轉彎未依規定","Y000","YZ00",1,2,2012-12-18,"環島北路二段","林堡路","","118.3444116","24.4493316"
10112,"10112Y00030003","YZA1","10112YZ000036",2012,12,18,16,56,"金門縣","金寧鄉","",NA,"慈湖路","一","",NA,"","","","","","全聯福利中心前路口",NA,NA,NA,NA,NA,NA,NA,NA,NA,0,0,0,"陰","日間自然光線","村里道路",50,"三岔路","交岔路口內","柏油","乾燥","無缺陷","無障礙物","良好","無號誌","無號誌","無分向設施","未繪設車道線","未繪設快慢車道分隔線","有","倒車撞","倒車未依規定","Y000","YZ00",1,3,2012-12-18,"慈湖路一段","","金門縣金寧鄉全聯福利中心前路口","118.3117387","24.4416084"
10112,"10112Y00020017","YZA1","10112YZ000037",2012,12,21,13,40,"金門縣","金城鎮","",NA,"","","",NA,"","","","","","和平新村117號旁路口",NA,NA,NA,NA,NA,NA,NA,NA,NA,0,1,0,"晴","日間自然光線","村里道路",40,"四岔路","交岔路口內","水泥","乾燥","無缺陷","無障礙物","良好","無號誌","無號誌","無分向設施","未繪設車道線","未繪設快慢車道分隔線","無","路口交岔撞","未依規定讓車","Y000","YZ00",1,2,2012-12-21,"金門縣金城鎮和平新村117號旁路口","","金門縣金城鎮和平新村117號旁路口","118.3166667","24.4166667"
10112,"10112Y00020022","YZA1","10112YZ000038",2012,12,21,7,30,"金門縣","金城鎮","東門里",NA,"環島西路","一","",NA,"","","北堤路","","","",NA,NA,NA,NA,NA,NA,NA,NA,NA,0,2,0,"晴","日間自然光線","村里道路",40,"四岔路","交岔路口內","柏油","乾燥","無缺陷","無障礙物","良好","行車管制號誌（附設行人專用號誌）","正常","無分向設施","未繪設車道線","未繪設快慢車道分隔線","有","側撞","未依規定讓車","Y000","YZ00",1,2,2012-12-21,"環島西路一段","北堤路","","118.3213944","24.42983234"
10112,"10112Y00020025","YZA1","10112YZ000039",2012,12,21,17,53,"金門縣","金寧鄉","湖埔村",NA,"","","",NA,"","","","","","埔後供水站",NA,NA,NA,NA,NA,NA,NA,NA,NA,0,1,0,"晴","晨或暮光","村里道路",40,"四岔路","交岔路口內","柏油","泥濘","無缺陷","無障礙物","良好","無號誌","無號誌","無分向設施","未繪設車道線","未繪設快慢車道分隔線","有","路口交岔撞","未依規定讓車","Y000","YZ00",1,2,2012-12-21,"金門縣金寧鄉湖埔村埔後供水站","","金門縣金寧鄉湖埔村埔後供水站","118.317029","24.442928"
10112,"10112Y00020024","YZA1","10112YZ000040",2012,12,21,13,0,"金門縣","金城鎮","",NA,"民權路","","",NA,"182","","","","","",NA,NA,NA,NA,NA,NA,NA,NA,NA,0,4,0,"晴","日間自然光線","村里道路",40,"四岔路","交岔路口內","柏油","乾燥","無缺陷","無障礙物","良好","無號誌","無號誌","無分向設施","未繪設車道線","未繪設快慢車道分隔線","有","其他","起步未注意其他車（人）安全","Y000","YZ00",NA,NA,2012-12-21,"民權路182號","","金門縣金城鎮","118.3192898","24.4381016"
10112,"10112Y00020046","YZA1","10112YZ000041",2012,12,23,12,52,"金門縣","金寧鄉","頂埔下村",NA,"","","",NA,"38-1","","","","","路口",NA,NA,NA,NA,NA,NA,NA,NA,NA,0,1,0,"晴","日間自然光線","村里道路",40,"四岔路","交岔路口內","柏油","乾燥","無缺陷","無障礙物","良好","無號誌","無號誌","無分向設施","未繪設車道線","未繪設快慢車道分隔線","有","路口交岔撞","未依規定減速","Y000","YZ00",1,2,2012-12-23,"金門縣金寧鄉頂埔下村38-1","","金門縣金寧鄉頂埔下村路口","118.3099021","24.4474013"
10112,"10112Y00020026","YZA1","10112YZ000042",2012,12,22,16,0,"金門縣","金寧鄉","",NA,"伯玉路","一","",NA,"222","","","","","",NA,NA,NA,NA,NA,NA,NA,NA,NA,0,1,0,"晴","日間自然光線","縣道",60,"直路","慢車道","柏油","乾燥","無缺陷","無障礙物","良好","無號誌","無號誌","無標記","未繪設車道線","未繪設快慢車道分隔線","有","側撞","未依規定讓車","Y000","YZ00",1,2,2012-12-22,"伯玉路一段222號","","金門縣金寧鄉","118.3267756","24.4346914"
10112,"10112Y00020028","YZA1","10112YZ000043",2012,12,25,12,26,"金門縣","金寧鄉","",NA,"","","",NA,"","","","","","下埔下90之3號旁路口",NA,NA,NA,NA,NA,NA,NA,NA,NA,0,2,0,"晴","日間自然光線","村里道路",40,"四岔路","交岔路口內","水泥","乾燥","無缺陷","無障礙物","良好","無號誌","無號誌","無分向設施","未繪設車道線","未繪設快慢車道分隔線","無","路口交岔撞","未依規定讓車","Y000","YZ00",1,2,2012-12-25,"金門縣金寧鄉下埔下90之3號旁路口","","金門縣金寧鄉下埔下90之3號旁路口","118.3126857","24.4442026"
10112,"10112Y00020029","YZA1","10112YZ000044",2012,12,26,0,0,"金門縣","金寧鄉","",NA,"","","",NA,"","","","","","金寶來飯店前路口",NA,NA,NA,NA,NA,NA,NA,NA,NA,0,1,0,"晴","夜間（或隧道、地下道、涵洞）有照明","村里道路",40,"四岔路","交岔路口內","水泥","乾燥","無缺陷","無障礙物","良好","無號誌","無號誌","無分向設施","未繪設車道線","未繪設快慢車道分隔線","無","路口交岔撞","未依規定讓車","Y000","YZ00",1,2,2012-12-26,"金門縣金寧鄉金寶來飯店前路口","","金門縣金寧鄉金寶來飯店前路口","118.312619","24.440298"
10112,"10112Y00020030","YZA1","10112YZ000045",2012,12,27,14,56,"金門縣","金寧鄉","",NA,"環島南路","二","",NA,"","","","","","機場跑道旁路段",NA,NA,NA,NA,NA,NA,NA,NA,NA,0,1,0,"晴","日間自然光線","村里道路",40,"彎曲路及附近","一般車道（未劃分快慢車道）","柏油","乾燥","無缺陷","無障礙物","良好","無號誌","無號誌","無標記","未繪設車道線","未繪設快慢車道分隔線","有","路上翻車、摔倒","未依規定減速","Y000","YZ00",1,2,2012-12-27,"環島南路二段","","金門縣金寧鄉機場跑道旁路段","118.3542572","24.4312377"
10112,"10112Y00020035","YZA1","10112YZ000047",2012,12,28,18,22,"金門縣","金城鎮","",NA,"西海路","二","",NA,"","","","","","賢聚路段06736號燈桿",NA,NA,NA,NA,NA,NA,NA,NA,NA,0,2,0,"晴","夜間（或隧道、地下道、涵洞）有照明","村里道路",50,"直路","一般車道（未劃分快慢車道）","柏油","乾燥","無缺陷","無障礙物","良好","無號誌","無號誌","無標記","未繪設車道線","未繪設快慢車道分隔線","有","對向擦撞","違規超車","Y000","YZ00",1,2,2012-12-28,"西海路二段","","金門縣金城鎮賢聚路段06736號燈桿","118.3041626","24.4144371"
10112,"10112Y00020031","YZA1","10112YZ000048",2012,12,28,21,10,"金門縣","金寧鄉","",NA,"大學路","","",NA,"","","","","","07723號路燈桿",NA,NA,NA,NA,NA,NA,NA,NA,NA,0,1,0,"晴","夜間（或隧道、地下道、涵洞）有照明","村里道路",40,"直路","一般車道（未劃分快慢車道）","柏油","乾燥","無缺陷","無障礙物","良好","無號誌","無號誌","附標記","未繪設車道線","未繪設快慢車道分隔線","有","撞路樹、電桿","未注意車前狀態","Y000","YZ00",1,2,2012-12-28,"大學路","","金門縣金寧鄉07723號路燈桿","118.325279","24.4466751"
10112,"10112Y00020036","YZA1","10112YZ000050",2012,12,29,13,25,"金門縣","金城鎮","",NA,"民權路","","",NA,"","","","","","111之4號前",NA,NA,NA,NA,NA,NA,NA,NA,NA,0,2,0,"陰","日間自然光線","村里道路",50,"直路","一般車道（未劃分快慢車道）","柏油","乾燥","無缺陷","無障礙物","良好","無號誌","無號誌","寬式（50公分以上）","未繪設車道線","未繪設快慢車道分隔線","有","同向擦撞","未注意車前狀態","Y000","YZ00",1,2,2012-12-29,"民權路","","金門縣金城鎮111之4號前","118.3168946","24.4355379"
10112,"10112Y00020037","YZA1","10112YZ000051",2012,12,29,18,35,"金門縣","金寧鄉","",NA,"伯玉路","一","",NA,"222","","","","","",NA,NA,NA,NA,NA,NA,NA,NA,NA,0,2,0,"雨","夜間（或隧道、地下道、涵洞）有照明","縣道",60,"直路","一般車道（未劃分快慢車道）","柏油","濕潤","無缺陷","無障礙物","良好","無號誌","無號誌","附標記","未繪設車道線","快慢車道分隔線","有","側撞","左轉彎未依規定","Y000","YZ00",1,2,2012-12-29,"伯玉路一段222號","","金門縣金寧鄉","118.3267756","24.4346914"
10112,"10112Y00020032","YZA1","10112YZ000053",2012,12,30,7,45,"金門縣","金城鎮","",NA,"西海路","三","",NA,"74","","","","","",NA,NA,NA,NA,NA,NA,NA,NA,NA,0,2,0,"雨","日間自然光線","縣道",50,"四岔路","交岔路口內","柏油","濕潤","無缺陷","無障礙物","良好","無號誌","無號誌","無分向設施","未繪設車道線","未繪設快慢車道分隔線","有","側撞","未依規定讓車","Y000","YZ00",1,2,2012-12-30,"西海路三段74號","","金門縣金城鎮","118.3124964","24.4226194"
10112,"10112Y00020039","YZA1","10112YZ000054",2012,12,30,20,25,"金門縣","金城鎮","",NA,"民族路","","",NA,"","","","","","6號前",NA,NA,NA,NA,NA,NA,NA,NA,NA,0,1,0,"晴","夜間（或隧道、地下道、涵洞）有照明","村里道路",40,"直路","一般車道（未劃分快慢車道）","柏油","乾燥","無缺陷","無障礙物","良好","無號誌","無號誌","附標記","未繪設車道線","未繪設快慢車道分隔線","有","路上翻車、摔倒","酒醉（後）駕駛失控","Y000","YZ00",1,2,2012-12-30,"民族路","","金門縣金城鎮6號前","118.3157499","24.4302723"
10112,"10112Y00020040","YZA1","10112YZ000056",2012,12,31,16,45,"金門縣","金寧鄉","榜林村",NA,"","","",NA,"","","","","","宏濟殿籃球場旁路口",NA,NA,NA,NA,NA,NA,NA,NA,NA,0,1,0,"晴","日間自然光線","村里道路",40,"三岔路","交岔路口內","水泥","乾燥","無缺陷","無障礙物","良好","無號誌","無號誌","無分向設施","未繪設車道線","未繪設快慢車道分隔線","無","其他","未依規定讓車","Y000","YZ00",1,2,2012-12-31,"金門縣金寧鄉榜林村宏濟殿籃球場旁路口","","金門縣金寧鄉榜林村宏濟殿籃球場旁路口","118.329691","24.436387"
10112,"","YZA1","10112YZ000057",2012,12,31,22,3,"金門縣","金城鎮","",NA,"西海路","三","",NA,"","","","","","北堤路路口",NA,NA,NA,NA,NA,NA,NA,NA,NA,0,0,0,"晴",NA,NA,40,NA,NA,NA,NA,NA,NA,NA,NA,NA,NA,NA,NA,NA,NA,NA,"Y000","YZ00",NA,NA,2012-12-31,"西海路三段","","金門縣金城鎮北堤路路口","118.3124964","24.4226194"
10112,"","YZA1","10112YZ000058",2012,12,15,15,15,"金門縣","金寧鄉","安美村",NA,"頂林路","","",NA,"353","","","","","古寧高幹59 Z0259 EE11",NA,NA,NA,NA,NA,NA,NA,NA,NA,0,1,0,"晴","日間自然光線","其他",40,"直路","一般車道（未劃分快慢車道）","水泥","乾燥","無缺陷","無障礙物","良好","無號誌","無號誌","無分向設施","未繪設車道線","未繪設快慢車道分隔線","無","撞動物","尚未發現肇事因素","Y000","YZ00",3,2,2012-12-15,"頂林路353號","","金門縣金寧鄉安美村古寧高幹59 Z0259 EE11","118.3246113","24.4625018"
10112,"10112Y00020047","YZA1","10112YZ000059",2012,12,25,18,20,"金門縣","金城鎮","",NA,"民權路","","",NA,"184-1","","","","","",NA,NA,NA,NA,NA,NA,NA,NA,NA,0,1,0,"陰","夜間（或隧道、地下道、涵洞）有照明","村里道路",40,"直路","一般車道（未劃分快慢車道）","柏油","乾燥","無缺陷","無障礙物","良好","無號誌","無號誌","附標記","未繪設車道線","未繪設快慢車道分隔線","有","路上翻車、摔倒","未注意車前狀態","Y000","YZ00",1,2,2012-12-25,"民權路184-1號","","金門縣金城鎮","118.3168946","24.4355379"
10112,"","YZA1","10112YZ000060",2012,12,24,17,30,"金門縣","金城鎮","",NA,"","","",NA,"","","","","","中正國小側門",NA,NA,NA,NA,NA,NA,NA,NA,NA,0,1,0,"晴","晨或暮光","村里道路",40,"直路","一般車道（未劃分快慢車道）","柏油","乾燥","無缺陷","無障礙物","良好","無號誌","無號誌","附標記","未繪設車道線","快慢車道分隔線","有","其他","開啟車門不當而肇事","Y000","YZ00",3,2,2012-12-24,"金門縣金城鎮中正國小側門","","金門縣金城鎮中正國小側門","118.316849","24.434284"
10201,"10201Y00030001","YYA1","10201YY000001",2013,1,1,17,0,"金門縣","金湖鎮","",NA,"復興路","","",NA,"1","","","","","旁路段",NA,NA,NA,NA,NA,NA,NA,NA,NA,0,0,0,"陰","晨或暮光","村里道路",50,"三岔路","交岔口附近","柏油","乾燥","無缺陷","無障礙物","良好","無號誌","無號誌","附標記","未繪設車道線","未繪設快慢車道分隔線","有","同向擦撞","未注意車前狀態","Y000","YY00",1,3,2013-01-01,"復興路1號","","金門縣金湖鎮旁路段","118.4161413","24.4412321"
10201,"10201Y00020003","YYA1","10201YY000005",2013,1,5,15,58,"金門縣","金湖鎮","",NA,"環島南路","四","",NA,"","","","","","后園05083號路燈桿前",NA,NA,NA,NA,NA,NA,NA,NA,NA,0,4,0,"晴","日間自然光線","村里道路",50,"三岔路","交岔路口內","柏油","乾燥","無缺陷","無障礙物","良好","無號誌","無號誌","無分向設施","未繪設車道線","快慢車道分隔線","有","側撞","酒醉（後）駕駛失控","Y000","YY00",1,2,2013-01-05,"環島南路四段","","金門縣金湖鎮后園05083號路燈桿前","118.40101","24.438041"
10201,"","YYA1","10201YY000006",2013,1,6,15,0,"金門縣","金湖鎮","新湖里",NA,"","","",NA,"","","","","","信義新村88之25號前",NA,NA,NA,NA,NA,NA,NA,NA,NA,0,0,0,"晴",NA,NA,40,NA,NA,NA,NA,NA,NA,NA,NA,NA,NA,NA,NA,NA,NA,NA,"Y000","YY00",1,4,2013-01-06,"金門縣金湖鎮新湖里信義新村88之25號前","","金門縣金湖鎮新湖里信義新村88之25號前","118.410361","24.435293"
10201,"10201Y00020004","YYA1","10201YY000007",2013,1,6,16,35,"金門縣","金沙鎮","",NA,"陽沙路","","",NA,"","","","","","00784號燈桿",NA,NA,NA,NA,NA,NA,NA,NA,NA,0,2,0,"晴","日間自然光線","村里道路",50,"彎曲路及附近","路肩、路緣","柏油","乾燥","無缺陷","無障礙物","良好","無號誌","無號誌","附標記","未繪設車道線","未繪設快慢車道分隔線","有","撞路樹、電桿","未依規定減速","Y000","YY00",1,2,2013-01-06,"陽沙路","","金門縣金沙鎮00784號燈桿","118.432385","24.4814738"
10201,"10201Y00030007","YYA1","10201YY000008",2013,1,7,18,10,"金門縣","金湖鎮","正義里",NA,"伯玉路","四","",NA,"","","","","","00002路燈前路段",NA,NA,NA,NA,NA,NA,NA,NA,NA,0,0,0,"晴","夜間（或隧道、地下道、涵洞）有照明","村里道路",70,"直路","快車道","柏油","乾燥","無缺陷","無障礙物","良好","無號誌","無號誌","無標記","未繪設車道線","快慢車道分隔線","有","同向擦撞","未注意車前狀態","Y000","YY00",1,3,2013-01-07,"伯玉路四段","","金門縣金湖鎮正義里00002路燈前路段","118.3798588","24.4470039"