"年月","總編號","處理單位","處理編號","年","月","日","時","分","縣市","區","村里","鄰","街道","段","巷","弄","號","公尺處","街道.1","段.1","側","附近","道路","公里","公尺處.1","向","車道","平交道","公里.1","公尺處.2","附近.1","死","受傷","X2.30","天候","光線","道路類別","速限","道路型態","事故位置","路面鋪裝","路面狀態","路面缺陷","障礙物","視距","號誌種類","號誌動作","分向設施","快車道或一般車道間","快慢車道間","路面邊線","事故類型及型態","主要肇因","警局","分局","案件類別","事故類別","日期","道路1","道路2","概略位置","lon","lat"
10201,"10201Y00020007","YYA1","10201YY000011",2013,1,9,20,52,"金門縣","金沙鎮","",NA,"環島北路","三","",NA,"","","","","","斗門路口",NA,NA,NA,NA,NA,NA,NA,NA,NA,0,1,0,"晴","夜間（或隧道、地下道、涵洞）有照明","村里道路",60,"四岔路","交岔路口內","柏油","乾燥","無缺陷","無障礙物","良好","閃光號誌","正常","無分向設施","未繪設車道線","未繪設快慢車道分隔線","有","路口交岔撞","未依規定讓車","Y000","YY00",1,2,2013-01-09,"環島北路三段","","金門縣金沙鎮斗門路口","118.388325","24.466263"
10201,"10201Y00020011","YYA1","10201YY000015",2013,1,11,10,40,"金門縣","金沙鎮","",NA,"環島東路","一","",NA,"","","","","","蔡店路段10201路燈桿處",NA,NA,NA,NA,NA,NA,NA,NA,NA,0,1,0,"晴","日間自然光線","村里道路",60,"四岔路","交岔口附近","柏油","乾燥","無缺陷","無障礙物","良好","無號誌","無號誌","附標記","未繪設車道線","未繪設快慢車道分隔線","有","撞路樹、電桿","未注意車前狀態","Y000","YY00",1,2,2013-01-11,"環島東路一段","","金門縣金沙鎮蔡店路段10201路燈桿處","118.4213083","24.4841071"
10201,"10201Y00020013","YYA1","10201YY000017",2013,1,11,20,10,"金門縣","金湖鎮","",NA,"環島北路","三","",NA,"","","","","","屠宰場前路段",NA,NA,NA,NA,NA,NA,NA,NA,NA,0,2,0,"晴","夜間（或隧道、地下道、涵洞）有照明","村里道路",60,"彎曲路及附近","路肩、路緣","柏油","乾燥","無缺陷","無障礙物","良好","無號誌","無號誌","附標記","未繪設車道線","未繪設快慢車道分隔線","有","衝出路外","未依規定減速","Y000","YY00",1,2,2013-01-11,"環島北路三段","","金門縣金湖鎮屠宰場前路段","118.388325","24.466263"
10201,"10201Y00020015","YYA1","10201YY000019",2013,1,13,13,10,"金門縣","金湖鎮","",NA,"黃海路","","",NA,"","","","","","",NA,NA,NA,NA,NA,NA,NA,NA,NA,0,0,0,NA,NA,NA,0,NA,NA,NA,NA,NA,NA,NA,NA,NA,NA,NA,NA,NA,NA,NA,"","",NA,NA,2013-01-13,"黃海路","","金門縣金湖鎮","118.4256931","24.452032"
10201,"","YYA1","10201YY000029",2013,1,19,17,30,"金門縣","金湖鎮","",NA,"環島南路","四","",NA,"","","","","","夏興路段",NA,NA,NA,NA,NA,NA,NA,NA,NA,0,0,0,NA,NA,NA,0,NA,NA,NA,NA,NA,NA,NA,NA,NA,NA,NA,NA,NA,NA,NA,"Y000","YY00",1,4,2013-01-19,"環島南路四段","","金門縣金湖鎮夏興路段","118.40101","24.438041"
10201,"10201Y00020021","YYA1","10201YY000032",2013,1,22,11,45,"金門縣","金沙鎮","光前里",NA,"光華路","一","",NA,"","","","","","01779路燈桿前路段",NA,NA,NA,NA,NA,NA,NA,NA,NA,0,2,0,"晴","日間自然光線","村里道路",50,"彎曲路及附近","一般車道（未劃分快慢車道）","柏油","乾燥","無缺陷","無障礙物","良好","無號誌","無號誌","無標記","未繪設車道線","未繪設快慢車道分隔線","有","對撞","未依規定減速","Y000","YY00",1,2,2013-01-22,"光華路一段","","金門縣金沙鎮光前里01779路燈桿前路段","118.428921","24.4909929"
10201,"10201Y00020022","YYA1","10201YY000033",2013,1,22,14,30,"金門縣","金沙鎮","",NA,"陽沙路","","",NA,"","","","","","往東珩路段",NA,NA,NA,NA,NA,NA,NA,NA,NA,0,1,0,"晴","日間自然光線","村里道路",30,"直路","其他","無鋪裝","乾燥","突出（高低）不平","無障礙物","良好","無號誌","無號誌","無分向設施","未繪設車道線","未繪設快慢車道分隔線","無","路上翻車、摔倒","酒醉（後）駕駛失控","Y000","YY00",1,2,2013-01-22,"陽沙路","","金門縣金沙鎮往東珩路段","118.432385","24.4814738"
10201,"10201Y00020029","YYA1","10201YY000043",2013,1,30,16,50,"金門縣","金湖鎮","",NA,"環島北路","三","",NA,"","","","","","瓊徑路口",NA,NA,NA,NA,NA,NA,NA,NA,NA,0,3,0,"晴","日間自然光線","村里道路",60,"三岔路","交岔路口內","柏油","乾燥","無缺陷","無障礙物","良好","閃光號誌","正常","無分向設施","未繪設車道線","未繪設快慢車道分隔線","有","側撞","未依規定讓車","Y000","YY00",1,2,2013-01-30,"環島北路三段","","金門縣金湖鎮瓊徑路口","118.388325","24.466263"
10201,"10201Y00020030","YYA1","10201YY000045",2013,1,30,17,48,"金門縣","金湖鎮","",NA,"環島北路","三","",NA,"","","","","","瓊林村巷道口",NA,NA,NA,NA,NA,NA,NA,NA,NA,0,2,0,"晴","晨或暮光","村里道路",60,"三岔路","交岔路口內","柏油","乾燥","無缺陷","無障礙物","良好","無號誌","無號誌","無分向設施","未繪設車道線","未繪設快慢車道分隔線","有","側撞","違規超車","Y000","YY00",1,2,2013-01-30,"環島北路三段","","金門縣金湖鎮瓊林村巷道口","118.388325","24.466263"
10201,"10201Y00020028","YYA1","10201YY000046",2013,1,29,11,24,"金門縣","金湖鎮","",NA,"伯玉路","五","",NA,"","","","","","魯王墓路段",NA,NA,NA,NA,NA,NA,NA,NA,NA,0,1,0,"晴","日間自然光線","村里道路",60,"彎曲路及附近","一般車道（未劃分快慢車道）","柏油","乾燥","無缺陷","無障礙物","良好","無號誌","無號誌","窄式無柵欄","未繪設車道線","未繪設快慢車道分隔線","有","撞交通島","未依規定減速","Y000","YY00",1,2,2013-01-29,"伯玉路五段","","金門縣金湖鎮魯王墓路段","118.3897645","24.4505133"
10201,"10201Y00020023","YZA1","10201YZ000002",2013,1,3,6,5,"金門縣","金寧鄉","",NA,"","","",NA,"","","","","","林湖路00507號路燈桿",NA,NA,NA,NA,NA,NA,NA,NA,NA,0,1,0,"晴","夜間（或隧道、地下道、涵洞）無照明","村里道路",40,"直路","一般車道（未劃分快慢車道）","柏油","乾燥","無缺陷","其他障礙物","良好","無號誌","無號誌","附標記","未繪設車道線","未繪設快慢車道分隔線","有","撞路樹、電桿","未注意車前狀態","Y000","YZ00",1,2,2013-01-03,"金門縣金寧鄉林湖路00507號路燈桿","","金門縣金寧鄉林湖路00507號路燈桿","118.330303","24.4320985"
10201,"10201Y00020001","YZA1","10201YZ000003",2013,1,5,8,5,"金門縣","金城鎮","西門里",NA,"民權路","","",NA,"","","","","","西南里公所前路段",NA,NA,NA,NA,NA,NA,NA,NA,NA,0,1,0,"晴","日間自然光線","鄉道",40,"四岔路","交岔口附近","柏油","乾燥","無缺陷","無障礙物","良好","行車管制號誌","正常","附標記","未繪設車道線","未繪設快慢車道分隔線","有","其他","未依規定讓車","Y000","YZ00",1,2,2013-01-05,"民權路","","金門縣金城鎮西門里西南里公所前路段","118.3168946","24.4355379"
10201,"10201Y00020002","YZA1","10201YZ000004",2013,1,5,14,53,"金門縣","金寧鄉","",NA,"環島北路","一","",NA,"250-1","","","","","",NA,NA,NA,NA,NA,NA,NA,NA,NA,0,1,0,"晴","日間自然光線","村里道路",60,"直路","一般車道（未劃分快慢車道）","柏油","乾燥","無缺陷","無障礙物","良好","無號誌","無號誌","無標記","未繪設車道線","未繪設快慢車道分隔線","有","對撞","違規超車","Y000","YZ00",1,2,2013-01-05,"環島北路一段250-1號","","金門縣金寧鄉","118.3283226","24.4462231"
10201,"10201Y00020006","YZA1","10201YZ000009",2013,1,9,18,3,"金門縣","金城鎮","",NA,"民權路","","",NA,"","","","","","中華電信前路段",NA,NA,NA,NA,NA,NA,NA,NA,NA,0,2,0,"陰","夜間（或隧道、地下道、涵洞）有照明","村里道路",40,"三岔路","交岔路口內","柏油","乾燥","無缺陷","無障礙物","良好","無號誌","無號誌","無分向設施","未繪設車道線","未繪設快慢車道分隔線","有","其他","未依規定讓車","Y000","YZ00",1,2,2013-01-09,"民權路","","金門縣金城鎮中華電信前路段","118.3168946","24.4355379"
10201,"10201Y00020005","YZA1","10201YZ000010",2013,1,9,8,55,"金門縣","金寧鄉","",NA,"","","",NA,"","","","","","慈湖路2段03410燈桿前路段",NA,NA,NA,NA,NA,NA,NA,NA,NA,0,1,0,"晴","日間自然光線","村里道路",50,"彎曲路及附近","一般車道（未劃分快慢車道）","柏油","乾燥","無缺陷","無障礙物","良好","無號誌","無號誌","附標記","未繪設車道線","未繪設快慢車道分隔線","有","衝出路外","未依規定減速","Y000","YZ00",1,2,2013-01-09,"金門縣金寧鄉慈湖路2段03410燈桿前路段","","金門縣金寧鄉慈湖路2段03410燈桿前路段","118.3001065","24.4637277"
10201,"10201Y00020008","YZA1","10201YZ000012",2013,1,10,10,50,"金門縣","金城鎮","",NA,"珠浦西路","","92",NA,"9","","","","","旁十字路口",NA,NA,NA,NA,NA,NA,NA,NA,NA,0,1,0,"晴","日間自然光線","村里道路",40,"四岔路","交岔路口內","其他鋪裝","乾燥","無缺陷","無障礙物","良好","無號誌","無號誌","無分向設施","未繪設車道線","未繪設快慢車道分隔線","有","路口交岔撞","未依規定讓車","Y000","YZ00",1,2,2013-01-10,"珠浦西路92巷9號","","金門縣金城鎮旁十字路口","118.3147803","24.4384226"
10201,"10201Y00020009","YZA1","10201YZ000013",2013,1,10,15,32,"金門縣","金寧鄉","",NA,"","","",NA,"","","","","","埔後供水站附近十字路口",NA,NA,NA,NA,NA,NA,NA,NA,NA,0,3,0,"晴","日間自然光線","村里道路",40,"四岔路","交岔路口內","水泥","乾燥","無缺陷","無障礙物","良好","無號誌","無號誌","無分向設施","未繪設車道線","未繪設快慢車道分隔線","無","路口交岔撞","未依規定讓車","Y000","YZ00",1,2,2013-01-10,"金門縣金寧鄉埔後供水站附近十字路口","","金門縣金寧鄉埔後供水站附近十字路口","118.317029","24.442928"
10201,"10201Y00020010","YZA1","10201YZ000014",2013,1,10,20,15,"金門縣","金城鎮","",NA,"珠浦西路","","",NA,"22","","","","","",NA,NA,NA,NA,NA,NA,NA,NA,NA,0,2,0,"晴","夜間（或隧道、地下道、涵洞）有照明","村里道路",40,"三岔路","交岔路口內","柏油","乾燥","無缺陷","路上有停車","路上停放車輛","無號誌","無號誌","無分向設施","未繪設車道線","未繪設快慢車道分隔線","有","側撞","未依規定讓車","Y000","YZ00",1,2,2013-01-10,"珠浦西路22號","","金門縣金城鎮","118.3147803","24.4384226"
10201,"10201Y00020012","YZA1","10201YZ000016",2013,1,11,11,34,"金門縣","金城鎮","西門里",NA,"民生路","","",NA,"","","民權路","","","",NA,NA,NA,NA,NA,NA,NA,NA,NA,0,1,0,"晴","日間自然光線","縣道",40,"四岔路","交岔路口內","柏油","乾燥","無缺陷","無障礙物","良好","行車管制號誌","正常","無分向設施","未繪設車道線","未繪設快慢車道分隔線","有","側撞","未注意車前狀態","Y000","YZ00",1,2,2013-01-11,"民生路","民權路","","118.318387","24.437086"
10201,"10201Y00030002","YZA1","10201YZ000018",2013,1,12,13,25,"金門縣","金城鎮","",NA,"珠浦南路","","",NA,"","","","","","44巷17號前",NA,NA,NA,NA,NA,NA,NA,NA,NA,0,0,0,"晴","日間自然光線","村里道路",40,"三岔路","直線匝道","其他鋪裝","乾燥","無缺陷","無障礙物","良好","無號誌","無號誌","無分向設施","未繪設車道線","未繪設快慢車道分隔線","無","側撞","未依規定讓車","Y000","YZ00",1,3,2013-01-12,"珠浦南路","","金門縣金城鎮44巷17號前","118.3152928","24.4311875"
10201,"10201Y00020014","YZA1","10201YZ000020",2013,1,13,1,38,"金門縣","金城鎮","",NA,"北堤路","","",NA,"100","","","","","",NA,NA,NA,NA,NA,NA,NA,NA,NA,0,1,0,"陰","夜間（或隧道、地下道、涵洞）有照明","村里道路",40,"四岔路","交岔口附近","柏油","乾燥","無缺陷","無障礙物","良好","行車管制號誌","正常","附標記","未繪設車道線","未繪設快慢車道分隔線","有","其他","未注意車前狀態","Y000","YZ00",1,2,2013-01-13,"北堤路100號","","金門縣金城鎮","118.3167419","24.4294062"
10201,"10201Y00020016","YZA1","10201YZ000021",2013,1,14,13,33,"金門縣","金寧鄉","",NA,"伯玉路","一","",NA,"","","","","","榜林圓環",NA,NA,NA,NA,NA,NA,NA,NA,NA,0,1,0,"晴","日間自然光線","村里道路",40,"圓環","一般車道（未劃分快慢車道）","柏油","乾燥","無缺陷","無障礙物","良好","無號誌","無號誌","無分向設施","車道線（無標記）","未繪設快慢車道分隔線","有","其他","未依規定讓車","Y000","YZ00",1,2,2013-01-14,"伯玉路一段","","金門縣金寧鄉榜林圓環","118.3267756","24.4346914"
10201,"10201Y00030004","YZA1","10201YZ000022",2013,1,15,1,54,"金門縣","金城鎮","",NA,"民生路","","",NA,"6","","","","","",NA,NA,NA,NA,NA,NA,NA,NA,NA,0,0,0,"晴","夜間（或隧道、地下道、涵洞）有照明","村里道路",50,"直路","慢車道","柏油","乾燥","無缺陷","無障礙物","良好","無號誌","無號誌","附標記","未繪設車道線","快慢車道分隔線","有","倒車撞","倒車未依規定","Y000","YZ00",1,3,2013-01-15,"民生路6號","","金門縣金城鎮","118.3190184","24.43575"
10201,"10201Y00030003","YZA1","10201YZ000023",2013,1,11,16,29,"金門縣","金寧鄉","榜林村",NA,"","","",NA,"51之9","","","","","",NA,NA,NA,NA,NA,NA,NA,NA,NA,0,0,0,"晴","日間自然光線","鄉道",40,"直路","一般車道（未劃分快慢車道）","柏油","乾燥","無缺陷","無障礙物","良好","無號誌","無號誌","無分向設施","車道線（附標記）","未繪設快慢車道分隔線","有","其他","未注意車前狀態","Y000","YZ00",1,3,2013-01-11,"金門縣金寧鄉榜林村51-9","","金門縣金寧鄉榜林村","118.329691","24.436387"
10201,"","YZA1","10201YZ000024",2013,1,15,14,38,"金門縣","金城鎮","",NA,"西海路","一","",NA,"","","","","","03743路燈桿",NA,NA,NA,NA,NA,NA,NA,NA,NA,0,0,0,"晴",NA,NA,40,NA,NA,NA,NA,NA,NA,NA,NA,NA,NA,NA,NA,NA,NA,NA,"Y000","YZ00",1,4,2013-01-15,"西海路一段","","金門縣金城鎮03743路燈桿","118.2906709","24.4124946"
10201,"10201Y00020017","YZA1","10201YZ000025",2013,1,16,9,30,"金門縣","金城鎮","",NA,"民權路","","",NA,"","","","","","70巷口",NA,NA,NA,NA,NA,NA,NA,NA,NA,0,1,0,"晴","日間自然光線","村里道路",40,"三岔路","交岔路口內","柏油","乾燥","無缺陷","無障礙物","良好","無號誌","無號誌","無分向設施","未繪設車道線","未繪設快慢車道分隔線","有","側撞","迴轉未依規定","Y000","YZ00",1,2,2013-01-16,"民權路","","金門縣金城鎮70巷口","118.3168946","24.4355379"
10201,"10201Y00020018","YZA1","10201YZ000026",2013,1,17,8,20,"金門縣","金寧鄉","安美里",NA,"頂林路","","",NA,"","","瓊安路","","","",NA,NA,NA,NA,NA,NA,NA,NA,NA,0,1,0,"晴","日間自然光線","鄉道",50,"四岔路","公車專用道","柏油","乾燥","無缺陷","無障礙物","良好","閃光號誌","正常","無分向設施","未繪設車道線","未繪設快慢車道分隔線","有","路口交岔撞","未依規定讓車","Y000","YZ00",1,2,2013-01-17,"頂林路","瓊安路","","118.32535","24.46123779"
10201,"10201Y00020019","YZA1","10201YZ000027",2013,1,17,13,55,"金門縣","金城鎮","",NA,"金山路","","",NA,"","","","","","歐厝路口",NA,NA,NA,NA,NA,NA,NA,NA,NA,0,1,0,"陰","日間自然光線","縣道",50,"四岔路","交岔路口內","柏油","乾燥","無缺陷","無障礙物","良好","無號誌","無號誌","無分向設施","未繪設車道線","未繪設快慢車道分隔線","有","側撞","左轉彎未依規定","Y000","YZ00",NA,NA,2013-01-17,"金山路","","金門縣金城鎮歐厝路口","118.3277754","24.4167689"
10201,"10201Y00020020","YZA1","10201YZ000028",2013,1,18,8,12,"金門縣","金寧鄉","",NA,"環島西路","二","",NA,"","","大學路","","","",NA,NA,NA,NA,NA,NA,NA,NA,NA,0,1,0,"晴","日間自然光線","村里道路",50,"三岔路","交岔路口內","柏油","乾燥","無缺陷","無障礙物","良好","閃光號誌","正常","無分向設施","未繪設車道線","未繪設快慢車道分隔線","有","側撞","違規超車","Y000","YZ00",1,2,2013-01-18,"環島西路二段","大學路","","118.319604","24.444293"
10201,"","YZA1","10201YZ000030",2013,1,21,21,59,"金門縣","金城鎮","",NA,"西海路","三","",NA,"","","","","","北堤路口",NA,NA,NA,NA,NA,NA,NA,NA,NA,0,0,0,"晴",NA,NA,40,NA,NA,NA,NA,NA,NA,NA,NA,NA,NA,NA,NA,NA,NA,NA,"Y000","YZ00",1,4,2013-01-21,"西海路三段","","金門縣金城鎮北堤路口","118.3124964","24.4226194"
10201,"","YZA1","10201YZ000031",2013,1,3,13,35,"金門縣","金城鎮","",NA,"西海路","二","",NA,"","","","","","03715燈桿前路段",NA,NA,NA,NA,NA,NA,NA,NA,NA,0,2,0,"晴","日間自然光線","村里道路",50,"三岔路","交岔路口內","柏油","乾燥","無缺陷","無障礙物","良好","無號誌","無號誌","無分向設施","未繪設車道線","未繪設快慢車道分隔線","有","追撞","未保持行車安全距離","Y000","YZ00",3,2,2013-01-03,"西海路二段","","金門縣金城鎮03715燈桿前路段","118.3041626","24.4144371"
10201,"10201Y00030005","YZA1","10201YZ000034",2013,1,23,15,45,"金門縣","金城鎮","",NA,"","","",NA,"","","","","","后湖往泗湖05543號路燈桿前",NA,NA,NA,NA,NA,NA,NA,NA,NA,0,0,0,"晴","日間自然光線","村里道路",50,"彎曲路及附近","一般車道（未劃分快慢車道）","柏油","乾燥","無缺陷","無障礙物","良好","無號誌","無號誌","無標記","未繪設車道線","未繪設快慢車道分隔線","有","對向擦撞","不明原因肇事","Y000","YZ00",1,3,2013-01-23,"金門縣金城鎮后湖往泗湖05543號路燈桿前","","金門縣金城鎮后湖往泗湖05543號路燈桿前","118.343172","24.421356"
10201,"10201Y00020025","YZA1","10201YZ000035",2013,1,24,15,8,"金門縣","金城鎮","珠沙里",NA,"珠水路","","",NA,"","","金山路","","","珠山路口",NA,NA,NA,NA,NA,NA,NA,NA,NA,0,1,0,"晴","日間自然光線","鄉道",50,"四岔路","交岔路口內","柏油","乾燥","無缺陷","無障礙物","良好","無號誌","無號誌","無分向設施","未繪設車道線","未繪設快慢車道分隔線","有","側撞","未依規定讓車","Y000","YZ00",1,2,2013-01-24,"珠水路","金山路","","118.3190972","24.40260281"
10201,"10201Y00020026","YZA1","10201YZ000036",2013,1,24,18,20,"金門縣","金城鎮","",NA,"環島西路","一","",NA,"","","","","","莒光發電廠前",NA,NA,NA,NA,NA,NA,NA,NA,NA,0,1,0,"晴","夜間（或隧道、地下道、涵洞）有照明","村里道路",50,"彎曲路及附近","一般車道（未劃分快慢車道）","柏油","乾燥","無缺陷","道路工事（程）中","良好","無號誌","無號誌","無標記","未繪設車道線","未繪設快慢車道分隔線","有","對向擦撞","未依規定減速","Y000","YZ00",1,2,2013-01-24,"環島西路一段","","金門縣金城鎮莒光發電廠前","118.3184801","24.4172073"
10201,"10201Y00020033","YZA1","10201YZ000037",2013,1,25,14,0,"金門縣","金城鎮","珠沙里",NA,"","","",NA,"","","","","","和平新村6號旁路口",NA,NA,NA,NA,NA,NA,NA,NA,NA,0,1,0,"晴","日間自然光線","村里道路",40,"四岔路","交岔路口內","水泥","乾燥","無缺陷","無障礙物","良好","無號誌","無號誌","無分向設施","未繪設車道線","未繪設快慢車道分隔線","無","路口交岔撞","未依規定減速","Y000","YZ00",1,2,2013-01-25,"金門縣金城鎮珠沙里和平新村6號旁路口","","金門縣金城鎮珠沙里和平新村6號旁路口","118.3166667","24.4166667"
10201,"10201Y00020024","YZA1","10201YZ000038",2013,1,23,22,0,"金門縣","金寧鄉","",NA,"瓊安路","","",NA,"","","","","","07464號燈桿前路段",NA,NA,NA,NA,NA,NA,NA,NA,NA,0,1,0,"晴","夜間（或隧道、地下道、涵洞）有照明","縣道",50,"直路","一般車道（未劃分快慢車道）","柏油","乾燥","無缺陷","無障礙物","良好","無號誌","無號誌","無標記","未繪設車道線","未繪設快慢車道分隔線","有","路上翻車、摔倒","酒醉（後）駕駛失控","Y000","YZ00",1,2,2013-01-23,"瓊安路","","金門縣金寧鄉07464號燈桿前路段","118.343873","24.4603508"
10201,"10201Y00020034","YZA1","10201YZ000039",2013,1,28,7,50,"金門縣","金寧鄉","",NA,"伯玉路","三","",NA,"","","","","","中山林前路段",NA,NA,NA,NA,NA,NA,NA,NA,NA,0,1,0,"晴","日間自然光線","縣道",70,"直路","一般車道（未劃分快慢車道）","柏油","乾燥","無缺陷","無障礙物","良好","無號誌","無號誌","無標記","未繪設車道線","快慢車道分隔線","有","衝出路外","未注意車前狀態","Y000","YZ00",1,2,2013-01-28,"伯玉路三段","","金門縣金寧鄉中山林前路段","118.3646755","24.4460136"
10201,"10201Y00020027","YZA1","10201YZ000040",2013,1,28,12,58,"金門縣","金城鎮","",NA,"環島北路","一","38",1,"5","","","","","",NA,NA,NA,NA,NA,NA,NA,NA,NA,0,1,0,"晴","日間自然光線","村里道路",40,"直路","一般車道（未劃分快慢車道）","柏油","乾燥","無缺陷","無障礙物","良好","無號誌","無號誌","無分向設施","未繪設車道線","未繪設快慢車道分隔線","無","倒車撞","倒車未依規定","Y000","YZ00",1,2,2013-01-28,"環島北路一段38巷1弄5號","","金門縣金城鎮","118.3283226","24.4462231"
10201,"10201Y00030006","YZA1","10201YZ000041",2013,1,29,7,4,"金門縣","金城鎮","",NA,"民生路","","",NA,"10","","","","","天主教堂前停車格",NA,NA,NA,NA,NA,NA,NA,NA,NA,0,0,0,"晴","日間自然光線","村里道路",40,"四岔路","交岔口附近","柏油","乾燥","無缺陷","無障礙物","良好","無號誌","無號誌","附標記","未繪設車道線","未繪設快慢車道分隔線","有","其他","未注意車前狀態","Y000","YZ00",1,3,2013-01-29,"民生路10號","","金門縣金城鎮天主教堂前停車格","118.3190184","24.43575"
10201,"10201Y00020032","YZA1","10201YZ000042",2013,1,30,17,45,"金門縣","金城鎮","",NA,"民權路","","",NA,"","","民生路","","","",NA,NA,NA,NA,NA,NA,NA,NA,NA,0,1,0,"晴","日間自然光線","村里道路",50,"四岔路","交岔路口內","柏油","乾燥","無缺陷","無障礙物","良好","行車管制號誌","正常","無分向設施","未繪設車道線","未繪設快慢車道分隔線","有","路口交岔撞","違反號誌管制或指揮","Y000","YZ00",1,2,2013-01-30,"民權路","民生路","","118.318387","24.437086"
10201,"10201Y00020031","YZA1","10201YZ000044",2013,1,31,11,5,"金門縣","金寧鄉","盤山村",NA,"林堡路","","頂堡",NA,"62-1","","","","","",NA,NA,NA,NA,NA,NA,NA,NA,NA,0,1,0,"晴","日間自然光線","鄉道",40,"四岔路","交岔路口內","柏油","乾燥","無缺陷","無障礙物","良好","無號誌","無號誌","無分向設施","未繪設車道線","未繪設快慢車道分隔線","有","路口交岔撞","未依規定讓車","Y000","YZ00",1,2,2013-01-31,"林堡路頂堡巷62-1號","","金門縣金寧鄉盤山村","118.3345146","24.4434579"
10202,"10202Y00030001","YYA1","10202YY000001",2013,2,2,22,10,"金門縣","金湖鎮","",NA,"","","",NA,"","","","","","信義新村94號前",NA,NA,NA,NA,NA,NA,NA,NA,NA,0,0,0,"晴","夜間（或隧道、地下道、涵洞）有照明","村里道路",40,"巷弄","一般車道（未劃分快慢車道）","水泥","乾燥","無缺陷","無障礙物","良好","無號誌","無號誌","無分向設施","未繪設車道線","未繪設快慢車道分隔線","無","其他","未注意車前狀態","Y000","YY00",1,3,2013-02-02,"金門縣金湖鎮信義新村94號前","","金門縣金湖鎮信義新村94號前","118.410361","24.435293"
10202,"10202Y00030003","YYA1","10202YY000005",2013,2,5,7,36,"金門縣","金湖鎮","",NA,"環島南路","四","",NA,"","","瓊徑路","","","",NA,NA,NA,NA,NA,NA,NA,NA,NA,0,0,0,"雨","日間自然光線","村里道路",50,"三岔路","交岔路口內","柏油","濕潤","無缺陷","無障礙物","良好","行車管制號誌","正常","無分向設施","未繪設車道線","未繪設快慢車道分隔線","有","追撞","未保持行車安全距離","Y000","YY00",1,3,2013-02-05,"環島南路四段","瓊徑路","","118.3917905","24.44048713"
10202,"","YYA1","10202YY000007",2013,2,8,11,53,"金門縣","金湖鎮","",NA,"中山路","","",NA,"","","","","","尚義機場航廈前",NA,NA,NA,NA,NA,NA,NA,NA,NA,0,0,0,"晴",NA,NA,40,NA,NA,NA,NA,NA,NA,NA,NA,NA,NA,NA,NA,NA,NA,NA,"Y000","YY00",1,4,2013-02-08,"中山路","","金門縣金湖鎮尚義機場航廈前","118.364975","24.4413821"
10202,"10202Y00030005","YYA1","10202YY000008",2013,2,8,15,10,"金門縣","金湖鎮","新市里",NA,"復興路","","",NA,"60","","","","","",NA,NA,NA,NA,NA,NA,NA,NA,NA,0,0,0,"晴","日間自然光線","村里道路",40,"直路","一般車道（未劃分快慢車道）","柏油","乾燥","無缺陷","無障礙物","良好","無號誌","無號誌","無標記","未繪設車道線","未繪設快慢車道分隔線","有","其他","開啟車門不當而肇事","Y000","YY00",1,3,2013-02-08,"復興路60號","","金門縣金湖鎮新市里","118.4161413","24.4412321"
10202,"10202Y00020004","YYA1","10202YY000011",2013,2,9,11,15,"金門縣","金沙鎮","",NA,"勝利路","","",NA,"","","","","","82號張氏宗祠旁",NA,NA,NA,NA,NA,NA,NA,NA,NA,0,1,0,"晴","日間自然光線","村里道路",30,"四岔路","交岔路口內","其他鋪裝","乾燥","無缺陷","無障礙物","建築物","無號誌","無號誌","無分向設施","未繪設車道線","未繪設快慢車道分隔線","無","路口交岔撞","未依規定讓車","Y000","YY00",1,2,2013-02-09,"勝利路","","金門縣金沙鎮82號張氏宗祠旁","118.4119858","24.4909083"
10202,"10202Y00030006","YYA1","10202YY000016",2013,2,14,10,15,"金門縣","金湖鎮","",NA,"","","",NA,"","","","","","太武山公墓內車道",NA,NA,NA,NA,NA,NA,NA,NA,NA,0,0,0,"晴","日間自然光線","其他",40,"直路","一般車道（未劃分快慢車道）","柏油","乾燥","無缺陷","無障礙物","良好","無號誌","無號誌","無分向設施","未繪設車道線","未繪設快慢車道分隔線","有","倒車撞","倒車未依規定","Y000","YY00",1,3,2013-02-14,"金門縣金湖鎮太武山公墓內車道","","金門縣金湖鎮太武山公墓內車道","118.4279933","24.4376913"
10202,"10202Y00020007","YYA1","10202YY000021",2013,2,12,14,40,"金門縣","金沙鎮","",NA,"陽沙路","","",NA,"","","","","","山西路段02126號路燈桿",NA,NA,NA,NA,NA,NA,NA,NA,NA,0,1,0,"晴","日間自然光線","村里道路",50,"彎曲路及附近","路肩、路緣","柏油","乾燥","無缺陷","無障礙物","良好","無號誌","無號誌","附標記","未繪設車道線","未繪設快慢車道分隔線","有","撞路樹、電桿","未依規定減速","Y000","YY00",1,2,2013-02-12,"陽沙路","","金門縣金沙鎮山西路段02126號路燈桿","118.432385","24.4814738"
10202,"10202Y00020013","YYA1","10202YY000023",2013,2,22,11,0,"金門縣","金湖鎮","",NA,"環島南路","三","",NA,"","","瓊義路","","","",NA,NA,NA,NA,NA,NA,NA,NA,NA,0,1,0,"晴","日間自然光線","村里道路",60,"四岔路","交岔路口內","柏油","乾燥","無缺陷","無障礙物","良好","行車管制號誌","正常","無分向設施","未繪設車道線","未繪設快慢車道分隔線","有","路上翻車、摔倒","未注意車前狀態","Y000","YY00",1,2,2013-02-22,"環島南路三段","瓊義路","","118.3762326","24.4440968"