"年月","總編號","處理單位","處理編號","年","月","日","時","分","縣市","區","村里","鄰","街道","段","巷","弄","號","公尺處","街道.1","段.1","側","附近","道路","公里","公尺處.1","向","車道","平交道","公里.1","公尺處.2","附近.1","死","受傷","X2.30","天候","光線","道路類別","速限","道路型態","事故位置","路面鋪裝","路面狀態","路面缺陷","障礙物","視距","號誌種類","號誌動作","分向設施","快車道或一般車道間","快慢車道間","路面邊線","事故類型及型態","主要肇因","警局","分局","案件類別","事故類別","日期","道路1","道路2","概略位置","lon","lat"
10202,"10202Y00030007","YYA1","10202YY000029",2013,2,24,15,10,"金門縣","金湖鎮","",NA,"伯玉路","五","",NA,"","","","","","無愧亭",NA,NA,NA,NA,NA,NA,NA,NA,NA,0,0,0,"晴","日間自然光線","村里道路",50,"彎曲路及附近","一般車道（未劃分快慢車道）","柏油","乾燥","無缺陷","無障礙物","彎道","無號誌","無號誌","無標記","未繪設車道線","未繪設快慢車道分隔線","有","撞護欄（樁）","未依規定減速","Y000","YY00",1,3,2013-02-24,"伯玉路五段","","金門縣金湖鎮無愧亭","118.3897645","24.4505133"
10202,"10202Y00020019","YYA1","10202YY000033",2013,2,26,15,32,"金門縣","金湖鎮","",NA,"環島北路","三","",NA,"","","","","","屠宰場路段07097號路燈桿",NA,NA,NA,NA,NA,NA,NA,NA,NA,0,1,0,"雨","日間自然光線","村里道路",60,"直路","一般車道（未劃分快慢車道）","柏油","濕潤","無缺陷","無障礙物","良好","無號誌","無號誌","附標記","未繪設車道線","未繪設快慢車道分隔線","有","路上翻車、摔倒","未注意車前狀態","Y000","YY00",1,2,2013-02-26,"環島北路三段","","金門縣金湖鎮屠宰場路段07097號路燈桿","118.388325","24.466263"
10202,"10202Y00020020","YYA1","10202YY000034",2013,2,27,12,52,"金門縣","金沙鎮","",NA,"環島北路","三","",NA,"","","","","","下塘頭8號前路口",NA,NA,NA,NA,NA,NA,NA,NA,NA,0,1,0,"雨","日間自然光線","村里道路",60,"三岔路","交岔路口內","柏油","濕潤","無缺陷","無障礙物","良好","無號誌","無號誌","無分向設施","未繪設車道線","未繪設快慢車道分隔線","有","側撞","未依規定讓車","Y000","YY00",1,2,2013-02-27,"環島北路三段","","金門縣金沙鎮下塘頭8號前路口","118.388325","24.466263"
10202,"","YYA1","10202YY000036",2013,2,11,20,26,"金門縣","金沙鎮","何斗里",NA,"高陽路","","",NA,"","","","","","斗門路段",NA,NA,NA,NA,NA,NA,NA,NA,NA,0,0,0,NA,NA,NA,0,NA,NA,NA,NA,NA,NA,NA,NA,NA,NA,NA,NA,NA,NA,NA,"Y000","YY00",1,4,2013-02-11,"高陽路","","金門縣金沙鎮何斗里斗門路段","118.4078483","24.4727311"
10202,"","YYA1","10202YY000037",2013,2,18,11,50,"金門縣","金湖鎮","新湖里",NA,"太湖路","一","",NA,"","","","","","近太武圓環路段",NA,NA,NA,NA,NA,NA,NA,NA,NA,0,0,0,NA,NA,NA,0,NA,NA,NA,NA,NA,NA,NA,NA,NA,NA,NA,NA,NA,NA,NA,"Y000","YY00",1,4,2013-02-18,"太湖路一段","","金門縣金湖鎮新湖里近太武圓環路段","118.4047483","24.4473343"
10202,"","YYA1","10202YY000038",2013,2,23,16,37,"金門縣","金湖鎮","新市里",NA,"太湖路","二","",NA,"","","","","","士校路路口",NA,NA,NA,NA,NA,NA,NA,NA,NA,0,0,0,NA,NA,NA,0,NA,NA,NA,NA,NA,NA,NA,NA,NA,NA,NA,NA,NA,NA,NA,"Y000","YY00",1,4,2013-02-23,"太湖路二段","","金門縣金湖鎮新市里士校路路口","118.4170143","24.4394812"
10202,"10202Y00030002","YZA1","10202YZ000002",2013,2,4,11,34,"金門縣","金寧鄉","仁愛新村",NA,"","","",NA,"74","","","","","",NA,NA,NA,NA,NA,NA,NA,NA,NA,0,0,0,"晴","日間自然光線","鄉道",50,"四岔路","交岔口附近","柏油","乾燥","無缺陷","無障礙物","良好","閃光號誌","正常","附標記","未繪設車道線","未繪設快慢車道分隔線","有","對向擦撞","右轉彎未依規定","Y000","YZ00",1,3,2013-02-04,"金門縣金寧鄉仁愛新村74","","金門縣金寧鄉仁愛新村","118.3346958","24.4507473"
10202,"10202Y00020001","YZA1","10202YZ000003",2013,2,5,13,25,"金門縣","金城鎮","北門里",NA,"民生路","","",NA,"14","","","","","",NA,NA,NA,NA,NA,NA,NA,NA,NA,0,1,0,"陰","日間自然光線","村里道路",40,"直路","一般車道（未劃分快慢車道）","柏油","濕潤","無缺陷","無障礙物","良好","無號誌","無號誌","附標記","未繪設車道線","快慢車道分隔線","有","其他","開啟車門不當而肇事","Y000","YZ00",1,2,2013-02-05,"民生路14號","","金門縣金城鎮北門里","118.3190184","24.43575"
10202,"10202Y00030004","YZA1","10202YZ000004",2013,2,5,20,34,"金門縣","金城鎮","",NA,"浯江路","","",NA,"17","","","","","",NA,NA,NA,NA,NA,NA,NA,NA,NA,0,0,0,"雨","夜間（或隧道、地下道、涵洞）有照明","村里道路",50,"直路","一般車道（未劃分快慢車道）","柏油","濕潤","無缺陷","無障礙物","良好","無號誌","無號誌","無標記","未繪設車道線","未繪設快慢車道分隔線","有","同向擦撞","未注意車前狀態","Y000","YZ00",1,3,2013-02-05,"浯江路17號","","金門縣金城鎮","118.3268081","24.4262292"
10202,"10202Y00020024","YZA1","10202YZ000006",2013,2,7,23,58,"金門縣","金寧鄉","",NA,"伯玉路","二","",NA,"","","","","","00174燈桿前路段",NA,NA,NA,NA,NA,NA,NA,NA,NA,0,1,0,"陰","夜間（或隧道、地下道、涵洞）有照明","縣道",70,"直路","一般車道（未劃分快慢車道）","柏油","乾燥","無缺陷","無障礙物","良好","無號誌","無號誌","附標記","未繪設車道線","快慢車道分隔線","有","撞路樹、電桿","不明原因肇事","Y000","YZ00",1,2,2013-02-07,"伯玉路二段","","金門縣金寧鄉00174燈桿前路段","118.3416148","24.4414563"
10202,"10202Y00020002","YZA1","10202YZ000009",2013,2,8,15,25,"金門縣","金城鎮","",NA,"環島西路","一","",NA,"","","民族路","","","",NA,NA,NA,NA,NA,NA,NA,NA,NA,0,1,0,"陰","日間自然光線","縣道",50,"三岔路","交岔口附近","柏油","乾燥","無缺陷","無障礙物","良好","無號誌","無號誌","無標記","未繪設車道線","未繪設快慢車道分隔線","有","對向擦撞","逆向行駛","Y000","YZ00",1,2,2013-02-08,"環島西路一段","民族路","","118.321341","24.430973"
10202,"10202Y00020022","YZA1","10202YZ000010",2013,2,8,18,27,"金門縣","金寧鄉","",NA,"環島北路","","",NA,"15","","","","","",NA,NA,NA,NA,NA,NA,NA,NA,NA,0,1,0,"陰","夜間（或隧道、地下道、涵洞）有照明","縣道",60,"直路","一般車道（未劃分快慢車道）","柏油","乾燥","無缺陷","無障礙物","良好","無號誌","無號誌","無標記","未繪設車道線","未繪設快慢車道分隔線","有","側撞","未依規定讓車","Y000","YZ00",1,2,2013-02-08,"環島北路15號","","金門縣金寧鄉","118.322662","24.441264"
10202,"10202Y00020003","YZA1","10202YZ000012",2013,2,9,10,15,"金門縣","烈嶼鄉","",NA,"九井路","","",NA,"","","","","","09120燈桿旁路段",NA,NA,NA,NA,NA,NA,NA,NA,NA,0,2,0,"晴","日間自然光線","村里道路",50,"直路","一般車道（未劃分快慢車道）","柏油","乾燥","無缺陷","無障礙物","良好","無號誌","無號誌","無標記","未繪設車道線","未繪設快慢車道分隔線","有","追撞","未注意車前狀態","Y000","YZ00",1,2,2013-02-09,"九井路","","金門縣烈嶼鄉09120燈桿旁路段","118.2439073","24.4317335"
10202,"10202Y00020005","YZA1","10202YZ000013",2013,2,9,17,10,"金門縣","金寧鄉","埔後村",NA,"","","",NA,"70-8","","","","","路口",NA,NA,NA,NA,NA,NA,NA,NA,NA,0,3,0,"晴","日間自然光線","村里道路",40,"四岔路","交岔路口內","柏油","乾燥","無缺陷","無障礙物","良好","無號誌","無號誌","無分向設施","未繪設車道線","未繪設快慢車道分隔線","有","路口交岔撞","未依規定讓車","Y000","YZ00",1,2,2013-02-09,"金門縣金寧鄉埔後村70-8","","金門縣金寧鄉埔後村路口","118.317029","24.442928"
10202,"10202Y00020006","YZA1","10202YZ000014",2013,2,10,21,38,"金門縣","金城鎮","南門里",NA,"光前路","","",NA,"147","","","","","",NA,NA,NA,NA,NA,NA,NA,NA,NA,0,1,0,"晴","夜間（或隧道、地下道、涵洞）有照明","鄉道",40,"三岔路","交岔路口內","柏油","乾燥","無缺陷","無障礙物","良好","無號誌","無號誌","無分向設施","未繪設車道線","未繪設快慢車道分隔線","有","側撞","未依規定讓車","Y000","YZ00",1,2,2013-02-10,"光前路147號","","金門縣金城鎮南門里","118.3142468","24.4339885"
10202,"10202Y00020008","YZA1","10202YZ000015",2013,2,12,16,35,"金門縣","金寧鄉","",NA,"環島南路","二","",NA,"","","","","","昔果山段",NA,NA,NA,NA,NA,NA,NA,NA,NA,0,1,0,"晴","日間自然光線","縣道",60,"彎曲路及附近","一般車道（未劃分快慢車道）","柏油","乾燥","無缺陷","無障礙物","良好","無號誌","無號誌","無標記","未繪設車道線","未繪設快慢車道分隔線","有","撞路樹、電桿","未依規定減速","Y000","YZ00",1,2,2013-02-12,"環島南路二段","","金門縣金寧鄉昔果山段","118.3542572","24.4312377"
10202,"10202Y00020009","YZA1","10202YZ000017",2013,2,17,17,25,"金門縣","金城鎮","",NA,"","","",NA,"","","","","","金門城26號前",NA,NA,NA,NA,NA,NA,NA,NA,NA,0,2,0,"晴","日間自然光線","村里道路",40,"巷弄","一般車道（未劃分快慢車道）","其他鋪裝","乾燥","突出（高低）不平","無障礙物","良好","無號誌","無號誌","無分向設施","未繪設車道線","未繪設快慢車道分隔線","無","路上翻車、摔倒","未注意車前狀態","Y000","YZ00",1,2,2013-02-17,"金門縣金城鎮金門城26號前","","金門縣金城鎮金門城26號前","118.306221","24.401537"
10202,"10202Y00020010","YZA1","10202YZ000018",2013,2,20,7,25,"金門縣","金寧鄉","",NA,"環島北路","","",NA,"","","林湖路","","","",NA,NA,NA,NA,NA,NA,NA,NA,NA,0,1,0,"晴","日間自然光線","縣道",60,"三岔路","交岔路口內","柏油","乾燥","無缺陷","無障礙物","良好","無號誌","無號誌","無分向設施","未繪設車道線","未繪設快慢車道分隔線","有","追撞","未保持行車安全距離","Y000","YZ00",1,2,2013-02-20,"環島北路","林湖路","","118.3258302","24.4439927"
10202,"10202Y00020025","YZA1","10202YZ000019",2013,2,21,4,13,"金門縣","金城鎮","",NA,"環島西路","一","",NA,"","","","","","國慶飯店前路口",NA,NA,NA,NA,NA,NA,NA,NA,NA,0,1,0,"晴","夜間（或隧道、地下道、涵洞）有照明","村里道路",50,"彎曲路及附近","一般車道（未劃分快慢車道）","柏油","乾燥","無缺陷","無障礙物","良好","無號誌","無號誌","附標記","未繪設車道線","未繪設快慢車道分隔線","有","衝出路外","酒醉（後）駕駛失控","Y000","YZ00",1,2,2013-02-21,"環島西路一段","","金門縣金城鎮國慶飯店前路口","118.3184801","24.4172073"
10202,"10202Y00020015","YZA1","10202YZ000020",2013,2,21,14,6,"金門縣","金城鎮","",NA,"民生路","","",NA,"38","","","","","",NA,NA,NA,NA,NA,NA,NA,NA,NA,0,2,0,"晴","日間自然光線","村里道路",40,"直路","一般車道（未劃分快慢車道）","柏油","乾燥","無缺陷","無障礙物","良好","無號誌","無號誌","無標記","未繪設車道線","未繪設快慢車道分隔線","有","穿越道路中","未注意車前狀態","Y000","YZ00",1,2,2013-02-21,"民生路38號","","金門縣金城鎮","118.3190184","24.43575"
10202,"10202Y00020011","YZA1","10202YZ000022",2013,2,21,23,18,"金門縣","金城鎮","",NA,"民生路","","",NA,"50","","","","","憲兵隊前路段",NA,NA,NA,NA,NA,NA,NA,NA,NA,0,1,0,"晴","夜間（或隧道、地下道、涵洞）有照明","村里道路",40,"直路","一般車道（未劃分快慢車道）","柏油","乾燥","無缺陷","無障礙物","良好","無號誌","無號誌","無標記","未繪設車道線","快慢車道分隔線","有","其他","酒醉（後）駕駛失控","Y000","YZ00",1,2,2013-02-21,"民生路50號","","金門縣金城鎮憲兵隊前路段","118.3190184","24.43575"
10202,"10202Y00020017","YZA1","10202YZ000024",2013,2,22,11,20,"金門縣","金寧鄉","",NA,"大學路","","",NA,"","","","","","往環島西路二段的路段",NA,NA,NA,NA,NA,NA,NA,NA,NA,0,1,0,"晴","日間自然光線","村里道路",40,"直路","一般車道（未劃分快慢車道）","柏油","乾燥","無缺陷","無障礙物","良好","無號誌","無號誌","寬式（50公分以上）","未繪設車道線","未繪設快慢車道分隔線","有","撞交通島","未注意車前狀態","Y000","YZ00",1,2,2013-02-22,"大學路","","金門縣金寧鄉往環島西路二段的路段","118.325279","24.4466751"
10202,"10202Y00020012","YZA1","10202YZ000025",2013,2,22,6,17,"金門縣","金寧鄉","",NA,"伯玉路","二","",NA,"","","","","","00104號路燈桿附近",NA,NA,NA,NA,NA,NA,NA,NA,NA,0,1,0,"晴","日間自然光線","村里道路",70,"直路","路肩、路緣","水泥","乾燥","無缺陷","無障礙物","良好","無號誌","無號誌","無標記","未繪設車道線","快慢車道分隔線","有","撞路樹、電桿","未注意車前狀態","Y000","YZ00",1,2,2013-02-22,"伯玉路二段","","金門縣金寧鄉00104號路燈桿附近","118.3416148","24.4414563"
10202,"10202Y00020014","YZA1","10202YZ000026",2013,2,23,7,58,"金門縣","金城鎮","金水里",NA,"西海路","二","",NA,"","","珠水路","","","",NA,NA,NA,NA,NA,NA,NA,NA,NA,0,1,0,"晴","日間自然光線","鄉道",50,"四岔路","交岔路口內","柏油","乾燥","無缺陷","無障礙物","良好","閃光號誌","正常","無分向設施","未繪設車道線","未繪設快慢車道分隔線","有","側撞","未依規定讓車","Y000","YZ00",1,2,2013-02-23,"西海路二段","珠水路","","118.2998287","24.41079517"
10202,"","YZA1","10202YZ000027",2013,2,23,16,0,"金門縣","金城鎮","",NA,"民生路","","",NA,"","","","","","中興路口",NA,NA,NA,NA,NA,NA,NA,NA,NA,0,0,0,"晴",NA,NA,40,NA,NA,NA,NA,NA,NA,NA,NA,NA,NA,NA,NA,NA,NA,NA,"Y000","YZ00",1,4,2013-02-23,"民生路","","金門縣金城鎮中興路口","118.3190184","24.43575"
10202,"10202Y00020023","YZA1","10202YZ000028",2013,2,24,15,29,"金門縣","金城鎮","",NA,"","","",NA,"","","","","","金門城129號前",NA,NA,NA,NA,NA,NA,NA,NA,NA,0,1,0,"晴","日間自然光線","村里道路",40,"直路","一般車道（未劃分快慢車道）","其他鋪裝","乾燥","無缺陷","無障礙物","良好","無號誌","無號誌","無分向設施","未繪設車道線","未繪設快慢車道分隔線","無","撞橋樑、建築物","未注意車前狀態","Y000","YZ00",1,2,2013-02-24,"金門縣金城鎮金門城129號前","","金門縣金城鎮金門城129號前","118.306221","24.401537"
10202,"10202Y00030008","YZA1","10202YZ000030",2013,2,24,20,45,"金門縣","金城鎮","",NA,"環島西路","一","",NA,"","","北堤路","","","莒光橋上路段",NA,NA,NA,NA,NA,NA,NA,NA,NA,0,0,0,"晴","夜間（或隧道、地下道、涵洞）有照明","村里道路",40,"四岔路","交岔路口內","柏油","乾燥","無缺陷","無障礙物","良好","閃光號誌","正常","無分向設施","未繪設車道線","未繪設快慢車道分隔線","有","側撞","未依規定讓車","Y000","YZ00",1,3,2013-02-24,"環島西路一段","北堤路","","118.3213944","24.42983234"
10202,"10202Y00020018","YZA1","10202YZ000031",2013,2,25,19,25,"金門縣","金城鎮","",NA,"民權路","","",NA,"","","","","","192號前",NA,NA,NA,NA,NA,NA,NA,NA,NA,0,1,0,"晴","夜間（或隧道、地下道、涵洞）有照明","村里道路",50,"三岔路","交岔路口內","柏油","乾燥","無缺陷","無障礙物","良好","無號誌","無號誌","無分向設施","未繪設車道線","未繪設快慢車道分隔線","有","側撞","未依規定讓車","Y000","YZ00",1,2,2013-02-25,"民權路","","金門縣金城鎮192號前","118.3168946","24.4355379"
10202,"10202Y00020016","YZA1","10202YZ000032",2013,2,21,14,32,"金門縣","金城鎮","",NA,"環島西路","一","",NA,"","","","","","東門圓環",NA,NA,NA,NA,NA,NA,NA,NA,NA,0,1,0,"晴","日間自然光線","村里道路",50,"圓環","一般車道（未劃分快慢車道）","柏油","乾燥","無缺陷","無障礙物","良好","無號誌","無號誌","無分向設施","車道線（無標記）","未繪設快慢車道分隔線","有","其他","未依規定讓車","Y000","YZ00",1,2,2013-02-21,"環島西路一段","","金門縣金城鎮東門圓環","118.3184801","24.4172073"
10202,"10202Y00020021","YZA1","10202YZ000035",2013,2,28,17,4,"金門縣","金寧鄉","",NA,"","","",NA,"","","","","","金寶來飯店後方產業道路十字路口",NA,NA,NA,NA,NA,NA,NA,NA,NA,0,1,0,"晴","日間自然光線","村里道路",40,"四岔路","交岔路口內","水泥","乾燥","無缺陷","無障礙物","良好","無號誌","無號誌","無分向設施","未繪設車道線","未繪設快慢車道分隔線","無","路口交岔撞","未依規定讓車","Y000","YZ00",1,2,2013-02-28,"金門縣金寧鄉金寶來飯店後方產業道路十字路口","","金門縣金寧鄉金寶來飯店後方產業道路十字路口","118.312619","24.440298"
10203,"10203Y00020001","YYA1","10203YY000002",2013,3,3,12,15,"金門縣","金沙鎮","",NA,"高陽路","","",NA,"","","","","","警光會館路口",NA,NA,NA,NA,NA,NA,NA,NA,NA,0,1,0,"晴","日間自然光線","村里道路",60,"三岔路","交岔路口內","柏油","乾燥","無缺陷","無障礙物","良好","無號誌","無號誌","無分向設施","未繪設車道線","未繪設快慢車道分隔線","有","側撞","未保持行車安全距離","Y000","YY00",1,2,2013-03-03,"高陽路","","金門縣金沙鎮警光會館路口","118.4078483","24.4727311"
10203,"10203Y00020003","YYA1","10203YY000003",2013,3,4,9,41,"金門縣","金湖鎮","新市里",NA,"復興路","","",NA,"","","","","","金門醫院急診室前路口",NA,NA,NA,NA,NA,NA,NA,NA,NA,0,1,0,"晴","日間自然光線","村里道路",40,"三岔路","公車專用道","柏油","乾燥","無缺陷","無障礙物","良好","無號誌","無號誌","無分向設施","未繪設車道線","未繪設快慢車道分隔線","有","其他","起步未注意其他車（人）安全","Y000","YY00",1,2,2013-03-04,"復興路","","金門縣金湖鎮新市里金門醫院急診室前路口","118.4161413","24.4412321"
10203,"10203Y00020004","YYA1","10203YY000005",2013,3,5,14,40,"金門縣","金沙鎮","",NA,"環島東路","一","",NA,"","","","","","金沙國小前路口",NA,NA,NA,NA,NA,NA,NA,NA,NA,0,2,0,"晴","日間自然光線","村里道路",50,"三岔路","交岔路口內","柏油","乾燥","無缺陷","無障礙物","良好","閃光號誌","正常","無分向設施","未繪設車道線","未繪設快慢車道分隔線","有","側撞","未依規定減速","Y000","YY00",1,2,2013-03-05,"環島東路一段","","金門縣金沙鎮金沙國小前路口","118.4213083","24.4841071"
10203,"10203Y00030001","YYA1","10203YY000011",2013,3,10,16,12,"金門縣","金湖鎮","",NA,"太湖路","三","",NA,"","","","","","06646號燈桿路段",NA,NA,NA,NA,NA,NA,NA,NA,NA,0,0,0,"晴","日間自然光線","村里道路",50,"三岔路","交岔口附近","柏油","乾燥","無缺陷","無障礙物","良好","無號誌","無號誌","附標記","未繪設車道線","未繪設快慢車道分隔線","有","對向擦撞","使用手持行動電話失控","Y000","YY00",1,3,2013-03-10,"太湖路三段","","金門縣金湖鎮06646號燈桿路段","118.4317691","24.4347503"
10203,"10203Y00020011","YYA1","10203YY000014",2013,3,12,10,55,"金門縣","金湖鎮","",NA,"瓊徑路","","",NA,"","","","","","社福館路口",NA,NA,NA,NA,NA,NA,NA,NA,NA,0,2,0,"晴","日間自然光線","村里道路",60,"三岔路","交岔路口內","柏油","乾燥","無缺陷","無障礙物","良好","無號誌","無號誌","無分向設施","未繪設車道線","快慢車道分隔線","有","側撞","尚未發現肇事因素","Y000","YY00",1,2,2013-03-12,"瓊徑路","","金門縣金湖鎮社福館路口","118.3837181","24.4489328"
10203,"10203Y00020012","YYA1","10203YY000017",2013,3,12,17,37,"金門縣","金沙鎮","",NA,"環島東路","","",NA,"","","國中路","","","",NA,NA,NA,NA,NA,NA,NA,NA,NA,0,2,0,"晴","日間自然光線","村里道路",50,"四岔路","交岔口附近","柏油","乾燥","無缺陷","無障礙物","良好","無號誌","無號誌","附標記","未繪設車道線","未繪設快慢車道分隔線","有","追撞","未保持行車安全距離","Y000","YY00",1,2,2013-03-12,"環島東路","國中路","","118.413583","24.48829004"
10203,"10203Y00030003","YYA1","10203YY000020",2013,3,15,5,50,"金門縣","金沙鎮","",NA,"沙青路","","",NA,"","","勝利路","","","",NA,NA,NA,NA,NA,NA,NA,NA,NA,0,0,0,"晴","晨或暮光","村里道路",50,"四岔路","交岔路口內","柏油","乾燥","無缺陷","無障礙物","良好","無號誌","無號誌","無分向設施","未繪設車道線","未繪設快慢車道分隔線","無","其他","未依規定讓車","Y000","YY00",1,3,2013-03-15,"沙青路","勝利路","","118.411061","24.49122383"
10203,"10203Y00030004","YYA1","10203YY000024",2013,3,15,22,25,"金門縣","金湖鎮","新湖里",NA,"市港路","","",NA,"","","","","","52號前路段",NA,NA,NA,NA,NA,NA,NA,NA,NA,0,0,0,"晴","夜間（或隧道、地下道、涵洞）有照明","村里道路",50,"直路","慢車道","柏油","乾燥","無缺陷","無障礙物","良好","無號誌","無號誌","無標記","未繪設車道線","快慢車道分隔線","有","其他","不明原因肇事","Y000","YY00",1,3,2013-03-15,"市港路","","金門縣金湖鎮新湖里52號前路段","118.4099121","24.4348324"
10203,"10203Y00020034","YYA1","10203YY000025",2013,3,16,7,35,"金門縣","金湖鎮","瓊林里",NA,"瓊徑路","","",NA,"","","","","","小徑圓環內",NA,NA,NA,NA,NA,NA,NA,NA,NA,0,1,0,"晴","日間自然光線","村里道路",60,"圓環","一般車道（未劃分快慢車道）","柏油","乾燥","無缺陷","無障礙物","良好","無號誌","無號誌","無分向設施","車道線（無標記）","未繪設快慢車道分隔線","有","其他","未依規定讓車","Y000","YY00",1,2,2013-03-16,"瓊徑路","","金門縣金湖鎮瓊林里小徑圓環內","118.3837181","24.4489328"
10203,"","YYA1","10203YY000027",2013,3,15,7,45,"金門縣","金湖鎮","新頭里",NA,"","","",NA,"6","","","","","",NA,NA,NA,NA,NA,NA,NA,NA,NA,0,1,0,"晴","日間自然光線","村里道路",40,"巷弄","一般車道（未劃分快慢車道）","柏油","乾燥","無缺陷","無障礙物","建築物","無號誌","無號誌","無分向設施","未繪設車道線","未繪設快慢車道分隔線","無","其他","起步未注意其他車（人）安全","Y000","YY00",3,2,2013-03-15,"金門縣金湖鎮新頭里6","","金門縣金湖鎮新頭里","118.421679","24.4317931"
10203,"10203Y00020021","YYA1","10203YY000033",2013,3,18,18,30,"金門縣","金沙鎮","",NA,"環島北路","四","",NA,"","","","","","金沙二橋往金沙假日飯店路口",NA,NA,NA,NA,NA,NA,NA,NA,NA,0,1,0,"霧或煙","夜間（或隧道、地下道、涵洞）有照明","村里道路",60,"三岔路","交岔路口內","柏油","乾燥","無缺陷","無障礙物","良好","無號誌","無號誌","附標記","未繪設車道線","未繪設快慢車道分隔線","有","側撞","右轉彎未依規定","Y000","YY00",1,2,2013-03-18,"環島北路四段","","金門縣金沙鎮金沙二橋往金沙假日飯店路口","118.4045085","24.4840105"
10203,"10203Y00020023","YYA1","10203YY000035",2013,3,21,7,46,"金門縣","金沙鎮","",NA,"高陽路","","",NA,"","","環島北路","","","",NA,NA,NA,NA,NA,NA,NA,NA,NA,0,1,0,"晴","日間自然光線","村里道路",60,"三岔路","交岔路口內","柏油","乾燥","無缺陷","無障礙物","良好","無號誌","無號誌","無分向設施","未繪設車道線","未繪設快慢車道分隔線","有","追撞","未保持行車安全距離","Y000","YY00",1,2,2013-03-21,"高陽路","環島北路","","118.3887036","24.46664488"
10203,"10203Y00010001","YYA1","10203YY000037",2013,3,21,18,29,"金門縣","金沙鎮","",NA,"","","",NA,"","","","","","榮湖往后水頭路段",NA,NA,NA,NA,NA,NA,NA,NA,NA,1,1,0,"晴","夜間（或隧道、地下道、涵洞）有照明","村里道路",40,"彎曲路及附近","一般車道（未劃分快慢車道）","柏油","乾燥","無缺陷","無障礙物","彎道","無號誌","無號誌","無標記","未繪設車道線","未繪設快慢車道分隔線","有","衝出路外","超速失控","Y000","YY00",1,1,2013-03-21,"金門縣金沙鎮榮湖往后水頭路段","","金門縣金沙鎮榮湖往后水頭路段","118.4137179","24.4821177"
10203,"10203Y00020046","YYA1","10203YY000041",2013,3,24,11,41,"金門縣","金沙鎮","",NA,"沙青路","","",NA,"","","","","","青嶼路段01972號路燈桿",NA,NA,NA,NA,NA,NA,NA,NA,NA,0,1,0,"陰","日間自然光線","村里道路",50,"彎曲路及附近","一般車道（未劃分快慢車道）","柏油","濕潤","無缺陷","無障礙物","良好","無號誌","無號誌","附標記","未繪設車道線","未繪設快慢車道分隔線","有","同向擦撞","未依規定減速","Y000","YY00",1,2,2013-03-24,"沙青路","","金門縣金沙鎮青嶼路段01972號路燈桿","118.4130838","24.5066188"
10203,"10203Y00030005","YYA1","10203YY000043",2013,3,26,7,53,"金門縣","金湖鎮","",NA,"太湖路","","",NA,"","","三多路","","","",NA,NA,NA,NA,NA,NA,NA,NA,NA,0,0,0,"陰","日間自然光線","村里道路",50,"四岔路","交岔路口內","柏油","乾燥","無缺陷","無障礙物","良好","閃光號誌","正常","無分向設施","未繪設車道線","未繪設快慢車道分隔線","有","路口交岔撞","未依規定讓車","Y000","YY00",1,3,2013-03-26,"太湖路","三多路","","118.432002","24.43468829"
10203,"10203Y00020027","YYA1","10203YY000045",2013,3,26,12,20,"金門縣","金湖鎮","",NA,"太湖路","二","",NA,"","","","","","00627號路燈桿處",NA,NA,NA,NA,NA,NA,NA,NA,NA,0,1,0,"晴","日間自然光線","村里道路",50,"直路","一般車道（未劃分快慢車道）","柏油","乾燥","無缺陷","無障礙物","良好","無號誌","無號誌","附標記","未繪設車道線","未繪設快慢車道分隔線","有","其他","未注意車前狀態","Y000","YY00",1,2,2013-03-26,"太湖路二段","","金門縣金湖鎮00627號路燈桿處","118.4170143","24.4394812"
10203,"10203Y00020029","YYA1","10203YY000047",2013,3,26,20,16,"金門縣","金湖鎮","",NA,"太湖路","三","",NA,"","","","","","00642號路燈桿處",NA,NA,NA,NA,NA,NA,NA,NA,NA,0,2,0,"暴雨","夜間（或隧道、地下道、涵洞）有照明","村里道路",50,"多岔路","交岔口附近","柏油","濕潤","無缺陷","無障礙物","其他","行車管制號誌（附設行人專用號誌）","正常","附標記","未繪設車道線","未繪設快慢車道分隔線","有","撞路樹、電桿","未依規定減速","Y000","YY00",1,2,2013-03-26,"太湖路三段","","金門縣金湖鎮00642號路燈桿處","118.4317691","24.4347503"
10203,"10203Y00030006","YYA1","10203YY000051",2013,3,28,19,30,"金門縣","金湖鎮","",NA,"環島東路","三","",NA,"","","黃海路","","","",NA,NA,NA,NA,NA,NA,NA,NA,NA,0,0,0,"雨","夜間（或隧道、地下道、涵洞）有照明","村里道路",60,"圓環","一般車道（未劃分快慢車道）","柏油","濕潤","無缺陷","無障礙物","其他","無號誌","無號誌","無分向設施","車道線（無標記）","未繪設快慢車道分隔線","有","撞交通島","未注意車前狀態","Y000","YY00",1,3,2013-03-28,"環島東路三段","黃海路","","118.436691","24.46477621"
10203,"10203Y00020032","YYA1","10203YY000057",2013,3,30,20,48,"金門縣","金湖鎮","",NA,"黃海路","","",NA,"90-3","","","","","",NA,NA,NA,NA,NA,NA,NA,NA,NA,0,1,0,"雨","夜間（或隧道、地下道、涵洞）無照明","村里道路",50,"四岔路","交岔口附近","柏油","濕潤","無缺陷","無障礙物","其他","無號誌","無號誌","附標記","未繪設車道線","未繪設快慢車道分隔線","有","穿越道路中","未注意車前狀態","Y000","YY00",1,2,2013-03-30,"黃海路90-3號","","金門縣金湖鎮","118.4256931","24.452032"