"年月","總編號","處理單位","處理編號","年","月","日","時","分","縣市","區","村里","鄰","街道","段","巷","弄","號","公尺處","街道.1","段.1","側","附近","道路","公里","公尺處.1","向","車道","平交道","公里.1","公尺處.2","附近.1","死","受傷","X2.30","天候","光線","道路類別","速限","道路型態","事故位置","路面鋪裝","路面狀態","路面缺陷","障礙物","視距","號誌種類","號誌動作","分向設施","快車道或一般車道間","快慢車道間","路面邊線","事故類型及型態","主要肇因","警局","分局","案件類別","事故類別","日期","道路1","道路2","概略位置","lon","lat"
10203,"10203Y00020002","YZA1","10203YZ000001",2013,3,3,15,32,"金門縣","金城鎮","",NA,"光前路","","",NA,"","","","","","華僑之家前路口",NA,NA,NA,NA,NA,NA,NA,NA,NA,0,1,0,"晴","日間自然光線","村里道路",40,"三岔路","交岔路口內","柏油","乾燥","無缺陷","無障礙物","良好","無號誌","無號誌","無分向設施","未繪設車道線","未繪設快慢車道分隔線","有","側撞","未依規定讓車","Y000","YZ00",1,2,2013-03-03,"光前路","","金門縣金城鎮華僑之家前路口","118.3142468","24.4339885"
10203,"10203Y00020039","YZA1","10203YZ000004",2013,3,4,14,5,"金門縣","金寧鄉","",NA,"伯玉路","二","",NA,"420","","","","","",NA,NA,NA,NA,NA,NA,NA,NA,NA,0,4,0,"晴","日間自然光線","縣道",70,"三岔路","公車專用道","柏油","乾燥","無缺陷","無障礙物","良好","無號誌","無號誌","無標記","未繪設車道線","快慢車道分隔線","有","側撞","未依規定讓車","Y000","YZ00",1,2,2013-03-04,"伯玉路二段420號","","金門縣金寧鄉","118.3416148","24.4414563"
10203,"10203Y00020005","YZA1","10203YZ000006",2013,3,5,21,22,"金門縣","金城鎮","",NA,"民生路","","",NA,"","","","","","37之2號前",NA,NA,NA,NA,NA,NA,NA,NA,NA,0,1,0,"晴","夜間（或隧道、地下道、涵洞）有照明","村里道路",40,"直路","一般車道（未劃分快慢車道）","柏油","乾燥","無缺陷","無障礙物","良好","無號誌","無號誌","無分向設施","未繪設車道線","未繪設快慢車道分隔線","有","側撞","左轉彎未依規定","Y000","YZ00",1,2,2013-03-05,"民生路","","金門縣金城鎮37之2號前","118.3190184","24.43575"
10203,"10203Y00020045","YZA1","10203YZ000007",2013,3,8,7,10,"金門縣","金城鎮","",NA,"環島西路","一","",NA,"275","","","","","",NA,NA,NA,NA,NA,NA,NA,NA,NA,0,2,0,"晴","日間自然光線","村里道路",40,"直路","一般車道（未劃分快慢車道）","柏油","乾燥","無缺陷","無障礙物","良好","無號誌","無號誌","附標記","未繪設車道線","未繪設快慢車道分隔線","有","其他","酒醉（後）駕駛失控","Y000","YZ00",1,2,2013-03-08,"環島西路一段275號","","金門縣金城鎮","118.3184801","24.4172073"
10203,"10203Y00020006","YZA1","10203YZ000008",2013,3,8,12,26,"金門縣","金城鎮","",NA,"民權路","","",NA,"","","","","","122巷口",NA,NA,NA,NA,NA,NA,NA,NA,NA,0,1,0,"晴","日間自然光線","村里道路",50,"三岔路","交岔路口內","柏油","乾燥","無缺陷","無障礙物","良好","無號誌","無號誌","無分向設施","未繪設車道線","快慢車道分隔線","有","側撞","迴轉未依規定","Y000","YZ00",1,2,2013-03-08,"民權路","","金門縣金城鎮122巷口","118.3168946","24.4355379"
10203,"10203Y00020007","YZA1","10203YZ000009",2013,3,9,8,56,"金門縣","金寧鄉","",NA,"瓊安路","","",NA,"","","","","","后沙路段07357號燈桿附近",NA,NA,NA,NA,NA,NA,NA,NA,NA,0,1,0,"晴","日間自然光線","村里道路",60,"彎曲路及附近","一般車道（未劃分快慢車道）","柏油","乾燥","無缺陷","無障礙物","良好","無號誌","無號誌","無標記","未繪設車道線","未繪設快慢車道分隔線","有","對向擦撞","未保持行車安全間隔","Y000","YZ00",1,2,2013-03-09,"瓊安路","","金門縣金寧鄉后沙路段07357號燈桿附近","118.343873","24.4603508"
10203,"10203Y00020008","YZA1","10203YZ000010",2013,3,10,12,27,"金門縣","烈嶼鄉","上岐村",NA,"","","",NA,"89","","","","","",NA,NA,NA,NA,NA,NA,NA,NA,NA,0,1,0,"晴","日間自然光線","村里道路",40,"四岔路","交岔路口內","其他鋪裝","乾燥","無缺陷","無障礙物","建築物","無號誌","無號誌","無分向設施","未繪設車道線","未繪設快慢車道分隔線","無","路口交岔撞","未依規定讓車","Y000","YZ00",1,2,2013-03-10,"金門縣烈嶼鄉上岐村89","","金門縣烈嶼鄉上岐村","118.226347","24.4161602"
10203,"10203Y00030002","YZA1","10203YZ000012",2013,3,10,17,18,"金門縣","金城鎮","",NA,"民權路","","226",3,"15","","","","","",NA,NA,NA,NA,NA,NA,NA,NA,NA,0,0,0,"晴","日間自然光線","村里道路",40,"四岔路","交岔路口內","柏油","乾燥","無缺陷","無障礙物","良好","無號誌","無號誌","無分向設施","未繪設車道線","未繪設快慢車道分隔線","有","路口交岔撞","未依規定減速","Y000","YZ00",1,3,2013-03-10,"民權路226巷3弄15號","","金門縣金城鎮","118.3193849","24.4396401"
10203,"10203Y00020009","YZA1","10203YZ000013",2013,3,11,15,20,"金門縣","金城鎮","",NA,"珠浦西路","","84",NA,"17","","","","","",NA,NA,NA,NA,NA,NA,NA,NA,NA,0,1,0,"晴","日間自然光線","村里道路",40,"四岔路","交岔路口內","柏油","乾燥","無缺陷","無障礙物","建築物","無號誌","無號誌","無分向設施","未繪設車道線","未繪設快慢車道分隔線","無","路口交岔撞","未依規定讓車","Y000","YZ00",1,2,2013-03-11,"珠浦西路84巷17號","","金門縣金城鎮","118.3147803","24.4384226"
10203,"10203Y00020010","YZA1","10203YZ000015",2013,3,12,7,36,"金門縣","金城鎮","",NA,"環島西路","一","",NA,"","","","","","東門圓環",NA,NA,NA,NA,NA,NA,NA,NA,NA,0,1,0,"晴","日間自然光線","縣道",30,"圓環","一般車道（未劃分快慢車道）","柏油","乾燥","無缺陷","無障礙物","良好","無號誌","無號誌","無分向設施","車道線（無標記）","未繪設快慢車道分隔線","有","其他","未依規定讓車","Y000","YZ00",1,2,2013-03-12,"環島西路一段","","金門縣金城鎮東門圓環","118.3184801","24.4172073"
10203,"","YZA1","10203YZ000016",2013,3,12,16,35,"金門縣","金寧鄉","",NA,"","","",NA,"","","","","","榜林圓環",NA,NA,NA,NA,NA,NA,NA,NA,NA,0,0,0,"晴",NA,NA,60,NA,NA,NA,NA,NA,NA,NA,NA,NA,NA,NA,NA,NA,NA,NA,"Y000","YZ00",1,4,2013-03-12,"金門縣金寧鄉榜林圓環","","金門縣金寧鄉榜林圓環","118.330294","24.438568"
10203,"10203Y00020013","YZA1","10203YZ000018",2013,3,13,12,12,"金門縣","金城鎮","西門里",NA,"光前路","","",NA,"147","","","","","",NA,NA,NA,NA,NA,NA,NA,NA,NA,0,1,0,"晴","日間自然光線","鄉道",40,"三岔路","交岔口附近","柏油","乾燥","無缺陷","無障礙物","良好","無號誌","無號誌","附標記","未繪設車道線","未繪設快慢車道分隔線","有","追撞","酒醉（後）駕駛失控","Y000","YZ00",1,2,2013-03-13,"光前路147號","","金門縣金城鎮西門里","118.3142468","24.4339885"
10203,"10203Y00020033","YZA1","10203YZ000019",2013,3,12,21,17,"金門縣","金寧鄉","",NA,"瓊安路","","",NA,"","","","","","后沙路段",NA,NA,NA,NA,NA,NA,NA,NA,NA,0,1,0,"晴","夜間（或隧道、地下道、涵洞）有照明","縣道",50,"彎曲路及附近","一般車道（未劃分快慢車道）","柏油","乾燥","無缺陷","無障礙物","良好","無號誌","無號誌","無標記","未繪設車道線","未繪設快慢車道分隔線","有","撞路樹、電桿","酒醉（後）駕駛失控","Y000","YZ00",1,2,2013-03-12,"瓊安路","","金門縣金寧鄉后沙路段","118.343873","24.4603508"
10203,"10203Y00020014","YZA1","10203YZ000021",2013,3,14,17,44,"金門縣","金寧鄉","",NA,"桃園路","","",NA,"","","","","","盤果路口附近",NA,NA,NA,NA,NA,NA,NA,NA,NA,0,2,0,"晴","日間自然光線","村里道路",60,"四岔路","交岔口附近","柏油","乾燥","無缺陷","無障礙物","良好","行車管制號誌","正常","附標記","車道線（無標記）","未繪設快慢車道分隔線","有","側撞","未依規定讓車","Y000","YZ00",1,2,2013-03-14,"桃園路","","金門縣金寧鄉盤果路口附近","118.3446627","24.4317794"
10203,"10203Y00020015","YZA1","10203YZ000023",2013,3,15,9,35,"金門縣","金城鎮","西門里",NA,"環島西路","二","3",NA,"","","","","","",NA,NA,NA,NA,NA,NA,NA,NA,NA,0,3,0,"晴","日間自然光線","鄉道",40,"四岔路","交岔口附近","柏油","乾燥","無缺陷","無障礙物","良好","無號誌","無號誌","附標記","未繪設車道線","未繪設快慢車道分隔線","有","追撞","未保持行車安全距離","Y000","YZ00",1,2,2013-03-15,"環島西路二段3巷","","金門縣金城鎮西門里","118.3148723","24.4566699"
10203,"10203Y00020016","YZA1","10203YZ000026",2013,3,16,7,50,"金門縣","金寧鄉","",NA,"","","",NA,"","","","","","埔後115號旁十字路口",NA,NA,NA,NA,NA,NA,NA,NA,NA,0,2,0,"晴","日間自然光線","村里道路",40,"四岔路","交岔路口內","柏油","乾燥","無缺陷","無障礙物","良好","無號誌","無號誌","無分向設施","未繪設車道線","未繪設快慢車道分隔線","有","路口交岔撞","未依規定讓車","Y000","YZ00",1,2,2013-03-16,"金門縣金寧鄉埔後115號旁十字路口","","金門縣金寧鄉埔後115號旁十字路口","118.317029","24.442928"
10203,"10203Y00020017","YZA1","10203YZ000028",2013,3,16,13,12,"金門縣","金寧鄉","",NA,"伯玉路","一","",NA,"222","","","","","",NA,NA,NA,NA,NA,NA,NA,NA,NA,0,2,0,"晴","日間自然光線","村里道路",60,"直路","一般車道（未劃分快慢車道）","柏油","乾燥","無缺陷","無障礙物","良好","無號誌","無號誌","無標記","未繪設車道線","快慢車道分隔線","有","側撞","左轉彎未依規定","Y000","YZ00",1,2,2013-03-16,"伯玉路一段222號","","金門縣金寧鄉","118.3267756","24.4346914"
10203,"10203Y00020018","YZA1","10203YZ000029",2013,3,16,16,14,"金門縣","烈嶼鄉","",NA,"九井路","","",NA,"","","","","","西宅路段",NA,NA,NA,NA,NA,NA,NA,NA,NA,0,1,0,"晴","日間自然光線","村里道路",50,"直路","一般車道（未劃分快慢車道）","柏油","乾燥","無缺陷","無障礙物","良好","無號誌","無號誌","無標記","未繪設車道線","未繪設快慢車道分隔線","有","撞護欄（樁）","未注意車前狀態","Y000","YZ00",1,2,2013-03-16,"九井路","","金門縣烈嶼鄉西宅路段","118.2439073","24.4317335"
10203,"10203Y00020019","YZA1","10203YZ000030",2013,3,17,8,5,"金門縣","金城鎮","西門里",NA,"民生路","","",NA,"","","民權路","","","",NA,NA,NA,NA,NA,NA,NA,NA,NA,0,1,0,"晴","日間自然光線","村里道路",50,"四岔路","交岔路口內","柏油","乾燥","無缺陷","無障礙物","良好","行車管制號誌（附設行人專用號誌）","正常","無分向設施","未繪設車道線","未繪設快慢車道分隔線","有","側撞","未依規定讓車","Y000","YZ00",1,2,2013-03-17,"民生路","民權路","","118.318387","24.437086"
10203,"10203Y00020020","YZA1","10203YZ000031",2013,3,17,8,40,"金門縣","金城鎮","",NA,"民族路","","",NA,"","","環島西路","一","","",NA,NA,NA,NA,NA,NA,NA,NA,NA,0,1,0,"晴","日間自然光線","村里道路",50,"三岔路","交岔路口內","柏油","乾燥","無缺陷","無障礙物","良好","無號誌","無號誌","無分向設施","未繪設車道線","未繪設快慢車道分隔線","有","側撞","未依規定讓車","Y000","YZ00",1,2,2013-03-17,"民族路","環島西路一段","","118.321341","24.430973"
10203,"10203Y00020040","YZA1","10203YZ000032",2013,3,18,18,15,"金門縣","金城鎮","",NA,"西海路","三","",NA,"","","","","","石雕公園前路口",NA,NA,NA,NA,NA,NA,NA,NA,NA,0,1,0,"晴","晨或暮光","村里道路",50,"三岔路","交岔口附近","柏油","乾燥","無缺陷","無障礙物","良好","無號誌","無號誌","附標記","未繪設車道線","未繪設快慢車道分隔線","有","側撞","違規超車","Y000","YZ00",1,2,2013-03-18,"西海路三段","","金門縣金城鎮石雕公園前路口","118.3124964","24.4226194"
10203,"10203Y00020022","YZA1","10203YZ000034",2013,3,20,15,46,"金門縣","金寧鄉","湖下村",NA,"","","",NA,"","","","","","湖下212之5號前路段",NA,NA,NA,NA,NA,NA,NA,NA,NA,0,1,0,"晴","日間自然光線","鄉道",40,"三岔路","交岔路口內","水泥","乾燥","有坑洞","道路工事（程）中","彎道","無號誌","無號誌","無分向設施","未繪設車道線","未繪設快慢車道分隔線","無","佇立路邊（外）","酒醉（後）駕駛失控","Y000","YZ00",1,2,2013-03-20,"金門縣金寧鄉湖下村湖下212之5號前路段","","金門縣金寧鄉湖下村湖下212之5號前路段","118.3054517","24.4580428"
10203,"10203Y00020024","YZA1","10203YZ000036",2013,3,21,16,15,"金門縣","金寧鄉","",NA,"伯玉路","一","",NA,"233-2","","","","","金鼎大賣場前",NA,NA,NA,NA,NA,NA,NA,NA,NA,0,2,0,"晴","日間自然光線","村里道路",60,"直路","一般車道（未劃分快慢車道）","柏油","乾燥","無缺陷","無障礙物","良好","無號誌","無號誌","無標記","未繪設車道線","快慢車道分隔線","有","追撞","未保持行車安全距離","Y000","YZ00",1,2,2013-03-21,"伯玉路一段233-2號","","金門縣金寧鄉金鼎大賣場前","118.3267756","24.4346914"
10203,"10203Y00020035","YZA1","10203YZ000038",2013,3,22,7,50,"金門縣","金城鎮","",NA,"民族路","","",NA,"","","","","","103號前路段",NA,NA,NA,NA,NA,NA,NA,NA,NA,0,1,0,"晴","日間自然光線","村里道路",50,"直路","一般車道（未劃分快慢車道）","柏油","乾燥","無缺陷","無障礙物","良好","無號誌","無號誌","無標記","車道線（無標記）","未繪設快慢車道分隔線","有","穿越道路中","未注意車前狀態","Y000","YZ00",1,2,2013-03-22,"民族路","","金門縣金城鎮103號前路段","118.3157499","24.4302723"
10203,"10203Y00020043","YZA1","10203YZ000039",2013,3,22,11,57,"金門縣","金寧鄉","",NA,"林湖路","","",NA,"","","","","","路燈桿00502號前路口",NA,NA,NA,NA,NA,NA,NA,NA,NA,0,3,0,"晴","日間自然光線","村里道路",50,"三岔路","交岔路口內","柏油","乾燥","無缺陷","無障礙物","良好","無號誌","無號誌","無標記","未繪設車道線","未繪設快慢車道分隔線","有","側撞","違規超車","Y000","YZ00",1,2,2013-03-22,"林湖路","","金門縣金寧鄉路燈桿00502號前路口","118.330303","24.4320985"
10203,"10203Y00020025","YZA1","10203YZ000040",2013,3,22,18,4,"金門縣","金寧鄉","",NA,"","","",NA,"","","","","","埔後191號旁路口",NA,NA,NA,NA,NA,NA,NA,NA,NA,0,1,0,"晴","日間自然光線","村里道路",40,"四岔路","交岔路口內","柏油","乾燥","無缺陷","無障礙物","良好","無號誌","無號誌","無分向設施","未繪設車道線","未繪設快慢車道分隔線","有","路口交岔撞","未依規定讓車","Y000","YZ00",1,2,2013-03-22,"金門縣金寧鄉埔後191號旁路口","","金門縣金寧鄉埔後191號旁路口","118.317029","24.442928"
10203,"10203Y00020026","YZA1","10203YZ000042",2013,3,24,8,46,"金門縣","金城鎮","",NA,"西海路","三","",NA,"","","","","","03696號燈桿前",NA,NA,NA,NA,NA,NA,NA,NA,NA,0,1,0,"晴","日間自然光線","村里道路",50,"三岔路","交岔口附近","柏油","乾燥","無缺陷","無障礙物","良好","無號誌","無號誌","附標記","未繪設車道線","未繪設快慢車道分隔線","有","同向擦撞","違規超車","Y000","YZ00",1,2,2013-03-24,"西海路三段","","金門縣金城鎮03696號燈桿前","118.3124964","24.4226194"
10203,"10203Y00020044","YZA1","10203YZ000044",2013,3,26,11,25,"金門縣","烈嶼鄉","",NA,"","","",NA,"","","","","","庵下09419號燈桿前路段",NA,NA,NA,NA,NA,NA,NA,NA,NA,0,2,0,"陰","日間自然光線","鄉道",40,"四岔路","交岔口附近","柏油","乾燥","無缺陷","無障礙物","良好","無號誌","無號誌","無標記","未繪設車道線","未繪設快慢車道分隔線","有","對向擦撞","未依規定減速","Y000","YZ00",1,2,2013-03-26,"金門縣烈嶼鄉庵下09419號燈桿前路段","","金門縣烈嶼鄉庵下09419號燈桿前路段","118.2492897","24.4416945"
10203,"10203Y00020028","YZA1","10203YZ000046",2013,3,26,19,30,"金門縣","金城鎮","",NA,"民族路","","",NA,"","","","","","127號漁會超市前路段",NA,NA,NA,NA,NA,NA,NA,NA,NA,0,2,0,"雨","夜間（或隧道、地下道、涵洞）有照明","村里道路",40,"直路","一般車道（未劃分快慢車道）","柏油","濕潤","無缺陷","無障礙物","其他","無號誌","無號誌","無標記","車道線（無標記）","未繪設快慢車道分隔線","有","同向通行中","未注意車前狀態","Y000","YZ00",1,2,2013-03-26,"民族路","","金門縣金城鎮127號漁會超市前路段","118.3157499","24.4302723"
10203,"10203Y00010002","YZA1","10203YZ000048",2013,3,26,23,18,"金門縣","金寧鄉","",NA,"環島北路","","",NA,"","","","","","鎮西段07203號燈桿附近",NA,NA,NA,NA,NA,NA,NA,NA,NA,1,0,0,"雨","夜間（或隧道、地下道、涵洞）有照明","村里道路",60,"彎曲路及附近","一般車道（未劃分快慢車道）","柏油","濕潤","無缺陷","無障礙物","良好","無號誌","無號誌","無標記","未繪設車道線","未繪設快慢車道分隔線","有","撞路樹、電桿","酒醉（後）駕駛失控","Y000","YZ00",1,1,2013-03-26,"環島北路","","金門縣金寧鄉鎮西段07203號燈桿附近","118.322662","24.441264"
10203,"10203Y00020030","YZA1","10203YZ000049",2013,3,27,13,22,"金門縣","金寧鄉","",NA,"","","",NA,"","","","","","埔後供水站附近路段",NA,NA,NA,NA,NA,NA,NA,NA,NA,0,2,0,"晴","日間自然光線","村里道路",40,"四岔路","交岔路口內","水泥","乾燥","無缺陷","無障礙物","良好","無號誌","無號誌","無分向設施","未繪設車道線","未繪設快慢車道分隔線","無","路口交岔撞","未依規定讓車","Y000","YZ00",1,2,2013-03-27,"金門縣金寧鄉埔後供水站附近路段","","金門縣金寧鄉埔後供水站附近路段","118.317029","24.442928"
10203,"10203Y00020031","YZA1","10203YZ000050",2013,3,28,12,5,"金門縣","金城鎮","",NA,"民權路","","",NA,"182","","","","","",NA,NA,NA,NA,NA,NA,NA,NA,NA,0,2,0,"晴","日間自然光線","村里道路",50,"直路","一般車道（未劃分快慢車道）","柏油","乾燥","無缺陷","無障礙物","良好","無號誌","無號誌","無標記","未繪設車道線","未繪設快慢車道分隔線","有","側撞","未依規定讓車","Y000","YZ00",1,2,2013-03-28,"民權路182號","","金門縣金城鎮","118.3192898","24.4381016"
10203,"10203Y00020041","YZA1","10203YZ000052",2013,3,29,2,30,"金門縣","金寧鄉","",NA,"桃園路","","",NA,"","","","","","05807燈桿旁路段",NA,NA,NA,NA,NA,NA,NA,NA,NA,0,1,0,"雨","夜間（或隧道、地下道、涵洞）有照明","村里道路",60,"彎曲路及附近","一般車道（未劃分快慢車道）","柏油","濕潤","無缺陷","無障礙物","良好","無號誌","無號誌","附標記","未繪設車道線","未繪設快慢車道分隔線","有","衝出路外","酒醉（後）駕駛失控","Y000","YZ00",1,2,2013-03-29,"桃園路","","金門縣金寧鄉05807燈桿旁路段","118.3446627","24.4317794"
10203,"10203Y00020036","YZA1","10203YZ000053",2013,3,29,20,33,"金門縣","金寧鄉","湖埔村",NA,"","","",NA,"","","","","","埔後65號前路口",NA,NA,NA,NA,NA,NA,NA,NA,NA,0,2,0,"陰","夜間（或隧道、地下道、涵洞）有照明","村里道路",40,"四岔路","交岔路口內","柏油","乾燥","無缺陷","無障礙物","良好","無號誌","無號誌","無分向設施","未繪設車道線","未繪設快慢車道分隔線","有","路口交岔撞","未依規定讓車","Y000","YZ00",1,2,2013-03-29,"金門縣金寧鄉湖埔村埔後65號前路口","","金門縣金寧鄉湖埔村埔後65號前路口","118.317029","24.442928"
10203,"10203Y00020037","YZA1","10203YZ000054",2013,3,30,9,16,"金門縣","金城鎮","",NA,"珠浦西路","","50",14,"1","","","","","",NA,NA,NA,NA,NA,NA,NA,NA,NA,0,1,0,"晴","日間自然光線","村里道路",50,"三岔路","交岔路口內","水泥","乾燥","無缺陷","無障礙物","路上停放車輛","無號誌","無號誌","無標記","未繪設車道線","未繪設快慢車道分隔線","有","其他","起步未注意其他車（人）安全","Y000","YZ00",1,2,2013-03-30,"珠浦西路50巷14弄1號","","金門縣金城鎮","118.3147803","24.4384226"
10203,"10203Y00020038","YZA1","10203YZ000055",2013,3,30,15,20,"金門縣","金寧鄉","",NA,"瓊安路","","",NA,"","","林堡路","","","路口",NA,NA,NA,NA,NA,NA,NA,NA,NA,0,1,0,"雨","日間自然光線","村里道路",50,"四岔路","交岔路口內","柏油","濕潤","無缺陷","無障礙物","良好","閃光號誌","正常","無分向設施","未繪設車道線","未繪設快慢車道分隔線","有","路口交岔撞","未依規定讓車","Y000","YZ00",1,2,2013-03-30,"瓊安路","林堡路","","118.3406248","24.4608902"
10203,"10203Y00020042","YZA1","10203YZ000056",2013,3,30,14,55,"金門縣","金寧鄉","",NA,"","","",NA,"","","","","","下埔下90號金寶來飯店前路口",NA,NA,NA,NA,NA,NA,NA,NA,NA,0,1,0,"陰","日間自然光線","村里道路",40,"四岔路","交岔口附近","水泥","乾燥","無缺陷","無障礙物","良好","無號誌","無號誌","無分向設施","未繪設車道線","未繪設快慢車道分隔線","無","追撞","未保持行車安全距離","Y000","YZ00",1,2,2013-03-30,"金門縣金寧鄉下埔下90號金寶來飯店前路口","","金門縣金寧鄉下埔下90號金寶來飯店前路口","118.3126857","24.4442026"
10204,"10204Y00020001","YYA1","10204YY000001",2013,4,1,7,58,"金門縣","金湖鎮","新市里",NA,"復興路","","",NA,"2","","","","","署立金門醫院右側出入口處",NA,NA,NA,NA,NA,NA,NA,NA,NA,0,1,0,"晴","日間自然光線","村里道路",40,"三岔路","交岔路口內","柏油","乾燥","無缺陷","無障礙物","良好","無號誌","無號誌","無分向設施","未繪設車道線","未繪設快慢車道分隔線","有","倒車撞","倒車未依規定","Y000","YY00",1,2,2013-04-01,"復興路2號","","金門縣金湖鎮新市里署立金門醫院右側出入口處","118.4161413","24.4412321"
10204,"10204Y00020005","YYA1","10204YY000007",2013,4,3,18,45,"金門縣","金湖鎮","",NA,"環島北路","三","",NA,"","","瓊徑路","","","",NA,NA,NA,NA,NA,NA,NA,NA,NA,0,1,0,"雨","夜間（或隧道、地下道、涵洞）有照明","村里道路",60,"三岔路","交岔路口內","柏油","濕潤","無缺陷","無障礙物","良好","閃光號誌","正常","無分向設施","未繪設車道線","未繪設快慢車道分隔線","有","追撞","未保持行車安全距離","Y000","YY00",1,2,2013-04-03,"環島北路三段","瓊徑路","","118.3759138","24.45751572"
10204,"10204Y00030001","YYA1","10204YY000010",2013,4,4,11,40,"金門縣","金湖鎮","",NA,"","","",NA,"","","","","","金門航空站前路段",NA,NA,NA,NA,NA,NA,NA,NA,NA,0,0,0,"雨","日間自然光線","村里道路",50,"彎曲路及附近","一般車道（未劃分快慢車道）","柏油","濕潤","無缺陷","無障礙物","良好","無號誌","無號誌","無分向設施","車道線（附標記）","未繪設快慢車道分隔線","有","同向擦撞","未注意車前狀態","Y000","YY00",1,3,2013-04-04,"金門縣金湖鎮金門航空站前路段","","金門縣金湖鎮金門航空站前路段","118.3634816","24.4311257"
10204,"","YYA1","10204YY000013",2013,4,9,13,0,"金門縣","金湖鎮","瓊林里",NA,"伯玉路","三","",NA,"","","","","","與中山路路口",NA,NA,NA,NA,NA,NA,NA,NA,NA,0,0,0,"雨","日間自然光線","村里道路",70,"四岔路","交岔路口內","柏油","濕潤","無缺陷","無障礙物","良好","行車管制號誌","正常","無分向設施","未繪設車道線","未繪設快慢車道分隔線","有","路口交岔撞","違反號誌管制或指揮","Y000","YY00",1,4,2013-04-09,"伯玉路三段","","金門縣金湖鎮瓊林里與中山路路口","118.3646755","24.4460136"
10204,"10204Y00020012","YYA1","10204YY000015",2013,4,11,9,25,"金門縣","金湖鎮","",NA,"環島北路","三","",NA,"","","","","","屠宰場路段07104號路燈桿處",NA,NA,NA,NA,NA,NA,NA,NA,NA,0,1,0,"雨","日間自然光線","村里道路",60,"直路","一般車道（未劃分快慢車道）","柏油","濕潤","無缺陷","無障礙物","良好","無號誌","無號誌","附標記","未繪設車道線","未繪設快慢車道分隔線","有","追撞","尚未發現肇事因素","Y000","YY00",1,2,2013-04-11,"環島北路三段","","金門縣金湖鎮屠宰場路段07104號路燈桿處","118.388325","24.466263"
10204,"10204Y00030003","YYA1","10204YY000017",2013,4,12,15,25,"金門縣","金湖鎮","",NA,"","","",NA,"","","","","","航廈前路段",NA,NA,NA,NA,NA,NA,NA,NA,NA,0,0,0,"晴","日間自然光線","村里道路",40,"直路","一般車道（未劃分快慢車道）","柏油","乾燥","無缺陷","無障礙物","良好","無號誌","無號誌","無分向設施","車道線（無標記）","未繪設快慢車道分隔線","有","其他","變換車道或方向不當","Y000","YY00",1,3,2013-04-12,"金門縣金湖鎮航廈前路段","","金門縣金湖鎮航廈前路段","118.4279933","24.4376913"
10204,"10204Y00020014","YYA1","10204YY000018",2013,4,12,18,55,"金門縣","金湖鎮","",NA,"太湖路","一","",NA,"","","","","","辣匠前路段",NA,NA,NA,NA,NA,NA,NA,NA,NA,0,1,0,"晴","晨或暮光","村里道路",50,"三岔路","交岔路口內","柏油","乾燥","無缺陷","無障礙物","良好","無號誌","無號誌","無標記","未繪設車道線","未繪設快慢車道分隔線","有","側撞","未依規定讓車","Y000","YY00",1,2,2013-04-12,"太湖路一段","","金門縣金湖鎮辣匠前路段","118.4047483","24.4473343"
10204,"10204Y00020016","YYA1","10204YY000022",2013,4,15,14,27,"金門縣","金湖鎮","",NA,"環島東路","五","",NA,"","","","","","西埔段環東五052號路燈",NA,NA,NA,NA,NA,NA,NA,NA,NA,0,2,0,"晴","日間自然光線","村里道路",60,"直路","一般車道（未劃分快慢車道）","柏油","乾燥","無缺陷","無障礙物","良好","無號誌","無號誌","無標記","未繪設車道線","未繪設快慢車道分隔線","有","路上翻車、摔倒","未注意車前狀態","Y000","YY00",1,2,2013-04-15,"環島東路五段","","金門縣金湖鎮西埔段環東五052號路燈","118.446814","24.4338343"
10204,"","YYA1","10204YY000023",2013,4,16,12,20,"金門縣","金湖鎮","新市里里",NA,"復興路","","",NA,"14","","","","","",NA,NA,NA,NA,NA,NA,NA,NA,NA,0,0,0,"晴",NA,NA,50,NA,NA,NA,NA,NA,NA,NA,NA,NA,NA,NA,NA,NA,NA,NA,"Y000","YY00",1,4,2013-04-16,"復興路14號","","金門縣金湖鎮新市里里","118.4161413","24.4412321"
10204,"","YYA1","10204YY000024",2013,4,16,12,20,"金門縣","金湖鎮","新市里",NA,"復興路","","",NA,"14","","","","","",NA,NA,NA,NA,NA,NA,NA,NA,NA,0,0,0,NA,NA,NA,0,NA,NA,NA,NA,NA,NA,NA,NA,NA,NA,NA,NA,NA,NA,NA,"Y000","YY00",4,4,2013-04-16,"復興路14號","","金門縣金湖鎮新市里","118.4161413","24.4412321"
10204,"10204Y00020018","YYA1","10204YY000030",2013,4,18,7,55,"金門縣","金湖鎮","",NA,"","","",NA,"","","","","","塔后43號前",NA,NA,NA,NA,NA,NA,NA,NA,NA,0,1,0,"晴","日間自然光線","村里道路",40,"直路","一般車道（未劃分快慢車道）","柏油","乾燥","無缺陷","無障礙物","良好","無號誌","無號誌","無分向設施","未繪設車道線","未繪設快慢車道分隔線","有","對向擦撞","未保持行車安全間隔","Y000","YY00",1,2,2013-04-18,"金門縣金湖鎮塔后43號前","","金門縣金湖鎮塔后43號前","118.4101054","24.4411037"
10204,"10204Y00020020","YYA1","10204YY000034",2013,4,21,12,53,"金門縣","金湖鎮","正義里",NA,"環島南路","三","",NA,"","","","","","環保公園前",NA,NA,NA,NA,NA,NA,NA,NA,NA,0,1,0,"晴","日間自然光線","村里道路",60,"直路","一般車道（未劃分快慢車道）","柏油","乾燥","無缺陷","無障礙物","良好","無號誌","無號誌","無標記","車道線（無標記）","未繪設快慢車道分隔線","有","路上翻車、摔倒","車輪脫落或輪胎爆裂","Y000","YY00",1,2,2013-04-21,"環島南路三段","","金門縣金湖鎮正義里環保公園前","118.3757827","24.4398961"