"年月","總編號","處理單位","處理編號","年","月","日","時","分","縣市","區","村里","鄰","街道","段","巷","弄","號","公尺處","街道.1","段.1","側","附近","道路","公里","公尺處.1","向","車道","平交道","公里.1","公尺處.2","附近.1","死","受傷","X2.30","天候","光線","道路類別","速限","道路型態","事故位置","路面鋪裝","路面狀態","路面缺陷","障礙物","視距","號誌種類","號誌動作","分向設施","快車道或一般車道間","快慢車道間","路面邊線","事故類型及型態","主要肇因","警局","分局","案件類別","事故類別","日期","道路1","道路2","概略位置","lon","lat"
10204,"10204Y00020021","YYA1","10204YY000038",2013,4,24,17,0,"金門縣","金湖鎮","",NA,"復興路","","",NA,"","","","","","署立醫院急診室路口",NA,NA,NA,NA,NA,NA,NA,NA,NA,0,1,0,"晴","日間自然光線","村里道路",40,"三岔路","交岔路口內","柏油","乾燥","無缺陷","無障礙物","良好","無號誌","無號誌","無分向設施","未繪設車道線","未繪設快慢車道分隔線","有","側撞","未依規定讓車","Y000","YY00",1,2,2013-04-24,"復興路","","金門縣金湖鎮署立醫院急診室路口","118.4161413","24.4412321"
10204,"10204Y00020022","YYA1","10204YY000039",2013,4,24,17,48,"金門縣","金沙鎮","",NA,"環島東路","","",NA,"","","","","","屏東路口",NA,NA,NA,NA,NA,NA,NA,NA,NA,0,1,0,"晴","日間自然光線","村里道路",60,"三岔路","交岔路口內","柏油","乾燥","無缺陷","無障礙物","良好","無號誌","無號誌","無分向設施","未繪設車道線","未繪設快慢車道分隔線","有","側撞","違規超車","Y000","YY00",1,2,2013-04-24,"環島東路","","金門縣金沙鎮屏東路口","118.4213083","24.4841071"
10204,"10204Y00020023","YYA1","10204YY000043",2013,4,27,10,39,"金門縣","金湖鎮","新市里",NA,"太湖路","二","",NA,"","","","","","自強路路口",NA,NA,NA,NA,NA,NA,NA,NA,NA,0,1,0,"陰","日間自然光線","村里道路",50,"四岔路","交岔路口內","柏油","乾燥","無缺陷","無障礙物","良好","閃光號誌","不正常","無分向設施","未繪設車道線","未繪設快慢車道分隔線","有","路口交岔撞","未依規定讓車","Y000","YY00",1,2,2013-04-27,"太湖路二段","","金門縣金湖鎮新市里自強路路口","118.4170143","24.4394812"
10204,"10204Y00020034","YYA1","10204YY000048",2013,4,30,17,2,"金門縣","金湖鎮","",NA,"中山路","","",NA,"","","","","","台開工地路口",NA,NA,NA,NA,NA,NA,NA,NA,NA,0,1,0,"晴","日間自然光線","村里道路",50,"三岔路","交岔路口內","柏油","乾燥","無缺陷","無障礙物","良好","無號誌","無號誌","無分向設施","未繪設車道線","未繪設快慢車道分隔線","有","路上翻車、摔倒","未注意車前狀態","Y000","YY00",1,2,2013-04-30,"中山路","","金門縣金湖鎮台開工地路口","118.364975","24.4413821"
10204,"10204Y00020002","YZA1","10204YZ000002",2013,4,2,8,2,"金門縣","金城鎮","東門里",NA,"珠浦東路","","",NA,"3","","","","","",NA,NA,NA,NA,NA,NA,NA,NA,NA,0,2,0,"晴","日間自然光線","鄉道",40,"四岔路","交岔路口內","碎石","乾燥","無缺陷","無障礙物","其他","無號誌","無號誌","無分向設施","未繪設車道線","未繪設快慢車道分隔線","無","路口交岔撞","未依規定讓車","Y000","YZ00",1,2,2013-04-02,"珠浦東路3號","","金門縣金城鎮東門里","118.3189755","24.4310564"
10204,"","YZA1","10204YZ000003",2013,4,2,14,45,"金門縣","金城鎮","",NA,"西海路","三","",NA,"","","","","","水試所前路段",NA,NA,NA,NA,NA,NA,NA,NA,NA,0,0,0,"晴",NA,NA,0,NA,NA,NA,NA,NA,NA,NA,NA,NA,NA,NA,NA,NA,NA,NA,"Y000","YZ00",2,3,2013-04-02,"西海路三段","","金門縣金城鎮水試所前路段","118.3124964","24.4226194"
10204,"10204Y00020003","YZA1","10204YZ000004",2013,4,2,17,55,"金門縣","金城鎮","西門里",NA,"民權路","","",NA,"236","","","","","",NA,NA,NA,NA,NA,NA,NA,NA,NA,0,1,0,"晴","日間自然光線","村里道路",40,"直路","一般車道（未劃分快慢車道）","柏油","乾燥","無缺陷","無障礙物","良好","無號誌","無號誌","附標記","未繪設車道線","未繪設快慢車道分隔線","有","其他","起步未注意其他車（人）安全","Y000","YZ00",1,2,2013-04-02,"民權路236號","","金門縣金城鎮西門里","118.3198461","24.4387235"
10204,"10204Y00020004","YZA1","10204YZ000005",2013,4,2,21,24,"金門縣","金城鎮","",NA,"環島北路","一","",NA,"","","","","","38巷口",NA,NA,NA,NA,NA,NA,NA,NA,NA,0,1,0,"雨","夜間（或隧道、地下道、涵洞）有照明","村里道路",60,"三岔路","交岔路口內","柏油","濕潤","無缺陷","無障礙物","良好","無號誌","無號誌","無標記","未繪設車道線","未繪設快慢車道分隔線","有","側撞","未依規定讓車","Y000","YZ00",1,2,2013-04-02,"環島北路一段","","金門縣金城鎮38巷口","118.3283226","24.4462231"
10204,"10204Y00020006","YZA1","10204YZ000006",2013,4,3,9,12,"金門縣","金寧鄉","盤山村",NA,"大學路","","",NA,"","","","","","金門大學大學路",NA,NA,NA,NA,NA,NA,NA,NA,NA,0,1,0,"晴","日間自然光線","村里道路",40,"直路","一般車道（未劃分快慢車道）","柏油","乾燥","無缺陷","無障礙物","良好","無號誌","無號誌","附標記","未繪設車道線","未繪設快慢車道分隔線","有","同向擦撞","未保持行車安全間隔","Y000","YZ00",1,2,2013-04-03,"大學路","","金門縣金寧鄉盤山村金門大學大學路","118.325279","24.4466751"
10204,"10204Y00020008","YZA1","10204YZ000008",2013,4,3,19,49,"金門縣","金寧鄉","",NA,"桃園路","","",NA,"","","","","","盤果路口",NA,NA,NA,NA,NA,NA,NA,NA,NA,0,2,0,"雨","夜間（或隧道、地下道、涵洞）有照明","縣道",60,"四岔路","交岔路口內","柏油","濕潤","無缺陷","無障礙物","良好","行車管制號誌","正常","無分向設施","未繪設車道線","未繪設快慢車道分隔線","有","側撞","未依規定讓車","Y000","YZ00",1,2,2013-04-03,"桃園路","","金門縣金寧鄉盤果路口","118.3446627","24.4317794"
10204,"10204Y00020007","YZA1","10204YZ000009",2013,4,3,19,33,"金門縣","金寧鄉","",NA,"伯玉路","一","",NA,"238","","","","","",NA,NA,NA,NA,NA,NA,NA,NA,NA,0,1,0,"雨","夜間（或隧道、地下道、涵洞）有照明","村里道路",60,"彎曲路及附近","一般車道（未劃分快慢車道）","柏油","濕潤","無缺陷","無障礙物","良好","無號誌","無號誌","附標記","未繪設車道線","未繪設快慢車道分隔線","有","其他","未保持行車安全距離","Y000","YZ00",1,2,2013-04-03,"伯玉路一段238號","","金門縣金寧鄉","118.3267756","24.4346914"
10204,"10204Y00020009","YZA1","10204YZ000011",2013,4,8,17,21,"金門縣","金寧鄉","",NA,"伯玉路","一","",NA,"","","","","","榜林圓環",NA,NA,NA,NA,NA,NA,NA,NA,NA,0,1,0,"晴","日間自然光線","村里道路",40,"圓環","一般車道（未劃分快慢車道）","柏油","乾燥","無缺陷","無障礙物","良好","無號誌","無號誌","無分向設施","車道線（無標記）","未繪設快慢車道分隔線","有","其他","未依規定讓車","Y000","YZ00",1,2,2013-04-08,"伯玉路一段","","金門縣金寧鄉榜林圓環","118.3267756","24.4346914"
10204,"10204Y00020010","YZA1","10204YZ000012",2013,4,9,11,50,"金門縣","金寧鄉","",NA,"伯玉路","一","",NA,"222","","","","","金門加油站前路段",NA,NA,NA,NA,NA,NA,NA,NA,NA,0,1,0,"雨","日間自然光線","村里道路",60,"直路","一般車道（未劃分快慢車道）","柏油","濕潤","無缺陷","無障礙物","良好","無號誌","無號誌","無標記","未繪設車道線","快慢車道分隔線","有","側撞","未依規定讓車","Y000","YZ00",1,2,2013-04-09,"伯玉路一段222號","","金門縣金寧鄉金門加油站前路段","118.3267756","24.4346914"
10204,"10204Y00020011","YZA1","10204YZ000014",2013,4,9,17,20,"金門縣","金寧鄉","",NA,"環島北路","一","",NA,"","","","","","07192號燈桿附近",NA,NA,NA,NA,NA,NA,NA,NA,NA,0,2,0,"雨","日間自然光線","村里道路",50,"三岔路","交岔口附近","柏油","濕潤","無缺陷","無障礙物","良好","無號誌","無號誌","無分向設施","未繪設車道線","未繪設快慢車道分隔線","有","穿越道路中","搶越行人穿越道","Y000","YZ00",1,2,2013-04-09,"環島北路一段","","金門縣金寧鄉07192號燈桿附近","118.3283226","24.4462231"
10204,"10204Y00020013","YZA1","10204YZ000016",2013,4,12,1,0,"金門縣","金城鎮","",NA,"環島西路","一","",NA,"","","北堤路","","","",NA,NA,NA,NA,NA,NA,NA,NA,NA,0,2,0,"陰","夜間（或隧道、地下道、涵洞）有照明","縣道",40,"四岔路","交岔路口內","柏油","濕潤","無缺陷","無障礙物","良好","閃光號誌","正常","無分向設施","未繪設車道線","未繪設快慢車道分隔線","有","側撞","未依規定讓車","Y000","YZ00",1,2,2013-04-12,"環島西路一段","北堤路","","118.3213944","24.42983234"
10204,"","YZA1","10204YZ000019",2013,4,12,19,15,"金門縣","金城鎮","",NA,"環島北路","","",NA,"","","","","","30號前",NA,NA,NA,NA,NA,NA,NA,NA,NA,0,0,0,"晴","夜間（或隧道、地下道、涵洞）有照明","村里道路",50,"直路","一般車道（未劃分快慢車道）","柏油","乾燥","無缺陷","無障礙物","良好","無號誌","無號誌","附標記","未繪設車道線","未繪設快慢車道分隔線","有","追撞","未注意車前狀態","Y000","YZ00",1,4,2013-04-12,"環島北路","","金門縣金城鎮30號前","118.322662","24.441264"
10204,"10204Y00030002","YZA1","10204YZ000020",2013,4,12,14,16,"金門縣","金城鎮","",NA,"光前路","","",NA,"109","","","","","",NA,NA,NA,NA,NA,NA,NA,NA,NA,0,0,0,"晴","日間自然光線","村里道路",40,"直路","一般車道（未劃分快慢車道）","柏油","乾燥","無缺陷","無障礙物","良好","無號誌","無號誌","無標記","車道線（無標記）","未繪設快慢車道分隔線","有","其他","酒醉（後）駕駛失控","Y000","YZ00",1,3,2013-04-12,"光前路109號","","金門縣金城鎮","118.3142468","24.4339885"
10204,"10204Y00020015","YZA1","10204YZ000021",2013,4,14,17,20,"金門縣","金城鎮","北門里",NA,"莒光路","","",NA,"87","","","","","",NA,NA,NA,NA,NA,NA,NA,NA,NA,0,1,0,"晴","日間自然光線","村里道路",40,"直路","一般車道（未劃分快慢車道）","水泥","乾燥","無缺陷","無障礙物","良好","無號誌","無號誌","無分向設施","未繪設車道線","未繪設快慢車道分隔線","無","對向擦撞","未靠右行駛","Y000","YZ00",1,2,2013-04-14,"莒光路87號","","金門縣金城鎮北門里","118.3169343","24.432731"
10204,"10204Y00020017","YZA1","10204YZ000025",2013,4,17,10,5,"金門縣","金城鎮","",NA,"環島西路","一","",NA,"","","北堤路","","","",NA,NA,NA,NA,NA,NA,NA,NA,NA,0,1,0,"晴","日間自然光線","村里道路",50,"四岔路","交岔路口內","柏油","乾燥","無缺陷","無障礙物","良好","行車管制號誌","正常","無分向設施","未繪設車道線","未繪設快慢車道分隔線","有","側撞","右轉彎未依規定","Y000","YZ00",1,2,2013-04-17,"環島西路一段","北堤路","","118.3213944","24.42983234"
10204,"10204Y00020036","YZA1","10204YZ000026",2013,4,17,7,55,"金門縣","金寧鄉","",NA,"伯玉路","二","",NA,"","","","","","00210燈桿旁",NA,NA,NA,NA,NA,NA,NA,NA,NA,0,1,0,"晴","日間自然光線","鄉道",70,"直路","一般車道（未劃分快慢車道）","柏油","乾燥","無缺陷","無障礙物","良好","無號誌","無號誌","無標記","未繪設車道線","快慢車道分隔線","有","追撞","未注意車前狀態","Y000","YZ00",1,2,2013-04-17,"伯玉路二段","","金門縣金寧鄉00210燈桿旁","118.3416148","24.4414563"
10204,"10204Y00020025","YZA1","10204YZ000027",2013,4,17,19,9,"金門縣","金城鎮","東門里",NA,"環島西路","一","",NA,"","","","","","東門圓環",NA,NA,NA,NA,NA,NA,NA,NA,NA,0,1,0,"晴","夜間（或隧道、地下道、涵洞）有照明","村里道路",40,"圓環","一般車道（未劃分快慢車道）","柏油","乾燥","無缺陷","無障礙物","良好","無號誌","無號誌","無分向設施","車道線（無標記）","未繪設快慢車道分隔線","有","其他","未注意車前狀態","Y000","YZ00",1,2,2013-04-17,"環島西路一段","","金門縣金城鎮東門里東門圓環","118.3184801","24.4172073"
10204,"10204Y00020035","YZA1","10204YZ000028",2013,4,17,20,42,"金門縣","金城鎮","",NA,"環島西路","一","",NA,"","","","","","吳厝路口",NA,NA,NA,NA,NA,NA,NA,NA,NA,0,1,0,"霧或煙","夜間（或隧道、地下道、涵洞）有照明","村里道路",40,"三岔路","交岔路口內","柏油","乾燥","無缺陷","無障礙物","良好","無號誌","無號誌","無分向設施","未繪設車道線","未繪設快慢車道分隔線","有","側撞","未依規定讓車","Y000","YZ00",1,2,2013-04-17,"環島西路一段","","金門縣金城鎮吳厝路口","118.3184801","24.4172073"
10204,"10204Y00010001","YZA1","10204YZ000029",2013,4,18,5,30,"金門縣","金寧鄉","盤山村",NA,"伯玉路","二","",NA,"","","","","","00196號燈桿前路段",NA,NA,NA,NA,NA,NA,NA,NA,NA,1,0,0,"霧或煙","夜間（或隧道、地下道、涵洞）有照明","縣道",70,"直路","路肩、路緣","柏油","乾燥","無缺陷","無障礙物","良好","無號誌","無號誌","無標記","未繪設車道線","快慢車道分隔線","有","撞路樹、電桿","酒醉（後）駕駛失控","Y000","YZ00",1,1,2013-04-18,"伯玉路二段","","金門縣金寧鄉盤山村00196號燈桿前路段","118.3416148","24.4414563"
10204,"10204Y00020019","YZA1","10204YZ000031",2013,4,18,10,5,"金門縣","金寧鄉","盤山村",NA,"大學路","","",NA,"1","","","","","機車停車場旁路段",NA,NA,NA,NA,NA,NA,NA,NA,NA,0,1,0,"霧或煙","日間自然光線","鄉道",40,"直路","一般車道（未劃分快慢車道）","柏油","乾燥","無缺陷","無障礙物","良好","無號誌","無號誌","寬式（50公分以上）","未繪設車道線","未繪設快慢車道分隔線","有","路上翻車、摔倒","未注意車前狀態","Y000","YZ00",1,2,2013-04-18,"大學路1號","","金門縣金寧鄉盤山村機車停車場旁路段","118.325279","24.4466751"
10204,"10204Y00020024","YZA1","10204YZ000032",2013,4,13,19,30,"金門縣","金城鎮","",NA,"民權路","","",NA,"114","","","","","",NA,NA,NA,NA,NA,NA,NA,NA,NA,0,1,0,"陰","夜間（或隧道、地下道、涵洞）有照明","村里道路",40,"直路","一般車道（未劃分快慢車道）","柏油","乾燥","無缺陷","無障礙物","良好","無號誌","無號誌","附標記","未繪設車道線","快慢車道分隔線","有","其他","未注意車前狀態","Y000","YZ00",1,2,2013-04-13,"民權路114號","","金門縣金城鎮","118.3167956","24.4354592"
10204,"10204Y00020026","YZA1","10204YZ000033",2013,4,19,23,30,"金門縣","金城鎮","古城里",NA,"","","",NA,"","","","","","58之2號前路段",NA,NA,NA,NA,NA,NA,NA,NA,NA,0,1,0,"雨","夜間（或隧道、地下道、涵洞）有照明","村里道路",40,"直路","一般車道（未劃分快慢車道）","柏油","濕潤","無缺陷","無障礙物","良好","無號誌","無號誌","無標記","未繪設車道線","未繪設快慢車道分隔線","有","撞工程施工","未注意車前狀態","Y000","YZ00",1,2,2013-04-19,"金門縣金城鎮古城里58之2號前路段","","金門縣金城鎮古城里58之2號前路段","118.3166667","24.4166667"
10204,"10204Y00020027","YZA1","10204YZ000035",2013,4,22,19,8,"金門縣","金城鎮","東門里",NA,"環島西路","一","",NA,"","","民族路","","","",NA,NA,NA,NA,NA,NA,NA,NA,NA,0,2,0,"晴","夜間（或隧道、地下道、涵洞）有照明","鄉道",40,"三岔路","交岔路口內","柏油","乾燥","無缺陷","無障礙物","良好","無號誌","無號誌","無分向設施","未繪設車道線","未繪設快慢車道分隔線","有","側撞","未依規定讓車","Y000","YZ00",1,2,2013-04-22,"環島西路一段","民族路","","118.321341","24.430973"
10204,"10204Y00020028","YZA1","10204YZ000036",2013,4,23,19,43,"金門縣","金寧鄉","",NA,"環島北路","二","",NA,"","","","","","07147號路燈桿前路段",NA,NA,NA,NA,NA,NA,NA,NA,NA,0,1,0,"晴","夜間（或隧道、地下道、涵洞）有照明","村里道路",60,"直路","一般車道（未劃分快慢車道）","柏油","乾燥","無缺陷","無障礙物","良好","無號誌","無號誌","無標記","未繪設車道線","未繪設快慢車道分隔線","有","路上翻車、摔倒","未注意車前狀態","Y000","YZ00",1,2,2013-04-23,"環島北路二段","","金門縣金寧鄉07147號路燈桿前路段","118.3537405","24.452631"
10204,"10204Y00030004","YZA1","10204YZ000037",2013,4,23,23,32,"金門縣","金城鎮","",NA,"北堤路","","",NA,"","","","","","迴龍宮前路段",NA,NA,NA,NA,NA,NA,NA,NA,NA,0,0,0,"晴","夜間（或隧道、地下道、涵洞）有照明","村里道路",50,"三岔路","交岔口附近","柏油","乾燥","無缺陷","無障礙物","良好","無號誌","無號誌","附標記","未繪設車道線","未繪設快慢車道分隔線","有","其他","未注意車前狀態","Y000","YZ00",1,3,2013-04-23,"北堤路","","金門縣金城鎮迴龍宮前路段","118.3167419","24.4294062"
10204,"10204Y00020029","YZA1","10204YZ000040",2013,4,24,15,45,"金門縣","金城鎮","",NA,"西海路","三","",NA,"","","","","","水試所前路口",NA,NA,NA,NA,NA,NA,NA,NA,NA,0,1,0,"晴","日間自然光線","村里道路",50,"四岔路","交岔路口內","柏油","乾燥","無缺陷","無障礙物","良好","無號誌","無號誌","無分向設施","未繪設車道線","未繪設快慢車道分隔線","有","追撞","未保持行車安全距離","Y000","YZ00",1,2,2013-04-24,"西海路三段","","金門縣金城鎮水試所前路口","118.3124964","24.4226194"
10204,"10204Y00020030","YZA1","10204YZ000041",2013,4,25,14,20,"金門縣","金城鎮","",NA,"伯玉路","一","80",18,"30","","","","","",NA,NA,NA,NA,NA,NA,NA,NA,NA,0,1,0,"陰","日間自然光線","村里道路",40,"三岔路","交岔路口內","柏油","乾燥","無缺陷","無障礙物","良好","無號誌","無號誌","無分向設施","未繪設車道線","未繪設快慢車道分隔線","無","側撞","未依規定讓車","Y000","YZ00",1,2,2013-04-25,"伯玉路一段80巷18弄30號","","金門縣金城鎮","118.3267756","24.4346914"
10204,"10204Y00020031","YZA1","10204YZ000042",2013,4,26,13,35,"金門縣","金城鎮","",NA,"民生路","","",NA,"","","","","","縣政府前",NA,NA,NA,NA,NA,NA,NA,NA,NA,0,1,0,"晴","日間自然光線","村里道路",40,"三岔路","交岔路口內","柏油","乾燥","無缺陷","無障礙物","良好","無號誌","無號誌","無分向設施","未繪設車道線","未繪設快慢車道分隔線","有","其他","未保持行車安全距離","Y000","YZ00",1,2,2013-04-26,"民生路","","金門縣金城鎮縣政府前","118.3190184","24.43575"
10204,"10204Y00030005","YZA1","10204YZ000045",2013,4,27,11,35,"金門縣","金寧鄉","",NA,"伯玉路","二","",NA,"","","","","","聖祖貢糖停車場",NA,NA,NA,NA,NA,NA,NA,NA,NA,0,0,0,"陰","日間自然光線","其他",20,"其他","其他","水泥","乾燥","無缺陷","無障礙物","良好","無號誌","無號誌","無分向設施","未繪設車道線","未繪設快慢車道分隔線","無","倒車撞","倒車未依規定","Y000","YZ00",1,3,2013-04-27,"伯玉路二段","","金門縣金寧鄉聖祖貢糖停車場","118.3416148","24.4414563"
10204,"10204Y00020032","YZA1","10204YZ000046",2013,4,28,9,35,"金門縣","金城鎮","",NA,"環島北路","","",NA,"","","","","","文化局前路口",NA,NA,NA,NA,NA,NA,NA,NA,NA,0,1,0,"陰","日間自然光線","村里道路",50,"直路","一般車道（未劃分快慢車道）","柏油","濕潤","無缺陷","無障礙物","良好","無號誌","無號誌","附標記","未繪設車道線","未繪設快慢車道分隔線","有","其他","起步未注意其他車（人）安全","Y000","YZ00",1,2,2013-04-28,"環島北路","","金門縣金城鎮文化局前路口","118.322662","24.441264"
10204,"10204Y00020033","YZA1","10204YZ000047",2013,4,28,12,50,"金門縣","金城鎮","",NA,"中興路","","",NA,"77","","","","","",NA,NA,NA,NA,NA,NA,NA,NA,NA,0,1,0,"晴","日間自然光線","村里道路",40,"直路","一般車道（未劃分快慢車道）","水泥","乾燥","無缺陷","無障礙物","良好","無號誌","無號誌","無分向設施","未繪設車道線","未繪設快慢車道分隔線","無","穿越道路中","未注意車前狀態","Y000","YZ00",1,2,2013-04-28,"中興路77號","","金門縣金城鎮","118.3174872","24.433102"
10205,"10205Y00020004","YYA1","10205YY000001",2013,5,1,7,50,"金門縣","金湖鎮","",NA,"環島南路","四","",NA,"","","瓊徑路","","","成功路口",NA,NA,NA,NA,NA,NA,NA,NA,NA,0,1,0,"晴","日間自然光線","村里道路",50,"三岔路","交岔路口內","柏油","乾燥","無缺陷","無障礙物","良好","行車管制號誌","正常","無分向設施","未繪設車道線","未繪設快慢車道分隔線","有","追撞","右轉彎未依規定","Y000","YY00",1,2,2013-05-01,"環島南路四段","瓊徑路","","118.3917905","24.44048713"
10205,"10205Y00020006","YYA1","10205YY000008",2013,5,8,12,35,"金門縣","金湖鎮","",NA,"金港路","","",NA,"","","","","","05745號路燈桿路段",NA,NA,NA,NA,NA,NA,NA,NA,NA,0,2,0,"晴","日間自然光線","村里道路",50,"直路","路肩、路緣","柏油","乾燥","無缺陷","無障礙物","良好","無號誌","無號誌","附標記","未繪設車道線","未繪設快慢車道分隔線","有","撞路樹、電桿","未注意車前狀態","Y000","YY00",1,2,2013-05-08,"金港路","","金門縣金湖鎮05745號路燈桿路段","118.4341546","24.4172342"
10205,"10205Y00020020","YYA1","10205YY000023",2013,5,19,0,58,"金門縣","金沙鎮","",NA,"蘭洋路","","",NA,"","","","","","浦邊牌樓路段",NA,NA,NA,NA,NA,NA,NA,NA,NA,0,1,0,"晴","夜間（或隧道、地下道、涵洞）無照明","村里道路",50,"四岔路","交岔路口內","柏油","乾燥","無缺陷","無障礙物","建築物","無號誌","無號誌","無分向設施","未繪設車道線","未繪設快慢車道分隔線","有","路口交岔撞","未依規定減速","Y000","YY00",1,2,2013-05-19,"蘭洋路","","金門縣金沙鎮浦邊牌樓路段","118.3898548","24.4781702"
10205,"","YYA1","10205YY000027",2013,5,20,20,14,"金門縣","金湖鎮","",NA,"環島南路","四","",NA,"","","","","","聖祖貢糖前路段",NA,NA,NA,NA,NA,NA,NA,NA,NA,0,0,0,"雨","夜間（或隧道、地下道、涵洞）無照明","村里道路",50,"直路","一般車道（未劃分快慢車道）","柏油","濕潤","無缺陷","無障礙物","良好","無號誌","無號誌","無標記","未繪設車道線","未繪設快慢車道分隔線","有","追撞","未保持行車安全距離","Y000","YY00",1,4,2013-05-20,"環島南路四段","","金門縣金湖鎮聖祖貢糖前路段","118.40101","24.438041"
10205,"10205Y00020023","YYA1","10205YY000028",2013,5,21,16,18,"金門縣","金沙鎮","",NA,"環島東路","一","",NA,"","","","","","01185號路燈桿處舊金沙加油站",NA,NA,NA,NA,NA,NA,NA,NA,NA,0,1,0,"雨","日間自然光線","村里道路",60,"直路","一般車道（未劃分快慢車道）","柏油","濕潤","無缺陷","無障礙物","良好","無號誌","無號誌","附標記","未繪設車道線","未繪設快慢車道分隔線","有","路上翻車、摔倒","未注意車前狀態","Y000","YY00",1,2,2013-05-21,"環島東路一段","","金門縣金沙鎮01185號路燈桿處舊金沙加油站","118.4213083","24.4841071"
10205,"10205Y00020025","YYA1","10205YY000033",2013,5,22,13,45,"金門縣","金湖鎮","",NA,"太湖路","二","",NA,"","","","","","武德新莊26號前",NA,NA,NA,NA,NA,NA,NA,NA,NA,0,1,0,"晴","日間自然光線","村里道路",50,"直路","一般車道（未劃分快慢車道）","柏油","乾燥","無缺陷","無障礙物","良好","行車管制號誌","正常","附標記","未繪設車道線","未繪設快慢車道分隔線","有","追撞","未保持行車安全距離","Y000","YY00",1,2,2013-05-22,"太湖路二段","","金門縣金湖鎮武德新莊26號前","118.4170143","24.4394812"
10205,"10205Y00020026","YYA1","10205YY000034",2013,5,22,16,15,"金門縣","金湖鎮","",NA,"環島南路","四","",NA,"","","","","","陶瓷廠路段05062號路燈桿前",NA,NA,NA,NA,NA,NA,NA,NA,NA,0,2,0,"晴","日間自然光線","村里道路",50,"直路","慢車道","柏油","乾燥","無缺陷","無障礙物","良好","無號誌","無號誌","附標記","未繪設車道線","快慢車道分隔線","有","同向通行中","未注意車前狀態","Y000","YY00",1,2,2013-05-22,"環島南路四段","","金門縣金湖鎮陶瓷廠路段05062號路燈桿前","118.40101","24.438041"
10205,"","YYA1","10205YY000035",2013,5,22,16,15,"金門縣","金湖鎮","",NA,"環島南路","四","",NA,"","","","","","陶瓷廠路段05062號路燈桿前",NA,NA,NA,NA,NA,NA,NA,NA,NA,0,0,0,NA,NA,NA,0,NA,NA,NA,NA,NA,NA,NA,NA,NA,NA,NA,NA,NA,NA,NA,"Y000","YY00",4,2,2013-05-22,"環島南路四段","","金門縣金湖鎮陶瓷廠路段05062號路燈桿前","118.40101","24.438041"
10205,"","YYA1","10205YY000039",2013,5,24,13,33,"金門縣","金湖鎮","新市里",NA,"復興路","","",NA,"10","","","","","",NA,NA,NA,NA,NA,NA,NA,NA,NA,0,0,0,"晴","日間自然光線","村里道路",40,"直路","一般車道（未劃分快慢車道）","柏油","乾燥","無缺陷","無障礙物","良好","無號誌","無號誌","無標記","未繪設車道線","未繪設快慢車道分隔線","有","倒車撞","倒車未依規定","Y000","YY00",1,4,2013-05-24,"復興路10號","","金門縣金湖鎮新市里","118.4161413","24.4412321"
10205,"","YYA1","10205YY000041",2013,5,26,17,2,"金門縣","金沙鎮","",NA,"蘭洋路","","",NA,"","","","","","環島北路左轉蘭洋路第2支路燈前",NA,NA,NA,NA,NA,NA,NA,NA,NA,0,0,0,"晴","日間自然光線","村里道路",50,"直路","一般車道（未劃分快慢車道）","柏油","乾燥","無缺陷","無障礙物","良好","無號誌","無號誌","無標記","未繪設車道線","未繪設快慢車道分隔線","有","撞路樹、電桿","未注意車前狀態","Y000","YY00",1,4,2013-05-26,"蘭洋路","","金門縣金沙鎮環島北路左轉蘭洋路第2支路燈前","118.3898548","24.4781702"
10205,"10205Y00020032","YYA1","10205YY000042",2013,5,27,7,17,"金門縣","金湖鎮","",NA,"太湖路","一","",NA,"","","","","","00613號路燈桿前路段",NA,NA,NA,NA,NA,NA,NA,NA,NA,0,1,0,"陰","日間自然光線","村里道路",50,"三岔路","交岔口附近","柏油","濕潤","無缺陷","無障礙物","良好","無號誌","無號誌","附標記","未繪設車道線","未繪設快慢車道分隔線","有","追撞","未保持行車安全距離","Y000","YY00",1,2,2013-05-27,"太湖路一段","","金門縣金湖鎮00613號路燈桿前路段","118.4047483","24.4473343"
10205,"10205Y00020033","YYA1","10205YY000043",2013,5,27,14,38,"金門縣","金湖鎮","",NA,"瓊徑路","","",NA,"","","","","","00557號路燈桿前路段",NA,NA,NA,NA,NA,NA,NA,NA,NA,0,1,0,"雨","日間自然光線","村里道路",50,"直路","慢車道","柏油","濕潤","無缺陷","其他障礙物","其他","無號誌","無號誌","附標記","未繪設車道線","快慢車道分隔線","有","撞路樹、電桿","未注意車前狀態","Y000","YY00",NA,NA,2013-05-27,"瓊徑路","","金門縣金湖鎮00557號路燈桿前路段","118.3837181","24.4489328"
10205,"10205Y00020034","YYA1","10205YY000044",2013,5,27,16,30,"金門縣","金湖鎮","",NA,"太湖路","二","",NA,"","","","","","武德新莊15號前路口",NA,NA,NA,NA,NA,NA,NA,NA,NA,0,2,0,"陰","日間自然光線","村里道路",50,"三岔路","交岔路口內","柏油","濕潤","無缺陷","無障礙物","良好","無號誌","無號誌","無分向設施","未繪設車道線","未繪設快慢車道分隔線","有","穿越道路中","搶越行人穿越道","Y000","YY00",1,2,2013-05-27,"太湖路二段","","金門縣金湖鎮武德新莊15號前路口","118.4170143","24.4394812"