"年月","總編號","處理單位","處理編號","年","月","日","時","分","縣市","區","村里","鄰","街道","段","巷","弄","號","公尺處","街道.1","段.1","側","附近","道路","公里","公尺處.1","向","車道","平交道","公里.1","公尺處.2","附近.1","死","受傷","X2.30","天候","光線","道路類別","速限","道路型態","事故位置","路面鋪裝","路面狀態","路面缺陷","障礙物","視距","號誌種類","號誌動作","分向設施","快車道或一般車道間","快慢車道間","路面邊線","事故類型及型態","主要肇因","警局","分局","案件類別","事故類別","日期","道路1","道路2","概略位置","lon","lat"
10205,"10205Y00020038","YYA1","10205YY000053",2013,5,31,6,25,"金門縣","金沙鎮","汶沙里",NA,"環島北路","四","",NA,"","","","","","金沙自來水廠前路段",NA,NA,NA,NA,NA,NA,NA,NA,NA,0,1,0,"霧或煙","晨或暮光","村里道路",60,"三岔路","一般車道（未劃分快慢車道）","柏油","乾燥","無缺陷","無障礙物","良好","無號誌","無號誌","無標記","車道線（無標記）","未繪設快慢車道分隔線","有","撞動物","動物竄出","Y000","YY00",1,2,2013-05-31,"環島北路四段","","金門縣金沙鎮汶沙里金沙自來水廠前路段","118.4045085","24.4840105"
10205,"10205Y00020039","YYA1","10205YY000055",2013,5,31,17,45,"金門縣","金沙鎮","",NA,"環島東路","二","",NA,"","","","","","與安東路口",NA,NA,NA,NA,NA,NA,NA,NA,NA,0,3,0,"晴","日間自然光線","村里道路",60,"三岔路","交岔路口內","柏油","乾燥","無缺陷","無障礙物","良好","無號誌","無號誌","無分向設施","未繪設車道線","未繪設快慢車道分隔線","有","路上翻車、摔倒","未依規定減速","Y000","YY00",1,2,2013-05-31,"環島東路二段","","金門縣金沙鎮與安東路口","118.4328094","24.4713308"
10205,"10205Y00020001","YZA1","10205YZ000002",2013,5,3,9,16,"金門縣","金城鎮","",NA,"民生路","","",NA,"3","","","","","",NA,NA,NA,NA,NA,NA,NA,NA,NA,0,1,0,"晴","日間自然光線","村里道路",40,"三岔路","交岔路口內","柏油","乾燥","無缺陷","無障礙物","良好","無號誌","無號誌","無分向設施","未繪設車道線","未繪設快慢車道分隔線","有","側撞","未依規定讓車","Y000","YZ00",1,2,2013-05-03,"民生路3號","","金門縣金城鎮","118.3190184","24.43575"
10205,"10205Y00020002","YZA1","10205YZ000003",2013,5,3,13,5,"金門縣","金寧鄉","",NA,"林湖路","","",NA,"","","","","","盈春閣餐廳停車場前路口",NA,NA,NA,NA,NA,NA,NA,NA,NA,0,2,0,"陰","日間自然光線","縣道",50,"三岔路","交岔口附近","柏油","乾燥","無缺陷","無障礙物","良好","無號誌","無號誌","無標記","未繪設車道線","未繪設快慢車道分隔線","有","其他","起步未注意其他車（人）安全","Y000","YZ00",1,2,2013-05-03,"林湖路","","金門縣金寧鄉盈春閣餐廳停車場前路口","118.330303","24.4320985"
10205,"","YZA1","10205YZ000004",2013,5,3,17,6,"金門縣","金寧鄉","榜林村",NA,"桃園路","","",NA,"","","","","","東洲32號前路段",NA,NA,NA,NA,NA,NA,NA,NA,NA,0,0,0,NA,NA,NA,0,NA,NA,NA,NA,NA,NA,NA,NA,NA,NA,NA,NA,NA,NA,NA,"Y000","YZ00",1,4,2013-05-03,"桃園路","","金門縣金寧鄉榜林村東洲32號前路段","118.3446627","24.4317794"
10205,"","YZA1","10205YZ000005",2013,5,4,11,0,"金門縣","金城鎮","",NA,"民生路","","45",8,"3-1","","","","","",NA,NA,NA,NA,NA,NA,NA,NA,NA,0,0,0,"晴",NA,NA,40,NA,NA,NA,NA,NA,NA,NA,NA,NA,NA,NA,NA,NA,NA,NA,"Y000","YZ00",1,4,2013-05-04,"民生路45巷8弄3-1號","","金門縣金城鎮","118.3190184","24.43575"
10205,"10205Y00020014","YZA1","10205YZ000006",2013,5,7,10,37,"金門縣","金寧鄉","",NA,"桃園路","","",NA,"1","","","","","金門酒廠前路段",NA,NA,NA,NA,NA,NA,NA,NA,NA,0,2,0,"晴","日間自然光線","鄉道",60,"三岔路","交岔路口內","柏油","乾燥","無缺陷","無障礙物","良好","行車管制號誌","正常","無分向設施","車道線（無標記）","未繪設快慢車道分隔線","有","側撞","未依規定讓車","Y000","YZ00",1,2,2013-05-07,"桃園路1號","","金門縣金寧鄉金門酒廠前路段","118.304865","24.399458"
10205,"10205Y00020007","YZA1","10205YZ000007",2013,5,8,14,20,"金門縣","金城鎮","",NA,"民權路","","70",2,"1-1","","","","","",NA,NA,NA,NA,NA,NA,NA,NA,NA,0,3,0,"晴","日間自然光線","村里道路",40,"四岔路","交岔路口內","其他鋪裝","乾燥","無缺陷","無障礙物","建築物","無號誌","無號誌","無分向設施","未繪設車道線","未繪設快慢車道分隔線","無","路口交岔撞","未依規定讓車","Y000","YZ00",1,2,2013-05-08,"民權路70巷2弄1-1號","","金門縣金城鎮","118.3120733","24.4331197"
10205,"10205Y00020005","YZA1","10205YZ000009",2013,5,3,19,25,"金門縣","金城鎮","",NA,"環島西路","一","",NA,"1-8","","民族路","","","",NA,NA,NA,NA,NA,NA,NA,NA,NA,0,2,0,"陰","夜間（或隧道、地下道、涵洞）有照明","村里道路",40,"三岔路","交岔路口內","柏油","濕潤","無缺陷","無障礙物","良好","無號誌","無號誌","無分向設施","未繪設車道線","未繪設快慢車道分隔線","有","側撞","未依規定讓車","Y000","YZ00",1,2,2013-05-03,"環島西路一段1-8號","民族路","","118.321341","24.430973"
10205,"10205Y00020003","YZA1","10205YZ000010",2013,5,7,15,50,"金門縣","金城鎮","",NA,"環島西路","一","",NA,"101","","","","","",NA,NA,NA,NA,NA,NA,NA,NA,NA,0,2,0,"晴","日間自然光線","村里道路",50,"直路","一般車道（未劃分快慢車道）","柏油","乾燥","無缺陷","無障礙物","良好","無號誌","無號誌","無標記","未繪設車道線","未繪設快慢車道分隔線","有","其他","起步未注意其他車（人）安全","Y000","YZ00",1,2,2013-05-07,"環島西路一段101號","","金門縣金城鎮","118.3184801","24.4172073"
10205,"10205Y00020008","YZA1","10205YZ000011",2013,5,11,8,49,"金門縣","金寧鄉","",NA,"頂林路","","",NA,"","","","","","和平紀念公園前路段",NA,NA,NA,NA,NA,NA,NA,NA,NA,0,1,0,"陰","日間自然光線","村里道路",40,"直路","一般車道（未劃分快慢車道）","柏油","乾燥","無缺陷","無障礙物","良好","無號誌","無號誌","無標記","未繪設車道線","未繪設快慢車道分隔線","有","其他","違規停車或暫停不當而肇事","Y000","YZ00",1,2,2013-05-11,"頂林路","","金門縣金寧鄉和平紀念公園前路段","118.3246113","24.4625018"
10205,"10205Y00020015","YZA1","10205YZ000012",2013,5,11,18,6,"金門縣","金城鎮","",NA,"民權路","","",NA,"","","民生路","","","",NA,NA,NA,NA,NA,NA,NA,NA,NA,0,1,0,"陰","晨或暮光","村里道路",50,"四岔路","交岔路口內","柏油","濕潤","無缺陷","無障礙物","良好","行車管制號誌","正常","無分向設施","未繪設車道線","未繪設快慢車道分隔線","有","側撞","未依規定讓車","Y000","YZ00",1,2,2013-05-11,"民權路","民生路","","118.318387","24.437086"
10205,"10205Y00020016","YZA1","10205YZ000013",2013,5,11,19,16,"金門縣","金城鎮","",NA,"環島北路","一","",NA,"","","","","","林湖路口",NA,NA,NA,NA,NA,NA,NA,NA,NA,0,2,0,"陰","夜間（或隧道、地下道、涵洞）有照明","村里道路",60,"三岔路","交岔路口內","柏油","濕潤","無缺陷","無障礙物","良好","無號誌","無號誌","寬式（50公分以上）","未繪設車道線","未繪設快慢車道分隔線","有","側撞","未依規定讓車","Y000","YZ00",1,2,2013-05-11,"環島北路一段","","金門縣金城鎮林湖路口","118.3283226","24.4462231"
10205,"10205Y00020009","YZA1","10205YZ000014",2013,5,11,17,25,"金門縣","烈嶼鄉","林湖村",NA,"九井路","","",NA,"","","","","","九宮碼頭路段",NA,NA,NA,NA,NA,NA,NA,NA,NA,0,2,0,"陰","日間自然光線","鄉道",40,"彎曲路及附近","一般車道（未劃分快慢車道）","柏油","濕潤","無缺陷","無障礙物","彎道","無號誌","無號誌","附標記","未繪設車道線","未繪設快慢車道分隔線","有","路上翻車、摔倒","未依規定減速","Y000","YZ00",1,2,2013-05-11,"九井路","","金門縣烈嶼鄉林湖村九宮碼頭路段","118.2439073","24.4317335"
10205,"10205Y00030003","YZA1","10205YZ000015",2013,5,12,16,40,"金門縣","金城鎮","",NA,"民權路","","",NA,"","","","","","03101號路燈桿前路段",NA,NA,NA,NA,NA,NA,NA,NA,NA,0,0,0,"雨","日間自然光線","村里道路",60,"直路","一般車道（未劃分快慢車道）","柏油","濕潤","無缺陷","無障礙物","良好","無號誌","無號誌","無標記","未繪設車道線","未繪設快慢車道分隔線","有","追撞","未保持行車安全距離","Y000","YZ00",1,3,2013-05-12,"民權路","","金門縣金城鎮03101號路燈桿前路段","118.3168946","24.4355379"
10205,"10205Y00020017","YZA1","10205YZ000016",2013,5,14,7,50,"金門縣","金寧鄉","",NA,"","","",NA,"","","","","","埔後135號後方路口",NA,NA,NA,NA,NA,NA,NA,NA,NA,0,1,0,"晴","日間自然光線","村里道路",40,"四岔路","交岔路口內","柏油","乾燥","無缺陷","無障礙物","良好","無號誌","無號誌","無分向設施","未繪設車道線","未繪設快慢車道分隔線","有","路口交岔撞","未依規定讓車","Y000","YZ00",1,2,2013-05-14,"金門縣金寧鄉埔後135號後方路口","","金門縣金寧鄉埔後135號後方路口","118.317029","24.442928"
10205,"10205Y00020019","YZA1","10205YZ000017",2013,5,16,19,8,"金門縣","金城鎮","",NA,"北堤路","","",NA,"","","","","","03508號燈桿附近",NA,NA,NA,NA,NA,NA,NA,NA,NA,0,1,0,"雨","夜間（或隧道、地下道、涵洞）有照明","村里道路",40,"直路","一般車道（未劃分快慢車道）","柏油","濕潤","無缺陷","無障礙物","良好","無號誌","無號誌","附標記","未繪設車道線","未繪設快慢車道分隔線","有","同向通行中","未注意車前狀態","Y000","YZ00",1,2,2013-05-16,"北堤路","","金門縣金城鎮03508號燈桿附近","118.3167419","24.4294062"
10205,"10205Y00030001","YZA1","10205YZ000018",2013,5,16,21,11,"金門縣","金城鎮","北門里",NA,"民生路","","",NA,"","","中興路","","","",NA,NA,NA,NA,NA,NA,NA,NA,NA,0,0,0,"陰","晨或暮光","村里道路",40,"四岔路","交岔路口內","柏油","濕潤","無缺陷","無障礙物","良好","閃光號誌","正常","無分向設施","未繪設車道線","未繪設快慢車道分隔線","有","側撞","未依規定讓車","Y000","YZ00",1,3,2013-05-16,"民生路","中興路","","118.319696","24.43433386"
10205,"10205Y00020010","YZA1","10205YZ000019",2013,5,17,16,33,"金門縣","金城鎮","",NA,"民權路","","",NA,"","","","","","金城新莊3巷口",NA,NA,NA,NA,NA,NA,NA,NA,NA,0,1,0,"晴","日間自然光線","村里道路",40,"三岔路","交岔路口內","柏油","乾燥","無缺陷","其他障礙物","良好","無號誌","無號誌","無標記","未繪設車道線","未繪設快慢車道分隔線","有","側撞","違規超車","Y000","YZ00",1,2,2013-05-17,"民權路","","金門縣金城鎮金城新莊3巷口","118.3168946","24.4355379"
10205,"10205Y00030002","YZA1","10205YZ000020",2013,5,16,22,0,"金門縣","金城鎮","",NA,"民族路","","",NA,"270","","","","","",NA,NA,NA,NA,NA,NA,NA,NA,NA,0,0,0,"晴","夜間（或隧道、地下道、涵洞）有照明","村里道路",40,"三岔路","交岔口附近","柏油","濕潤","無缺陷","無障礙物","良好","無號誌","無號誌","無標記","未繪設車道線","未繪設快慢車道分隔線","有","其他","不明原因肇事","Y000","YZ00",1,3,2013-05-16,"民族路270號","","金門縣金城鎮","118.3157499","24.4302723"
10205,"10205Y00020011","YZA1","10205YZ000022",2013,5,17,17,45,"金門縣","金城鎮","",NA,"民權路","","",NA,"","","","","","珠浦北路路口",NA,NA,NA,NA,NA,NA,NA,NA,NA,0,1,0,"晴","日間自然光線","村里道路",40,"四岔路","交岔路口內","柏油","乾燥","無缺陷","無障礙物","良好","行車管制號誌（附設行人專用號誌）","正常","無分向設施","車道線（無標記）","未繪設快慢車道分隔線","有","側撞","左轉彎未依規定","Y000","YZ00",1,2,2013-05-17,"民權路","","金門縣金城鎮珠浦北路路口","118.3168946","24.4355379"
10205,"10205Y00020012","YZA1","10205YZ000024",2013,5,18,11,42,"金門縣","金城鎮","",NA,"民權路","","70",NA,"","","","","","棒球場後方",NA,NA,NA,NA,NA,NA,NA,NA,NA,0,1,0,"晴","日間自然光線","村里道路",30,"彎曲路及附近","一般車道（未劃分快慢車道）","柏油","乾燥","無缺陷","其他障礙物","其他","無號誌","無號誌","無分向設施","未繪設車道線","未繪設快慢車道分隔線","無","對向擦撞","未保持行車安全間隔","Y000","YZ00",1,2,2013-05-18,"民權路70巷","","金門縣金城鎮棒球場後方","118.3133925","24.4329739"
10205,"10205Y00020013","YZA1","10205YZ000025",2013,5,18,22,0,"金門縣","烈嶼鄉","",NA,"","","",NA,"","","","","","庵頂往西宅路段09433號路燈桿",NA,NA,NA,NA,NA,NA,NA,NA,NA,0,1,1,"陰","夜間（或隧道、地下道、涵洞）有照明","村里道路",40,"坡路","一般車道（未劃分快慢車道）","水泥","乾燥","無缺陷","無障礙物","良好","無號誌","無號誌","無分向設施","未繪設車道線","未繪設快慢車道分隔線","有","同向通行中","酒醉（後）駕駛失控","Y000","YZ00",1,2,2013-05-18,"金門縣烈嶼鄉庵頂往西宅路段09433號路燈桿","","金門縣烈嶼鄉庵頂往西宅路段09433號路燈桿","118.248416","24.428949"
10205,"","YZA1","10205YZ000026",2013,5,19,12,12,"金門縣","金城鎮","東門里",NA,"伯玉路","一","240",NA,"","","","","","00524號路燈桿",NA,NA,NA,NA,NA,NA,NA,NA,NA,0,0,0,"晴",NA,NA,0,NA,NA,NA,NA,NA,NA,NA,NA,NA,NA,NA,NA,NA,NA,NA,"Y000","YZ00",1,4,2013-05-19,"伯玉路一段240巷","","金門縣金城鎮東門里00524號路燈桿","118.3267756","24.4346914"
10205,"10205Y00020024","YZA1","10205YZ000029",2013,5,21,21,40,"金門縣","金城鎮","",NA,"民生路","","11",NA,"","","","","","",NA,NA,NA,NA,NA,NA,NA,NA,NA,0,1,0,"雨","夜間（或隧道、地下道、涵洞）有照明","村里道路",40,"四岔路","交岔路口內","柏油","濕潤","無缺陷","無障礙物","良好","無號誌","無號誌","無分向設施","未繪設車道線","未繪設快慢車道分隔線","有","側撞","迴轉未依規定","Y000","YZ00",1,2,2013-05-21,"民生路11巷","","金門縣金城鎮","118.3190184","24.43575"
10205,"10205Y00020022","YZA1","10205YZ000030",2013,5,20,20,45,"金門縣","金寧鄉","",NA,"林湖路","","",NA,"下后垵15","","","","","",NA,NA,NA,NA,NA,NA,NA,NA,NA,0,1,0,"雨","夜間（或隧道、地下道、涵洞）有照明","村里道路",50,"四岔路","交岔路口內","柏油","濕潤","無缺陷","無障礙物","良好","無號誌","無號誌","無分向設施","未繪設車道線","未繪設快慢車道分隔線","有","路上翻車、摔倒","酒醉（後）駕駛失控","Y000","YZ00",1,2,2013-05-20,"金門縣金寧鄉下后垵15號","","金門縣金寧鄉","118.329902","24.425928"
10205,"10205Y00020018","YZA1","10205YZ000031",2013,5,16,16,50,"金門縣","金城鎮","",NA,"","","",NA,"","","","","","小古崗44號旁產業道路",NA,NA,NA,NA,NA,NA,NA,NA,NA,0,1,0,"暴雨","日間自然光線","村里道路",40,"直路","一般車道（未劃分快慢車道）","柏油","濕潤","無缺陷","無障礙物","良好","無號誌","無號誌","無分向設施","未繪設車道線","未繪設快慢車道分隔線","有","其他","未注意車前狀態","Y000","YZ00",1,2,2013-05-16,"金門縣金城鎮小古崗44號旁產業道路","","金門縣金城鎮小古崗44號旁產業道路","118.318585","24.3971444"
10205,"10205Y00020021","YZA1","10205YZ000032",2013,5,20,14,40,"金門縣","金城鎮","",NA,"環島西路","一","250",NA,"","","","","","口",NA,NA,NA,NA,NA,NA,NA,NA,NA,0,1,0,"晴","日間自然光線","鄉道",50,"四岔路","交岔路口內","柏油","乾燥","無缺陷","無障礙物","良好","無號誌","無號誌","無分向設施","未繪設車道線","未繪設快慢車道分隔線","有","追撞","右轉彎未依規定","Y000","YZ00",1,2,2013-05-20,"環島西路一段250巷","","金門縣金城鎮口","118.3184801","24.4172073"
10205,"10205Y00020027","YZA1","10205YZ000036",2013,5,23,18,6,"金門縣","金城鎮","東門里",NA,"民族路","","",NA,"227","","","","","",NA,NA,NA,NA,NA,NA,NA,NA,NA,0,1,0,"晴","日間自然光線","村里道路",40,"四岔路","交岔路口內","柏油","乾燥","無缺陷","無障礙物","良好","無號誌","無號誌","無分向設施","車道線（無標記）","未繪設快慢車道分隔線","有","同向擦撞","左轉彎未依規定","Y000","YZ00",1,2,2013-05-23,"民族路227號","","金門縣金城鎮東門里","118.3157499","24.4302723"
10205,"10205Y00020028","YZA1","10205YZ000037",2013,5,23,18,38,"金門縣","金城鎮","西門里",NA,"環島北路","","",NA,"","","","","","07225號路燈桿前",NA,NA,NA,NA,NA,NA,NA,NA,NA,0,1,0,"晴","夜間（或隧道、地下道、涵洞）有照明","村里道路",60,"直路","一般車道（未劃分快慢車道）","柏油","乾燥","無缺陷","無障礙物","良好","無號誌","無號誌","附標記","未繪設車道線","未繪設快慢車道分隔線","有","追撞","未保持行車安全距離","Y000","YZ00",1,2,2013-05-23,"環島北路","","金門縣金城鎮西門里07225號路燈桿前","118.322662","24.441264"
10205,"10205Y00020029","YZA1","10205YZ000038",2013,5,24,10,41,"金門縣","金寧鄉","",NA,"","","",NA,"","","","","","埔後供水站附近路口",NA,NA,NA,NA,NA,NA,NA,NA,NA,0,1,0,"晴","日間自然光線","村里道路",40,"四岔路","交岔路口內","柏油","乾燥","無缺陷","無障礙物","良好","無號誌","無號誌","無分向設施","未繪設車道線","未繪設快慢車道分隔線","有","路口交岔撞","未依規定讓車","Y000","YZ00",1,2,2013-05-24,"金門縣金寧鄉埔後供水站附近路口","","金門縣金寧鄉埔後供水站附近路口","118.317029","24.442928"
10205,"","YZA1","10205YZ000040",2013,5,24,17,48,"金門縣","金城鎮","西門里",NA,"民權路","","",NA,"","","","","","金城新莊7巷口",NA,NA,NA,NA,NA,NA,NA,NA,NA,0,0,0,NA,NA,NA,0,NA,NA,NA,NA,NA,NA,NA,NA,NA,NA,NA,NA,NA,NA,NA,"Y000","YZ00",1,4,2013-05-24,"民權路","","金門縣金城鎮西門里金城新莊7巷口","118.3168946","24.4355379"
10205,"10205Y00030004","YZA1","10205YZ000045",2013,5,28,8,40,"金門縣","金寧鄉","",NA,"伯玉路","一","",NA,"","","","","","龍門大鎮旁產業道路路口",NA,NA,NA,NA,NA,NA,NA,NA,NA,0,0,0,"晴","日間自然光線","村里道路",40,"四岔路","交岔路口內","水泥","乾燥","無缺陷","無障礙物","良好","無號誌","無號誌","無分向設施","未繪設車道線","未繪設快慢車道分隔線","無","路口交岔撞","未依規定讓車","Y000","YZ00",1,3,2013-05-28,"伯玉路一段","","金門縣金寧鄉龍門大鎮旁產業道路路口","118.3267756","24.4346914"
10205,"10205Y00020030","YZA1","10205YZ000046",2013,5,26,16,2,"金門縣","金寧鄉","",NA,"大學路","","",NA,"","","","","","理工大樓旁",NA,NA,NA,NA,NA,NA,NA,NA,NA,0,1,0,"晴","日間自然光線","村里道路",40,"三岔路","交岔路口內","水泥","乾燥","無缺陷","無障礙物","良好","無號誌","無號誌","無標記","未繪設車道線","未繪設快慢車道分隔線","有","其他","未依規定讓車","Y000","YZ00",1,2,2013-05-26,"大學路","","金門縣金寧鄉理工大樓旁","118.325279","24.4466751"
10205,"","YZA1","10205YZ000047",2013,5,26,16,24,"金門縣","金城鎮","",NA,"珠浦西路","","6",2,"10","","","","","旁路口",NA,NA,NA,NA,NA,NA,NA,NA,NA,0,0,0,"晴",NA,NA,40,NA,NA,NA,NA,NA,NA,NA,NA,NA,NA,NA,NA,NA,NA,NA,"Y000","YZ00",1,4,2013-05-26,"珠浦西路6巷2弄10號","","金門縣金城鎮旁路口","118.3147803","24.4384226"
10205,"10205Y00020031","YZA1","10205YZ000048",2013,5,26,17,54,"金門縣","金城鎮","",NA,"西海路","二","",NA,"21","","","","","",NA,NA,NA,NA,NA,NA,NA,NA,NA,0,1,0,"晴","日間自然光線","村里道路",50,"直路","一般車道（未劃分快慢車道）","柏油","乾燥","無缺陷","無障礙物","良好","無號誌","無號誌","無標記","未繪設車道線","未繪設快慢車道分隔線","有","其他","起步未注意其他車（人）安全","Y000","YZ00",1,2,2013-05-26,"西海路二段21號","","金門縣金城鎮","118.3041626","24.4144371"
10205,"10205Y00020040","YZA1","10205YZ000049",2013,5,29,13,25,"金門縣","金寧鄉","",NA,"環島北路","一","",NA,"162","","","","","",NA,NA,NA,NA,NA,NA,NA,NA,NA,0,1,0,"晴","日間自然光線","縣道",60,"直路","一般車道（未劃分快慢車道）","柏油","乾燥","無缺陷","無障礙物","良好","無號誌","無號誌","無標記","未繪設車道線","未繪設快慢車道分隔線","有","對向擦撞","未依規定減速","Y000","YZ00",1,2,2013-05-29,"環島北路一段162號","","金門縣金寧鄉","118.3283226","24.4462231"
10205,"10205Y00020035","YZA1","10205YZ000050",2013,5,28,17,27,"金門縣","金寧鄉","",NA,"","","",NA,"","","","","","埔後191前路口",NA,NA,NA,NA,NA,NA,NA,NA,NA,0,1,0,"晴","日間自然光線","村里道路",40,"四岔路","交岔路口內","柏油","乾燥","無缺陷","無障礙物","良好","無號誌","無號誌","無分向設施","未繪設車道線","未繪設快慢車道分隔線","有","路口交岔撞","未依規定讓車","Y000","YZ00",1,2,2013-05-28,"金門縣金寧鄉埔後191前路口","","金門縣金寧鄉埔後191前路口","118.317029","24.442928"
10205,"10205Y00020036","YZA1","10205YZ000051",2013,5,29,23,16,"金門縣","金寧鄉","",NA,"伯玉路","二","",NA,"","","","","","中山林路段",NA,NA,NA,NA,NA,NA,NA,NA,NA,0,2,0,"晴","夜間（或隧道、地下道、涵洞）有照明","鄉道",60,"直路","一般車道（未劃分快慢車道）","柏油","乾燥","無缺陷","無障礙物","良好","無號誌","無號誌","附標記","未繪設車道線","快慢車道分隔線","有","追撞","未保持行車安全距離","Y000","YZ00",1,2,2013-05-29,"伯玉路二段","","金門縣金寧鄉中山林路段","118.3416148","24.4414563"
10205,"10205Y00020041","YZA1","10205YZ000056",2013,5,29,8,25,"金門縣","金寧鄉","",NA,"桃園路","","",NA,"","","","","","05907號燈桿前路段",NA,NA,NA,NA,NA,NA,NA,NA,NA,0,1,0,"晴","日間自然光線","鄉道",60,"直路","一般車道（未劃分快慢車道）","柏油","乾燥","無缺陷","無障礙物","良好","無號誌","無號誌","附標記","車道線（附標記）","未繪設快慢車道分隔線","有","路上翻車、摔倒","酒醉（後）駕駛失控","Y000","YZ00",1,2,2013-05-29,"桃園路","","金門縣金寧鄉05907號燈桿前路段","118.3446627","24.4317794"
10205,"10205Y00020037","YZA1","10205YZ000057",2013,5,30,11,18,"金門縣","金城鎮","",NA,"","","",NA,"","","","","","金門城酒鄉金門城前路段",NA,NA,NA,NA,NA,NA,NA,NA,NA,0,1,0,"晴","日間自然光線","村里道路",40,"直路","一般車道（未劃分快慢車道）","其他鋪裝","乾燥","無缺陷","無障礙物","良好","無號誌","無號誌","無分向設施","未繪設車道線","未繪設快慢車道分隔線","無","側撞","右轉彎未依規定","Y000","YZ00",1,2,2013-05-30,"金門縣金城鎮金門城酒鄉金門城前路段","","金門縣金城鎮金門城酒鄉金門城前路段","118.306221","24.401537"
10205,"10205Y00030005","YZA1","10205YZ000058",2013,5,31,8,10,"金門縣","金城鎮","",NA,"民生路","","",NA,"","","","","","70號台電大樓",NA,NA,NA,NA,NA,NA,NA,NA,NA,0,0,0,"晴","日間自然光線","村里道路",40,"彎曲路及附近","一般車道（未劃分快慢車道）","柏油","乾燥","無缺陷","路上有停車","路上停放車輛","無號誌","無號誌","無分向設施","未繪設車道線","未繪設快慢車道分隔線","無","對向擦撞","未靠右行駛","Y000","YZ00",1,3,2013-05-31,"民生路","","金門縣金城鎮70號台電大樓","118.3190184","24.43575"
10206,"10206Y00020003","YYA1","10206YY000004",2013,6,2,2,30,"金門縣","金湖鎮","",NA,"伯玉路","四","",NA,"","","","","","小徑環圓往開瑄國小方向00010號路燈附近",NA,NA,NA,NA,NA,NA,NA,NA,NA,0,2,0,"陰","夜間（或隧道、地下道、涵洞）有照明","村里道路",70,"直路","路肩、路緣","柏油","乾燥","無缺陷","無障礙物","良好","無號誌","無號誌","附標記","未繪設車道線","快慢車道分隔線","有","衝出路外","酒醉（後）駕駛失控","Y000","YY00",1,2,2013-06-02,"伯玉路四段","","金門縣金湖鎮小徑環圓往開瑄國小方向00010號路燈附近","118.3798588","24.4470039"
10206,"","YYA1","10206YY000007",2013,6,2,15,8,"金門縣","金湖鎮","",NA,"士校路","","",NA,"","","","","","金門高職前",NA,NA,NA,NA,NA,NA,NA,NA,NA,0,0,0,"晴","日間自然光線","村里道路",50,"三岔路","交岔路口內","柏油","乾燥","無缺陷","無障礙物","良好","無號誌","無號誌","無標記","未繪設車道線","未繪設快慢車道分隔線","有","對撞","逆向行駛","Y000","YY00",1,4,2013-06-02,"士校路","","金門縣金湖鎮金門高職前","118.4271704","24.4453138"
10206,"10206Y00020005","YYA1","10206YY000011",2013,6,3,21,50,"金門縣","金湖鎮","",NA,"黃海路","","",NA,"","","","","","舊南雄醫院前路段01564號路燈桿處",NA,NA,NA,NA,NA,NA,NA,NA,NA,0,1,0,"晴","夜間（或隧道、地下道、涵洞）有照明","村里道路",50,"直路","一般車道（未劃分快慢車道）","柏油","乾燥","無缺陷","無障礙物","良好","無號誌","無號誌","附標記","未繪設車道線","未繪設快慢車道分隔線","有","撞路樹、電桿","未依規定減速","Y000","YY00",1,2,2013-06-03,"黃海路","","金門縣金湖鎮舊南雄醫院前路段01564號路燈桿處","118.4256931","24.452032"
10206,"10206Y00020010","YYA1","10206YY000017",2013,6,12,21,30,"金門縣","金湖鎮","",NA,"環島東路","三","",NA,"","","","","","鵲山教練場前路段",NA,NA,NA,NA,NA,NA,NA,NA,NA,0,4,0,"雨","夜間（或隧道、地下道、涵洞）有照明","村里道路",60,"四岔路","交岔口附近","柏油","濕潤","無缺陷","無障礙物","良好","無號誌","無號誌","附標記","未繪設車道線","未繪設快慢車道分隔線","有","對向擦撞","逆向行駛","Y000","YY00",1,2,2013-06-12,"環島東路三段","","金門縣金湖鎮鵲山教練場前路段","118.4412269","24.4597558"
10206,"10206Y00020011","YYA1","10206YY000018",2013,6,13,10,50,"金門縣","金湖鎮","",NA,"環島南路","三","",NA,"","","","","","05830號路燈桿",NA,NA,NA,NA,NA,NA,NA,NA,NA,0,2,0,"晴","日間自然光線","村里道路",60,"直路","一般車道（未劃分快慢車道）","柏油","乾燥","無缺陷","無障礙物","良好","無號誌","無號誌","無標記","車道線（無標記）","未繪設快慢車道分隔線","有","路上翻車、摔倒","未注意車前狀態","Y000","YY00",1,2,2013-06-13,"環島南路三段","","金門縣金湖鎮05830號路燈桿","118.3757827","24.4398961"
10206,"10206Y00020012","YYA1","10206YY000019",2013,6,13,14,2,"金門縣","金湖鎮","",NA,"市港路","","",NA,"66","","","","","",NA,NA,NA,NA,NA,NA,NA,NA,NA,0,1,0,"陰","日間自然光線","村里道路",50,"四岔路","交岔路口內","柏油","乾燥","無缺陷","無障礙物","良好","無號誌","無號誌","無分向設施","未繪設車道線","未繪設快慢車道分隔線","有","路口交岔撞","未依規定讓車","Y000","YY00",1,2,2013-06-13,"市港路66號","","金門縣金湖鎮","118.4099121","24.4348324"
10206,"10206Y00030002","YYA1","10206YY000020",2013,6,14,7,50,"金門縣","金湖鎮","",NA,"雙瓊路","","",NA,"","","","","","一門三節",NA,NA,NA,NA,NA,NA,NA,NA,NA,0,0,0,"晴","日間自然光線","村里道路",50,"三岔路","交岔路口內","柏油","乾燥","無缺陷","無障礙物","建築物","無號誌","無號誌","無分向設施","未繪設車道線","未繪設快慢車道分隔線","有","側撞","未靠右行駛","Y000","YY00",1,3,2013-06-14,"雙瓊路","","金門縣金湖鎮一門三節","118.3660576","24.4501741"