"年月","總編號","處理單位","處理編號","年","月","日","時","分","縣市","區","村里","鄰","街道","段","巷","弄","號","公尺處","街道.1","段.1","側","附近","道路","公里","公尺處.1","向","車道","平交道","公里.1","公尺處.2","附近.1","死","受傷","X2.30","天候","光線","道路類別","速限","道路型態","事故位置","路面鋪裝","路面狀態","路面缺陷","障礙物","視距","號誌種類","號誌動作","分向設施","快車道或一般車道間","快慢車道間","路面邊線","事故類型及型態","主要肇因","警局","分局","案件類別","事故類別","日期","道路1","道路2","概略位置","lon","lat"
10206,"","YYA1","10206YY000021",2013,6,14,11,0,"金門縣","金湖鎮","",NA,"","","",NA,"","","","","","夏興親青小吃店",NA,NA,NA,NA,NA,NA,NA,NA,NA,0,0,0,"晴","日間自然光線","村里道路",40,"直路","一般車道（未劃分快慢車道）","柏油","乾燥","無缺陷","無障礙物","坡道","無號誌","無號誌","無分向設施","未繪設車道線","未繪設快慢車道分隔線","有","倒車撞","倒車未依規定","Y000","YY00",1,4,2013-06-14,"金門縣金湖鎮夏興親青小吃店","","金門縣金湖鎮夏興親青小吃店","118.394702","24.439238"
10206,"10206Y00020014","YYA1","10206YY000022",2013,6,14,12,4,"金門縣","金湖鎮","",NA,"黃海路","","",NA,"97","","","","","",NA,NA,NA,NA,NA,NA,NA,NA,NA,0,1,0,"晴","日間自然光線","村里道路",50,"三岔路","交岔路口內","柏油","乾燥","無缺陷","無障礙物","良好","無號誌","無號誌","無分向設施","未繪設車道線","未繪設快慢車道分隔線","有","側撞","未依規定讓車","Y000","YY00",1,2,2013-06-14,"黃海路97號","","金門縣金湖鎮","118.4256931","24.452032"
10206,"10206Y00020015","YYA1","10206YY000023",2013,6,14,19,12,"金門縣","金沙鎮","",NA,"環島北路","三","",NA,"","","","","","與環中路口處",NA,NA,NA,NA,NA,NA,NA,NA,NA,0,1,0,"雨","夜間（或隧道、地下道、涵洞）有照明","村里道路",60,"三岔路","交岔路口內","柏油","濕潤","無缺陷","無障礙物","良好","閃光號誌","無動作","無分向設施","未繪設車道線","未繪設快慢車道分隔線","有","側撞","未依規定讓車","Y000","YY00",1,2,2013-06-14,"環島北路三段","","金門縣金沙鎮與環中路口處","118.388325","24.466263"
10206,"10206Y00020016","YYA1","10206YY000026",2013,6,15,11,40,"金門縣","金湖鎮","",NA,"太湖路","二","",NA,"","","","","","復國寺前路口",NA,NA,NA,NA,NA,NA,NA,NA,NA,0,1,0,"晴","日間自然光線","村里道路",50,"三岔路","交岔路口內","柏油","乾燥","無缺陷","無障礙物","良好","無號誌","無號誌","無分向設施","未繪設車道線","未繪設快慢車道分隔線","有","側撞","未依規定讓車","Y000","YY00",1,2,2013-06-15,"太湖路二段","","金門縣金湖鎮復國寺前路口","118.4170143","24.4394812"
10206,"10206Y00020018","YYA1","10206YY000029",2013,6,17,16,24,"金門縣","金湖鎮","",NA,"環島南路","五","",NA,"","","","","","白龍橋路段",NA,NA,NA,NA,NA,NA,NA,NA,NA,0,2,0,"晴","日間自然光線","村里道路",60,"直路","路肩、路緣","柏油","乾燥","無缺陷","無障礙物","良好","無號誌","無號誌","附標記","未繪設車道線","未繪設快慢車道分隔線","有","撞護欄（樁）","未注意車前狀態","Y000","YY00",1,2,2013-06-17,"環島南路五段","","金門縣金湖鎮白龍橋路段","118.4239844","24.4324232"
10206,"10206Y00020019","YYA1","10206YY000030",2013,6,17,20,49,"金門縣","金湖鎮","",NA,"市港路","","",NA,"","","","","","05334號路燈桿前",NA,NA,NA,NA,NA,NA,NA,NA,NA,0,2,0,"晴","夜間（或隧道、地下道、涵洞）有照明","村里道路",50,"直路","慢車道","柏油","乾燥","無缺陷","無障礙物","其他","無號誌","無號誌","附標記","未繪設車道線","快慢車道分隔線","有","同向通行中","未注意車前狀態","Y000","YY00",NA,NA,2013-06-17,"市港路","","金門縣金湖鎮05334號路燈桿前","118.4099121","24.4348324"
10206,"10206Y00020020","YYA1","10206YY000031",2013,6,18,9,57,"金門縣","金湖鎮","山外里",NA,"黃海路","","",NA,"","","","","","下莊路口",NA,NA,NA,NA,NA,NA,NA,NA,NA,0,1,0,"晴","日間自然光線","村里道路",60,"四岔路","交岔路口內","柏油","乾燥","無缺陷","無障礙物","良好","行車管制號誌","正常","無分向設施","未繪設車道線","未繪設快慢車道分隔線","有","追撞","右轉彎未依規定","Y000","YY00",1,2,2013-06-18,"黃海路","","金門縣金湖鎮山外里下莊路口","118.4256931","24.452032"
10206,"10206Y00020023","YYA1","10206YY000033",2013,6,24,16,23,"金門縣","金沙鎮","汶沙里",NA,"沙青路","","",NA,"","","","","","沙青路與忠孝新村路口處",NA,NA,NA,NA,NA,NA,NA,NA,NA,0,2,0,"雨","日間自然光線","村里道路",60,"三岔路","交岔路口內","柏油","濕潤","無缺陷","無障礙物","良好","無號誌","無號誌","無分向設施","未繪設車道線","未繪設快慢車道分隔線","有","追撞","右轉彎未依規定","Y000","YY00",1,2,2013-06-24,"沙青路","","金門縣金沙鎮汶沙里沙青路與忠孝新村路口處","118.4130838","24.5066188"
10206,"10206Y00020024","YYA1","10206YY000035",2013,6,25,12,0,"金門縣","金湖鎮","",NA,"環島南路","三","",NA,"","","","","","機場圓環內",NA,NA,NA,NA,NA,NA,NA,NA,NA,0,1,0,"雨","日間自然光線","村里道路",50,"圓環","一般車道（未劃分快慢車道）","柏油","濕潤","無缺陷","無障礙物","良好","無號誌","無號誌","無分向設施","車道線（無標記）","未繪設快慢車道分隔線","有","其他","未依規定讓車","Y000","YY00",1,2,2013-06-25,"環島南路三段","","金門縣金湖鎮機場圓環內","118.3757827","24.4398961"
10206,"10206Y00020026","YYA1","10206YY000038",2013,6,26,17,40,"金門縣","金湖鎮","",NA,"太湖路","三","",NA,"","","","","","老人活動中心路段",NA,NA,NA,NA,NA,NA,NA,NA,NA,0,1,0,"晴","日間自然光線","村里道路",50,"直路","一般車道（未劃分快慢車道）","柏油","乾燥","無缺陷","無障礙物","良好","無號誌","無號誌","無標記","未繪設車道線","未繪設快慢車道分隔線","有","其他","未注意車前狀態","Y000","YY00",1,2,2013-06-26,"太湖路三段","","金門縣金湖鎮老人活動中心路段","118.4317691","24.4347503"
10206,"","YYA1","10206YY000039",2013,6,26,19,40,"金門縣","金沙鎮","光前里",NA,"環島東路","一","",NA,"","","","","","01188路燈前 舊加油站前路段",NA,NA,NA,NA,NA,NA,NA,NA,NA,0,0,0,"晴","夜間（或隧道、地下道、涵洞）有照明","村里道路",50,"三岔路","交岔口附近","柏油","乾燥","無缺陷","其他障礙物","樹木、農作物","無號誌","無號誌","無標記","未繪設車道線","未繪設快慢車道分隔線","有","撞路樹、電桿","路況危險無安全（警告）設施","Y000","YY00",1,4,2013-06-26,"環島東路一段","","金門縣金沙鎮光前里01188路燈前 舊加油站前路段","118.4213083","24.4841071"
10206,"10206Y00030003","YYA1","10206YY000040",2013,6,27,10,30,"金門縣","金湖鎮","新湖里",NA,"","","",NA,"","","","","","湖前95之5號前路口",NA,NA,NA,NA,NA,NA,NA,NA,NA,0,0,0,"晴","日間自然光線","村里道路",40,"四岔路","交岔路口內","水泥","乾燥","無缺陷","無障礙物","良好","無號誌","無號誌","無分向設施","未繪設車道線","未繪設快慢車道分隔線","無","倒車撞","倒車未依規定","Y000","YY00",1,3,2013-06-27,"金門縣金湖鎮新湖里湖前95之5號前路口","","金門縣金湖鎮新湖里湖前95之5號前路口","118.417239","24.439798"
10206,"10206Y00020001","YZA1","10206YZ000001",2013,6,1,9,8,"金門縣","金城鎮","",NA,"","","",NA,"","","","","","富康一村9巷1號旁路口",NA,NA,NA,NA,NA,NA,NA,NA,NA,0,1,0,"晴","日間自然光線","村里道路",40,"四岔路","交岔路口內","水泥","乾燥","無缺陷","無障礙物","良好","無號誌","無號誌","無分向設施","未繪設車道線","未繪設快慢車道分隔線","無","路口交岔撞","未依規定讓車","Y000","YZ00",1,2,2013-06-01,"金門縣金城鎮富康一村9巷1號旁路口","","金門縣金城鎮富康一村9巷1號旁路口","118.320257","24.437578"
10206,"10206Y00030004","YZA1","10206YZ000002",2013,6,1,17,15,"金門縣","金寧鄉","",NA,"慈湖路","一","",NA,"12","","","","","",NA,NA,NA,NA,NA,NA,NA,NA,NA,0,0,0,"晴","日間自然光線","鄉道",50,"直路","一般車道（未劃分快慢車道）","柏油","乾燥","無缺陷","無障礙物","良好","無號誌","無號誌","無標記","未繪設車道線","未繪設快慢車道分隔線","有","其他","酒醉（後）駕駛失控","Y000","YZ00",1,3,2013-06-01,"慈湖路一段12號","","金門縣金寧鄉","118.3117387","24.4416084"
10206,"10206Y00020002","YZA1","10206YZ000003",2013,6,1,17,57,"金門縣","金城鎮","",NA,"民生路","","",NA,"","","","","","333號前路口",NA,NA,NA,NA,NA,NA,NA,NA,NA,0,3,0,"晴","日間自然光線","村里道路",40,"四岔路","交岔路口內","柏油","乾燥","無缺陷","無障礙物","良好","無號誌","無號誌","無分向設施","未繪設車道線","未繪設快慢車道分隔線","有","側撞","未依規定讓車","Y000","YZ00",1,2,2013-06-01,"民生路","","金門縣金城鎮333號前路口","118.3190184","24.43575"
10206,"","YZA1","10206YZ000005",2013,6,2,12,30,"金門縣","金城鎮","金城新莊村",NA,"","","7",NA,"1-1","","","","","路口",NA,NA,NA,NA,NA,NA,NA,NA,NA,0,0,0,"晴","日間自然光線","村里道路",40,"四岔路","交岔路口內","柏油","乾燥","無缺陷","其他障礙物","建築物","無號誌","無號誌","無分向設施","未繪設車道線","未繪設快慢車道分隔線","有","路口交岔撞","未依規定讓車","Y000","YZ00",1,4,2013-06-02,"","","金門縣金城鎮金城新莊村路口","118.319856","24.437936"
10206,"10206Y00030001","YZA1","10206YZ000006",2013,6,2,15,36,"金門縣","金城鎮","",NA,"珠浦北路","","",NA,"34-1","","","","","停車格內",NA,NA,NA,NA,NA,NA,NA,NA,NA,0,0,0,"晴","日間自然光線","村里道路",40,"直路","一般車道（未劃分快慢車道）","其他鋪裝","乾燥","無缺陷","無障礙物","良好","無號誌","無號誌","無分向設施","未繪設車道線","未繪設快慢車道分隔線","無","其他","不明原因肇事","Y000","YZ00",1,3,2013-06-02,"珠浦北路34-1號","","金門縣金城鎮停車格內","118.3172552","24.4337778"
10206,"10206Y00020004","YZA1","10206YZ000008",2013,6,3,20,32,"金門縣","金寧鄉","",NA,"環島北路","一","",NA,"","","","","","07191號燈桿前路段",NA,NA,NA,NA,NA,NA,NA,NA,NA,0,2,0,"陰","夜間（或隧道、地下道、涵洞）有照明","縣道",60,"直路","一般車道（未劃分快慢車道）","柏油","乾燥","無缺陷","無障礙物","良好","無號誌","無號誌","無標記","未繪設車道線","未繪設快慢車道分隔線","有","同向通行中","未注意車前狀態","Y000","YZ00",1,2,2013-06-03,"環島北路一段","","金門縣金寧鄉07191號燈桿前路段","118.3283226","24.4462231"
10206,"10206Y00020006","YZA1","10206YZ000009",2013,6,4,16,27,"金門縣","金寧鄉","",NA,"環島北路","二","",NA,"","","","","","07165燈桿前路段",NA,NA,NA,NA,NA,NA,NA,NA,NA,0,1,0,"晴","日間自然光線","縣道",60,"四岔路","交岔路口內","柏油","乾燥","無缺陷","無障礙物","良好","無號誌","無號誌","無分向設施","未繪設車道線","未繪設快慢車道分隔線","有","路上翻車、摔倒","未注意車前狀態","Y000","YZ00",1,2,2013-06-04,"環島北路二段","","金門縣金寧鄉07165燈桿前路段","118.3537405","24.452631"
10206,"10206Y00020034","YZA1","10206YZ000010",2013,6,4,16,55,"金門縣","金城鎮","",NA,"民權路","","122",NA,"","","","","","口",NA,NA,NA,NA,NA,NA,NA,NA,NA,0,1,0,"雨","日間自然光線","村里道路",40,"三岔路","交岔路口內","柏油","濕潤","無缺陷","無障礙物","良好","無號誌","無號誌","無分向設施","未繪設車道線","未繪設快慢車道分隔線","有","側撞","未依規定讓車","Y000","YZ00",1,2,2013-06-04,"民權路122巷","","金門縣金城鎮口","118.3165347","24.4358149"
10206,"","YZA1","10206YZ000012",2013,6,8,9,20,"金門縣","金城鎮","",NA,"環島北路","一","",NA,"","","","","","文化局前路段",NA,NA,NA,NA,NA,NA,NA,NA,NA,0,0,0,"晴",NA,NA,60,NA,NA,NA,NA,NA,NA,NA,NA,NA,NA,NA,NA,NA,NA,NA,"Y000","YZ00",1,4,2013-06-08,"環島北路一段","","金門縣金城鎮文化局前路段","118.3283226","24.4462231"
10206,"10206Y00020008","YZA1","10206YZ000013",2013,6,8,18,49,"金門縣","金寧鄉","",NA,"伯玉路","二","",NA,"","","","","","356號前路段",NA,NA,NA,NA,NA,NA,NA,NA,NA,0,2,0,"晴","夜間（或隧道、地下道、涵洞）有照明","村里道路",60,"三岔路","交岔路口內","水泥","乾燥","無缺陷","無障礙物","良好","無號誌","無號誌","無標記","未繪設車道線","快慢車道分隔線","有","側撞","右轉彎未依規定","Y000","YZ00",1,2,2013-06-08,"伯玉路二段","","金門縣金寧鄉356號前路段","118.3416148","24.4414563"
10206,"10206Y00020007","YZA1","10206YZ000014",2013,6,8,9,5,"金門縣","金寧鄉","榜林村",NA,"","","",NA,"","","","","","榜林32號前路段",NA,NA,NA,NA,NA,NA,NA,NA,NA,0,2,0,"晴","日間自然光線","村里道路",50,"彎曲路及附近","一般車道（未劃分快慢車道）","柏油","乾燥","無缺陷","無障礙物","良好","無號誌","無號誌","無標記","未繪設車道線","未繪設快慢車道分隔線","有","撞橋樑、建築物","未依規定減速","Y000","YZ00",1,2,2013-06-08,"金門縣金寧鄉榜林村榜林32號前路段","","金門縣金寧鄉榜林村榜林32號前路段","118.329691","24.436387"
10206,"10206Y00020033","YZA1","10206YZ000015",2013,6,11,11,45,"金門縣","金城鎮","古城里",NA,"","","",NA,"","","","","","金門城產業道路03829號燈桿前路段",NA,NA,NA,NA,NA,NA,NA,NA,NA,0,1,0,"晴","日間自然光線","村里道路",40,"彎曲路及附近","一般車道（未劃分快慢車道）","柏油","乾燥","無缺陷","無障礙物","良好","無號誌","無號誌","無分向設施","未繪設車道線","未繪設快慢車道分隔線","有","路上翻車、摔倒","酒醉（後）駕駛失控","Y000","YZ00",1,2,2013-06-11,"金門縣金城鎮古城里金門城產業道路03829號燈桿前路段","","金門縣金城鎮古城里金門城產業道路03829號燈桿前路段","118.306221","24.401537"
10206,"10206Y00020009","YZA1","10206YZ000016",2013,6,11,20,20,"金門縣","金城鎮","",NA,"珠浦北路","","",NA,"","","","","","34號前",NA,NA,NA,NA,NA,NA,NA,NA,NA,0,1,0,"晴","夜間（或隧道、地下道、涵洞）有照明","村里道路",40,"直路","一般車道（未劃分快慢車道）","其他鋪裝","乾燥","無缺陷","無障礙物","路上停放車輛","無號誌","無號誌","無分向設施","未繪設車道線","未繪設快慢車道分隔線","有","對向擦撞","未靠右行駛","Y000","YZ00",1,2,2013-06-11,"珠浦北路","","金門縣金城鎮34號前","118.3172552","24.4337778"
10206,"10206Y00020013","YZA1","10206YZ000024",2013,6,14,7,25,"金門縣","金城鎮","",NA,"民權路","","",NA,"","","民生路","","","",NA,NA,NA,NA,NA,NA,NA,NA,NA,0,1,0,"晴","日間自然光線","村里道路",50,"四岔路","交岔口附近","柏油","乾燥","無缺陷","無障礙物","良好","行車管制號誌","正常","附標記","車道線（無標記）","未繪設快慢車道分隔線","有","其他","未注意車前狀態","Y000","YZ00",1,2,2013-06-14,"民權路","民生路","","118.318387","24.437086"
10206,"10206Y00020017","YZA1","10206YZ000027",2013,6,16,19,22,"金門縣","金寧鄉","",NA,"","","",NA,"","","","","","頂埔下03285號路燈桿前路口",NA,NA,NA,NA,NA,NA,NA,NA,NA,0,1,0,"晴","日間自然光線","村里道路",40,"四岔路","交岔路口內","柏油","乾燥","無缺陷","無障礙物","良好","無號誌","無號誌","無分向設施","未繪設車道線","未繪設快慢車道分隔線","有","路口交岔撞","未依規定讓車","Y000","YZ00",1,2,2013-06-16,"金門縣金寧鄉頂埔下03285號路燈桿前路口","","金門縣金寧鄉頂埔下03285號路燈桿前路口","118.3099021","24.4474013"
10206,"10206Y00020030","YZA1","10206YZ000028",2013,6,16,18,40,"金門縣","金城鎮","",NA,"民生路","","",NA,"60","","","","","縣政府前路口",NA,NA,NA,NA,NA,NA,NA,NA,NA,0,1,0,"晴","日間自然光線","村里道路",50,"三岔路","交岔路口內","柏油","乾燥","無缺陷","無障礙物","良好","無號誌","無號誌","無分向設施","未繪設車道線","未繪設快慢車道分隔線","有","側撞","未依規定讓車","Y000","YZ00",1,2,2013-06-16,"民生路60號","","金門縣金城鎮縣政府前路口","118.3190184","24.43575"
10206,"10206Y00020021","YZA1","10206YZ000032",2013,6,23,20,0,"金門縣","金城鎮","",NA,"民生路","","",NA,"","","民權路","","","路口",NA,NA,NA,NA,NA,NA,NA,NA,NA,0,1,0,"陰","夜間（或隧道、地下道、涵洞）有照明","村里道路",40,"四岔路","交岔路口內","柏油","乾燥","無缺陷","無障礙物","良好","無號誌","無號誌","無分向設施","未繪設車道線","未繪設快慢車道分隔線","有","側撞","未依規定讓車","Y000","YZ00",1,2,2013-06-23,"民生路","民權路","","118.318387","24.437086"
10206,"10206Y00020031","YZA1","10206YZ000034",2013,6,25,8,7,"金門縣","金城鎮","金水里",NA,"西海路","二","",NA,"","","珠水路","","","",NA,NA,NA,NA,NA,NA,NA,NA,NA,0,1,0,"晴","日間自然光線","鄉道",50,"四岔路","交岔路口內","柏油","乾燥","無缺陷","無障礙物","良好","閃光號誌","正常","無分向設施","未繪設車道線","未繪設快慢車道分隔線","有","路口交岔撞","未依規定讓車","Y000","YZ00",1,2,2013-06-25,"西海路二段","珠水路","","118.2998287","24.41079517"
10206,"10206Y00020025","YZA1","10206YZ000036",2013,6,25,12,15,"金門縣","金城鎮","",NA,"伯玉路","一","",NA,"","","","","","靠近東門圓環路段",NA,NA,NA,NA,NA,NA,NA,NA,NA,0,1,0,"雨","日間自然光線","村里道路",60,"直路","慢車道","柏油","濕潤","無缺陷","無障礙物","良好","無號誌","無號誌","無標記","未繪設車道線","快慢車道分隔線","有","路上翻車、摔倒","未注意車前狀態","Y000","YZ00",1,2,2013-06-25,"伯玉路一段","","金門縣金城鎮靠近東門圓環路段","118.3267756","24.4346914"
10206,"10206Y00020022","YZA1","10206YZ000037",2013,6,24,2,40,"金門縣","金城鎮","",NA,"民生路","","",NA,"","","","","","54巷口",NA,NA,NA,NA,NA,NA,NA,NA,NA,0,1,0,"陰","夜間（或隧道、地下道、涵洞）有照明","村里道路",40,"三岔路","交岔路口內","柏油","濕潤","無缺陷","無障礙物","良好","無號誌","無號誌","無分向設施","未繪設車道線","未繪設快慢車道分隔線","有","路上翻車、摔倒","未依規定減速","Y000","YZ00",1,2,2013-06-24,"民生路","","金門縣金城鎮54巷口","118.3190184","24.43575"
10206,"","YZA1","10206YZ000041",2013,6,28,0,30,"金門縣","金城鎮","",NA,"西海路","三","",NA,"","","","","","向陽及第前路段",NA,NA,NA,NA,NA,NA,NA,NA,NA,0,0,0,NA,NA,NA,0,NA,NA,NA,NA,NA,NA,NA,NA,NA,NA,NA,NA,NA,NA,NA,"Y000","YZ00",1,3,2013-06-28,"西海路三段","","金門縣金城鎮向陽及第前路段","118.3124964","24.4226194"
10206,"10206Y00020032","YZA1","10206YZ000042",2013,6,28,15,50,"金門縣","金城鎮","",NA,"環島西路","一","",NA,"","","","","","東門圓環",NA,NA,NA,NA,NA,NA,NA,NA,NA,0,1,0,"晴","日間自然光線","村里道路",40,"圓環","一般車道（未劃分快慢車道）","柏油","乾燥","無缺陷","無障礙物","良好","無號誌","無號誌","無分向設施","車道線（附標記）","未繪設快慢車道分隔線","有","穿越道路中","未依規定行走行人穿越道、地下道、天橋而穿越道路","Y000","YZ00",1,2,2013-06-28,"環島西路一段","","金門縣金城鎮東門圓環","118.3184801","24.4172073"
10206,"10206Y00020027","YZA1","10206YZ000043",2013,6,29,7,53,"金門縣","金寧鄉","榜林村",26,"伯玉路","一","",NA,"222","","","","","",NA,NA,NA,NA,NA,NA,NA,NA,NA,0,2,0,"晴","日間自然光線","縣道",60,"直路","一般車道（未劃分快慢車道）","柏油","乾燥","無缺陷","無障礙物","良好","無號誌","無號誌","無標記","未繪設車道線","快慢車道分隔線","有","側撞","左轉彎未依規定","Y000","YZ00",1,2,2013-06-29,"伯玉路一段222號","","金門縣金寧鄉榜林村","118.3267756","24.4346914"
10206,"10206Y00020028","YZA1","10206YZ000044",2013,6,29,11,38,"金門縣","金寧鄉","榜林村",NA,"伯玉路","一","",NA,"213之1","","","","","",NA,NA,NA,NA,NA,NA,NA,NA,NA,0,2,0,"晴","日間自然光線","縣道",60,"直路","一般車道（未劃分快慢車道）","柏油","乾燥","無缺陷","無障礙物","良好","無號誌","無號誌","附標記","未繪設車道線","快慢車道分隔線","有","其他","起步未注意其他車（人）安全","Y000","YZ00",1,2,2013-06-29,"伯玉路一段213-1號","","金門縣金寧鄉榜林村","118.3267756","24.4346914"
10206,"10206Y00030005","YZA1","10206YZ000045",2013,6,30,12,45,"金門縣","金寧鄉","",NA,"","","",NA,"","","","","","埔後115號後方路口",NA,NA,NA,NA,NA,NA,NA,NA,NA,0,0,0,"晴","日間自然光線","村里道路",40,"四岔路","交岔路口內","柏油","乾燥","無缺陷","無障礙物","良好","無號誌","無號誌","無分向設施","未繪設車道線","未繪設快慢車道分隔線","有","路口交岔撞","未依規定讓車","Y000","YZ00",1,3,2013-06-30,"金門縣金寧鄉埔後115號後方路口","","金門縣金寧鄉埔後115號後方路口","118.317029","24.442928"
10206,"10206Y00020029","YZA1","10206YZ000046",2013,6,30,18,25,"金門縣","金城鎮","",NA,"","","",NA,"","","","","","山前路段",NA,NA,NA,NA,NA,NA,NA,NA,NA,0,2,0,"晴","日間自然光線","鄉道",40,"彎曲路及附近","一般車道（未劃分快慢車道）","柏油","乾燥","無缺陷","無障礙物","良好","無號誌","無號誌","無標記","未繪設車道線","未繪設快慢車道分隔線","有","對向擦撞","超速失控","Y000","YZ00",1,2,2013-06-30,"金門縣金城鎮山前路段","","金門縣金城鎮山前路段","118.315014","24.416687"
10207,"10207Y00020024","YYA1","10207YY000003",2013,7,1,19,30,"金門縣","金湖鎮","",NA,"","","",NA,"","","","","","武德新莊161號前",NA,NA,NA,NA,NA,NA,NA,NA,NA,0,0,1,"晴","夜間（或隧道、地下道、涵洞）有照明","其他",40,"廣場","其他","其他鋪裝","乾燥","無缺陷","無障礙物","良好","無號誌","無號誌","無分向設施","未繪設車道線","未繪設快慢車道分隔線","無","撞護欄（樁）","未注意車前狀態","Y000","YY00",1,2,2013-07-01,"金門縣金湖鎮武德新莊161號前","","金門縣金湖鎮武德新莊161號前","118.41389","24.439779"
10207,"10207Y00020027","YYA1","10207YY000009",2013,7,6,11,20,"金門縣","金湖鎮","",NA,"山外街","","",NA,"43","","","","東","旁路口",NA,NA,NA,NA,NA,NA,NA,NA,NA,0,1,0,"晴","日間自然光線","村里道路",40,"四岔路","交岔路口內","水泥","乾燥","無缺陷","路上有停車","路上停放車輛","無號誌","無號誌","無分向設施","未繪設車道線","未繪設快慢車道分隔線","有","路口交岔撞","未依規定減速","Y000","YY00",1,2,2013-07-06,"山外街43號","","金門縣金湖鎮旁路口","118.4150445","24.4434669"
10207,"10207Y00020028","YYA1","10207YY000010",2013,7,6,21,30,"金門縣","金沙鎮","",NA,"環島北路","三","",NA,"","","","","","下塘頭路口",NA,NA,NA,NA,NA,NA,NA,NA,NA,0,1,0,"晴","夜間（或隧道、地下道、涵洞）有照明","村里道路",60,"三岔路","交岔路口內","柏油","乾燥","無缺陷","無障礙物","良好","無號誌","無號誌","無分向設施","未繪設車道線","未繪設快慢車道分隔線","有","追撞","未保持行車安全距離","Y000","YY00",1,2,2013-07-06,"環島北路三段","","金門縣金沙鎮下塘頭路口","118.388325","24.466263"
10207,"10207Y00020005","YYA1","10207YY000012",2013,7,7,14,38,"金門縣","金沙鎮","",NA,"","","",NA,"","","","","","環中路往高坑路段",NA,NA,NA,NA,NA,NA,NA,NA,NA,0,1,0,"雨","日間自然光線","村里道路",40,"直路","一般車道（未劃分快慢車道）","柏油","泥濘","無缺陷","無障礙物","樹木、農作物","無號誌","無號誌","無標記","未繪設車道線","未繪設快慢車道分隔線","有","撞路樹、電桿","尚未發現肇事因素","Y000","YY00",1,2,2013-07-07,"金門縣金沙鎮環中路往高坑路段","","金門縣金沙鎮環中路往高坑路段","118.3912208","24.4595516"
10207,"","YYA1","10207YY000013",2013,7,7,15,14,"金門縣","金沙鎮","官嶼里",NA,"","","",NA,"","","","","","塘頭2號前",NA,NA,NA,NA,NA,NA,NA,NA,NA,0,0,0,"晴","日間自然光線","其他",40,"廣場","其他","其他鋪裝","乾燥","無缺陷","無障礙物","良好","無號誌","無號誌","無分向設施","未繪設車道線","未繪設快慢車道分隔線","無","倒車撞","倒車未依規定","Y000","YY00",1,4,2013-07-07,"金門縣金沙鎮官嶼里塘頭2號前","","金門縣金沙鎮官嶼里塘頭2號前","118.4143898","24.5154859"
10207,"10207Y00020006","YYA1","10207YY000014",2013,7,8,7,38,"金門縣","金湖鎮","",NA,"伯玉路","三","",NA,"","","中山路","","","",NA,NA,NA,NA,NA,NA,NA,NA,NA,0,1,0,"晴","日間自然光線","村里道路",70,"四岔路","交岔路口內","柏油","乾燥","無缺陷","無障礙物","良好","行車管制號誌","正常","無分向設施","未繪設車道線","未繪設快慢車道分隔線","有","同向擦撞","未保持行車安全間隔","Y000","YY00",1,2,2013-07-08,"伯玉路三段","中山路","","118.3650088","24.44601623"
10207,"","YYA1","10207YY000015",2013,7,8,9,35,"金門縣","金湖鎮","料羅里",NA,"金港路","","",NA,"","","","","","金港路新興街路口前",NA,NA,NA,NA,NA,NA,NA,NA,NA,0,0,0,"晴","日間自然光線","村里道路",60,"三岔路","交岔路口內","柏油","乾燥","無缺陷","無障礙物","良好","無號誌","無號誌","無標記","未繪設車道線","未繪設快慢車道分隔線","有","追撞","未保持行車安全距離","Y000","YY00",1,4,2013-07-08,"金港路","","金門縣金湖鎮料羅里金港路新興街路口前","118.4341546","24.4172342"
10207,"10207Y00020030","YYA1","10207YY000016",2013,7,8,9,48,"金門縣","金湖鎮","",NA,"環島南路","五","",NA,"","","士校路","","","",NA,NA,NA,NA,NA,NA,NA,NA,NA,0,1,0,"晴","日間自然光線","村里道路",50,"四岔路","交岔口附近","柏油","乾燥","無缺陷","無障礙物","良好","行車管制號誌","正常","無標記","未繪設車道線","未繪設快慢車道分隔線","有","同向擦撞","尚未發現肇事因素","Y000","YY00",1,2,2013-07-08,"環島南路五段","士校路","","118.418513","24.434034"
10207,"10207Y00020031","YYA1","10207YY000017",2013,7,9,17,32,"金門縣","金湖鎮","",NA,"環島北路","三","",NA,"","","瓊徑路","","","",NA,NA,NA,NA,NA,NA,NA,NA,NA,0,1,0,"晴","日間自然光線","村里道路",50,"三岔路","交岔路口內","柏油","乾燥","無缺陷","無障礙物","良好","閃光號誌","正常","無分向設施","未繪設車道線","未繪設快慢車道分隔線","有","側撞","未依規定讓車","Y000","YY00",1,2,2013-07-09,"環島北路三段","瓊徑路","","118.3759138","24.45751572"
10207,"10207Y00020032","YYA1","10207YY000018",2013,7,10,7,30,"金門縣","金湖鎮","",NA,"瓊徑路","","",NA,"","","","","","小徑圓環",NA,NA,NA,NA,NA,NA,NA,NA,NA,0,3,0,"晴","日間自然光線","村里道路",50,"圓環","一般車道（未劃分快慢車道）","柏油","乾燥","無缺陷","無障礙物","良好","無號誌","無號誌","無分向設施","車道線（無標記）","未繪設快慢車道分隔線","有","其他","未注意車前狀態","Y000","YY00",1,2,2013-07-10,"瓊徑路","","金門縣金湖鎮小徑圓環","118.3837181","24.4489328"