"年月","總編號","處理單位","處理編號","年","月","日","時","分","縣市","區","村里","鄰","街道","段","巷","弄","號","公尺處","街道.1","段.1","側","附近","道路","公里","公尺處.1","向","車道","平交道","公里.1","公尺處.2","附近.1","死","受傷","X2.30","天候","光線","道路類別","速限","道路型態","事故位置","路面鋪裝","路面狀態","路面缺陷","障礙物","視距","號誌種類","號誌動作","分向設施","快車道或一般車道間","快慢車道間","路面邊線","事故類型及型態","主要肇因","警局","分局","案件類別","事故類別","日期","道路1","道路2","概略位置","lon","lat"
10207,"","YYA1","10207YY000023",2013,7,9,18,20,"金門縣","金湖鎮","",NA,"太湖路","一","",NA,"","","","","","",NA,NA,NA,NA,NA,NA,NA,NA,NA,0,0,0,"晴",NA,NA,40,NA,NA,NA,NA,NA,NA,NA,NA,NA,NA,NA,NA,NA,NA,NA,"Y000","YY00",1,4,2013-07-09,"太湖路一段","","金門縣金湖鎮","118.4047483","24.4473343"
10207,"10207Y00020036","YYA1","10207YY000024",2013,7,12,10,50,"金門縣","金湖鎮","",NA,"伯玉路","四","",NA,"","","","","","00077號路燈桿前",NA,NA,NA,NA,NA,NA,NA,NA,NA,0,1,0,"晴","日間自然光線","村里道路",70,"直路","一般車道（未劃分快慢車道）","柏油","乾燥","無缺陷","無障礙物","良好","無號誌","無號誌","無標記","未繪設車道線","快慢車道分隔線","有","路上翻車、摔倒","未注意車前狀態","Y000","YY00",1,2,2013-07-12,"伯玉路四段","","金門縣金湖鎮00077號路燈桿前","118.3798588","24.4470039"
10207,"","YYA1","10207YY000032",2013,7,19,20,30,"金門縣","金湖鎮","",NA,"","","",NA,"","","","","","塔后133號前路段",NA,NA,NA,NA,NA,NA,NA,NA,NA,0,0,0,"雨","夜間（或隧道、地下道、涵洞）無照明","村里道路",40,"直路","路肩、路緣","水泥","濕潤","無缺陷","無障礙物","良好","無號誌","無號誌","無分向設施","未繪設車道線","未繪設快慢車道分隔線","無","倒車撞","倒車未依規定","Y000","YY00",1,4,2013-07-19,"金門縣金湖鎮塔后133號前路段","","金門縣金湖鎮塔后133號前路段","118.4101054","24.4411037"
10207,"","YYA1","10207YY000033",2013,7,20,0,5,"金門縣","金湖鎮","",NA,"環島北路","三","",NA,"","","","","","屠宰場路段柱0133路燈桿處",NA,NA,NA,NA,NA,NA,NA,NA,NA,0,0,0,"雨",NA,NA,60,NA,NA,NA,NA,NA,NA,NA,NA,NA,NA,NA,NA,NA,NA,NA,"Y000","YY00",1,4,2013-07-20,"環島北路三段","","金門縣金湖鎮屠宰場路段柱0133路燈桿處","118.388325","24.466263"
10207,"10207Y00020011","YYA1","10207YY000034",2013,7,21,12,30,"金門縣","金湖鎮","",NA,"伯玉路","四","",NA,"","","","","","00007路燈近小徑圓環",NA,NA,NA,NA,NA,NA,NA,NA,NA,0,2,0,"晴","日間自然光線","村里道路",70,"三岔路","快車道","柏油","乾燥","無缺陷","無障礙物","良好","無號誌","無號誌","無標記","未繪設車道線","快慢車道分隔線","有","側撞","左轉彎未依規定","Y000","YY00",1,2,2013-07-21,"伯玉路四段","","金門縣金湖鎮00007路燈近小徑圓環","118.3798588","24.4470039"
10207,"","YYA1","10207YY000040",2013,7,16,19,56,"金門縣","金沙鎮","",NA,"","","",NA,"","","","","","斗號里公所至環島北路路段",NA,NA,NA,NA,NA,NA,NA,NA,NA,0,0,0,"晴",NA,NA,40,NA,NA,NA,NA,NA,NA,NA,NA,NA,NA,NA,NA,NA,NA,NA,"Y000","YY00",1,4,2013-07-16,"金門縣金沙鎮斗號里公所至環島北路路段","","金門縣金沙鎮斗號里公所至環島北路路段","118.322662","24.441264"
10207,"10207Y00020016","YYA1","10207YY000042",2013,7,25,3,10,"金門縣","金沙鎮","",NA,"環島東路","二","",NA,"","","","","","0290號路燈桿路段",NA,NA,NA,NA,NA,NA,NA,NA,NA,0,1,0,"晴","夜間（或隧道、地下道、涵洞）有照明","村里道路",60,"直路","路肩、路緣","柏油","乾燥","無缺陷","無障礙物","其他","無號誌","無號誌","無標記","未繪設車道線","未繪設快慢車道分隔線","有","衝出路外","未注意車前狀態","Y000","YY00",1,2,2013-07-25,"環島東路二段","","金門縣金沙鎮0290號路燈桿路段","118.4328094","24.4713308"
10207,"10207Y00020017","YYA1","10207YY000044",2013,7,26,12,42,"金門縣","金沙鎮","",NA,"高陽路","","",NA,"","","","","","高陽路斗門路口處",NA,NA,NA,NA,NA,NA,NA,NA,NA,0,1,0,"晴","日間自然光線","村里道路",60,"四岔路","交岔路口內","柏油","乾燥","無缺陷","無障礙物","良好","無號誌","無號誌","無分向設施","未繪設車道線","未繪設快慢車道分隔線","有","撞護欄（樁）","未注意車前狀態","Y000","YY00",1,2,2013-07-26,"高陽路","","金門縣金沙鎮高陽路斗門路口處","118.4078483","24.4727311"
10207,"10207Y00020018","YYA1","10207YY000045",2013,7,27,6,8,"金門縣","金湖鎮","",NA,"太湖路","一","",NA,"","","","","","阿滿姨檳榔攤附近",NA,NA,NA,NA,NA,NA,NA,NA,NA,0,1,0,"晴","日間自然光線","村里道路",50,"直路","路肩、路緣","柏油","乾燥","無缺陷","無障礙物","良好","無號誌","無號誌","無標記","未繪設車道線","未繪設快慢車道分隔線","有","同向通行中","未注意車前狀態","Y000","YY00",1,2,2013-07-27,"太湖路一段","","金門縣金湖鎮阿滿姨檳榔攤附近","118.4047483","24.4473343"
10207,"","YYA1","10207YY000046",2013,7,26,16,28,"金門縣","金沙鎮","",NA,"沙青路","","",NA,"","","","","","01984路燈近官澳村莊",NA,NA,NA,NA,NA,NA,NA,NA,NA,0,0,0,"晴","日間自然光線","村里道路",60,"三岔路","交岔路口內","柏油","乾燥","無缺陷","無障礙物","良好","無號誌","無號誌","無分向設施","未繪設車道線","未繪設快慢車道分隔線","有","側撞","未依規定讓車","Y000","YY00",1,4,2013-07-26,"沙青路","","金門縣金沙鎮01984路燈近官澳村莊","118.4130838","24.5066188"
10207,"","YYA1","10207YY000047",2013,7,26,16,52,"金門縣","金湖鎮","新湖里",NA,"環島南路","五","",NA,"","","前港路","","","路口",NA,NA,NA,NA,NA,NA,NA,NA,NA,0,0,0,"晴","日間自然光線","村里道路",40,"三岔路","交岔口附近","柏油","乾燥","突出（高低）不平","道路工事（程）中","良好","無號誌","無號誌","無分向設施","未繪設車道線","未繪設快慢車道分隔線","有","撞工程施工","其他引起事故之疏失或行為","Y000","YY00",1,4,2013-07-26,"環島南路五段","前港路","","118.4149742","24.43469901"
10207,"10207Y00020039","YYA1","10207YY000049",2013,7,28,0,31,"金門縣","金湖鎮","",NA,"伯玉路","四","",NA,"","","","","","總鑫太陽能店家前路段",NA,NA,NA,NA,NA,NA,NA,NA,NA,0,1,0,"晴","夜間（或隧道、地下道、涵洞）有照明","村里道路",70,"直路","一般車道（未劃分快慢車道）","柏油","乾燥","無缺陷","無障礙物","良好","無號誌","無號誌","無標記","未繪設車道線","快慢車道分隔線","有","路上翻車、摔倒","酒醉（後）駕駛失控","Y000","YY00",1,2,2013-07-28,"伯玉路四段","","金門縣金湖鎮總鑫太陽能店家前路段","118.3798588","24.4470039"
10207,"10207Y00030002","YYA1","10207YY000050",2013,7,29,9,16,"金門縣","金湖鎮","",NA,"中山路","","",NA,"","","","","","尚義機場航廈前",NA,NA,NA,NA,NA,NA,NA,NA,NA,0,0,0,"晴","日間自然光線","專用道路",50,"直路","一般車道（未劃分快慢車道）","水泥","乾燥","無缺陷","無障礙物","良好","無號誌","無號誌","無分向設施","車道線（無標記）","未繪設快慢車道分隔線","有","側撞","起步未注意其他車（人）安全","Y000","YY00",1,3,2013-07-29,"中山路","","金門縣金湖鎮尚義機場航廈前","118.364975","24.4413821"
10207,"10207Y00020021","YYA1","10207YY000052",2013,7,30,7,5,"金門縣","金沙鎮","汶沙里",NA,"","","",NA,"","","","","","忠孝新村511號旁路口",NA,NA,NA,NA,NA,NA,NA,NA,NA,0,1,0,"晴","日間自然光線","村里道路",40,"四岔路","交岔路口內","其他鋪裝","乾燥","無缺陷","無障礙物","建築物","無號誌","無號誌","無分向設施","未繪設車道線","未繪設快慢車道分隔線","無","路口交岔撞","未依規定讓車","Y000","YY00",1,2,2013-07-30,"金門縣金沙鎮汶沙里忠孝新村511號旁路口","","金門縣金沙鎮汶沙里忠孝新村511號旁路口","118.413013","24.493643"
10207,"10207Y00030003","YYA1","10207YY000054",2013,7,31,7,49,"金門縣","金湖鎮","",NA,"環島北路","三","",NA,"","","","","","0131路燈前",NA,NA,NA,NA,NA,NA,NA,NA,NA,0,0,0,"晴","日間自然光線","村里道路",60,"直路","一般車道（未劃分快慢車道）","柏油","乾燥","無缺陷","無障礙物","良好","無號誌","無號誌","無標記","未繪設車道線","未繪設快慢車道分隔線","有","追撞","違規超車","Y000","YY00",1,3,2013-07-31,"環島北路三段","","金門縣金湖鎮0131路燈前","118.388325","24.466263"
10207,"10207Y00020023","YYA1","10207YY000056",2013,7,31,15,58,"金門縣","金湖鎮","",NA,"","","",NA,"","","","","","金門航空站航廈前路段",NA,NA,NA,NA,NA,NA,NA,NA,NA,0,1,0,"晴","日間自然光線","村里道路",50,"直路","一般車道（未劃分快慢車道）","柏油","乾燥","無缺陷","無障礙物","良好","無號誌","無號誌","無標記","車道線（無標記）","未繪設快慢車道分隔線","無","穿越道路中","未依規定行走行人穿越道、地下道、天橋而穿越道路","Y000","YY00",1,2,2013-07-31,"金門縣金湖鎮金門航空站航廈前路段","","金門縣金湖鎮金門航空站航廈前路段","118.3634816","24.4311257"
10207,"10207Y00020041","YYA1","10207YY000058",2013,7,31,9,50,"金門縣","金湖鎮","",NA,"中興路","","",NA,"16","","","","","",NA,NA,NA,NA,NA,NA,NA,NA,NA,0,1,0,"晴","日間自然光線","村里道路",50,"直路","一般車道（未劃分快慢車道）","柏油","乾燥","無缺陷","路上有停車","良好","無號誌","無號誌","無分向設施","未繪設車道線","未繪設快慢車道分隔線","有","其他","未注意車前狀態","Y000","YY00",1,2,2013-07-31,"中興路16號","","金門縣金湖鎮","118.4152504","24.4408064"
10207,"","YZA1","10207YZ000001",2013,7,1,8,35,"金門縣","金城鎮","",NA,"西海路","三","72",1,"7","","","","","",NA,NA,NA,NA,NA,NA,NA,NA,NA,0,0,0,"晴",NA,NA,40,NA,NA,NA,NA,NA,NA,NA,NA,NA,NA,NA,NA,NA,NA,NA,"Y000","YZ00",1,4,2013-07-01,"西海路三段72巷1弄7號","","金門縣金城鎮","118.3124964","24.4226194"
10207,"10207Y00020001","YZA1","10207YZ000002",2013,7,1,7,16,"金門縣","烈嶼鄉","",NA,"","","",NA,"","","","","","海濱公園路段09682號路燈桿附近",NA,NA,NA,NA,NA,NA,NA,NA,NA,0,2,0,"晴","日間自然光線","村里道路",40,"直路","一般車道（未劃分快慢車道）","柏油","乾燥","無缺陷","無障礙物","良好","無號誌","無號誌","無標記","未繪設車道線","未繪設快慢車道分隔線","有","其他","未注意車前狀態","Y000","YZ00",1,2,2013-07-01,"金門縣烈嶼鄉海濱公園路段09682號路燈桿附近","","金門縣烈嶼鄉海濱公園路段09682號路燈桿附近","118.4000276","24.4435686"
10207,"10207Y00020002","YZA1","10207YZ000004",2013,7,2,16,20,"金門縣","金城鎮","",NA,"環島西路","一","",NA,"","","","","","金山路口",NA,NA,NA,NA,NA,NA,NA,NA,NA,0,3,0,"晴","日間自然光線","村里道路",40,"三岔路","交岔路口內","柏油","乾燥","無缺陷","無障礙物","良好","無號誌","無號誌","無分向設施","未繪設車道線","未繪設快慢車道分隔線","有","側撞","未依規定讓車","Y000","YZ00",1,2,2013-07-02,"環島西路一段","","金門縣金城鎮金山路口","118.3184801","24.4172073"
10207,"10207Y00020003","YZA1","10207YZ000005",2013,7,3,7,59,"金門縣","金寧鄉","",NA,"桃園路","","",NA,"","","","","","金門酒廠警衛室前路段",NA,NA,NA,NA,NA,NA,NA,NA,NA,0,1,0,"晴","日間自然光線","村里道路",50,"三岔路","交岔路口內","柏油","乾燥","無缺陷","無障礙物","良好","行車管制號誌","正常","無分向設施","未繪設車道線","未繪設快慢車道分隔線","有","側撞","未依規定讓車","Y000","YZ00",1,2,2013-07-03,"桃園路","","金門縣金寧鄉金門酒廠警衛室前路段","118.3446627","24.4317794"
10207,"10207Y00020004","YZA1","10207YZ000006",2013,7,3,13,10,"金門縣","金城鎮","",NA,"環島西路","一","",NA,"","","","","","賢城路口",NA,NA,NA,NA,NA,NA,NA,NA,NA,0,1,0,"晴","日間自然光線","村里道路",40,"四岔路","交岔路口內","柏油","乾燥","無缺陷","無障礙物","良好","閃光號誌","正常","無分向設施","未繪設車道線","未繪設快慢車道分隔線","有","路口交岔撞","未依規定讓車","Y000","YZ00",1,2,2013-07-03,"環島西路一段","","金門縣金城鎮賢城路口","118.3184801","24.4172073"
10207,"10207Y00020025","YZA1","10207YZ000007",2013,7,3,13,40,"金門縣","金寧鄉","",NA,"伯玉路","二","680",NA,"212","","","","","",NA,NA,NA,NA,NA,NA,NA,NA,NA,0,1,0,"晴","日間自然光線","村里道路",40,"直路","一般車道（未劃分快慢車道）","柏油","乾燥","無缺陷","無障礙物","良好","無號誌","無號誌","無分向設施","未繪設車道線","未繪設快慢車道分隔線","有","其他","起步未注意其他車（人）安全","Y000","YZ00",1,2,2013-07-03,"伯玉路二段680巷212號","","金門縣金寧鄉","118.3437237","24.4437698"
10207,"10207Y00020026","YZA1","10207YZ000008",2013,7,3,17,0,"金門縣","金寧鄉","",NA,"環島北路","一","",NA,"","","大學路","","","",NA,NA,NA,NA,NA,NA,NA,NA,NA,0,1,0,"晴","日間自然光線","村里道路",60,"三岔路","交岔口附近","柏油","乾燥","無缺陷","無障礙物","良好","行車管制號誌","正常","附標記","未繪設車道線","未繪設快慢車道分隔線","有","追撞","未保持行車安全距離","Y000","YZ00",1,2,2013-07-03,"環島北路一段","大學路","","118.326867","24.44495544"
10207,"10207Y00020029","YZA1","10207YZ000011",2013,7,7,10,30,"金門縣","金城鎮","北門里",NA,"民生路","","",NA,"34","","","","","",NA,NA,NA,NA,NA,NA,NA,NA,NA,0,2,0,"晴","日間自然光線","鄉道",40,"三岔路","交岔口附近","柏油","乾燥","無缺陷","無障礙物","良好","無號誌","無號誌","附標記","未繪設車道線","快慢車道分隔線","有","其他","未注意車前狀態","Y000","YZ00",NA,NA,2013-07-07,"民生路34號","","金門縣金城鎮北門里","118.3190184","24.43575"
10207,"10207Y00030004","YZA1","10207YZ000019",2013,7,10,9,59,"金門縣","金城鎮","",NA,"環島西路","一","",NA,"","","","","","靠近北堤路口",NA,NA,NA,NA,NA,NA,NA,NA,NA,0,0,0,"晴","日間自然光線","村里道路",40,"四岔路","交岔口附近","柏油","乾燥","無缺陷","無障礙物","良好","無號誌","無號誌","無標記","未繪設車道線","未繪設快慢車道分隔線","有","追撞","未保持行車安全距離","Y000","YZ00",1,3,2013-07-10,"環島西路一段","","金門縣金城鎮靠近北堤路口","118.3184801","24.4172073"
10207,"10207Y00020034","YZA1","10207YZ000020",2013,7,10,21,46,"金門縣","金城鎮","西門里",NA,"民生路","","",NA,"","","民權路","","","",NA,NA,NA,NA,NA,NA,NA,NA,NA,0,1,0,"晴","夜間（或隧道、地下道、涵洞）有照明","村里道路",40,"四岔路","交岔路口內","柏油","乾燥","無缺陷","無障礙物","良好","閃光號誌","正常","無分向設施","未繪設車道線","未繪設快慢車道分隔線","有","側撞","未依規定讓車","Y000","YZ00",1,2,2013-07-10,"民生路","民權路","","118.318387","24.437086"
10207,"10207Y00020035","YZA1","10207YZ000021",2013,7,11,14,16,"金門縣","金城鎮","",NA,"珠浦北路","","",NA,"38","","","","","中正國小大門前",NA,NA,NA,NA,NA,NA,NA,NA,NA,0,1,0,"晴","日間自然光線","村里道路",40,"直路","一般車道（未劃分快慢車道）","柏油","乾燥","無缺陷","無障礙物","良好","無號誌","無號誌","附標記","未繪設車道線","未繪設快慢車道分隔線","有","其他","開啟車門不當而肇事","Y000","YZ00",1,2,2013-07-11,"珠浦北路38號","","金門縣金城鎮中正國小大門前","118.316849","24.434284"
10207,"","YZA1","10207YZ000022",2013,7,11,14,30,"金門縣","金寧鄉","",NA,"瓊安路","","",NA,"","","","","","安岐路段07436號路燈桿旁",NA,NA,NA,NA,NA,NA,NA,NA,NA,0,0,0,"晴",NA,NA,40,NA,NA,NA,NA,NA,NA,NA,NA,NA,NA,NA,NA,NA,NA,NA,"Y000","YZ00",1,4,2013-07-11,"瓊安路","","金門縣金寧鄉安岐路段07436號路燈桿旁","118.343873","24.4603508"
10207,"10207Y00020033","YZA1","10207YZ000025",2013,7,10,7,40,"金門縣","金寧鄉","",NA,"瓊安路","","",NA,"嚨口80","","","","","路口",NA,NA,NA,NA,NA,NA,NA,NA,NA,0,1,0,"晴","日間自然光線","村里道路",50,"四岔路","交岔路口內","柏油","乾燥","無缺陷","無障礙物","良好","無號誌","無號誌","無分向設施","未繪設車道線","未繪設快慢車道分隔線","有","路口交岔撞","未依規定讓車","Y000","YZ00",1,2,2013-07-10,"金門縣金寧鄉嚨口80號","","金門縣金寧鄉路口","118.3523516","24.463443"
10207,"10207Y00020037","YZA1","10207YZ000026",2013,7,12,16,10,"金門縣","金寧鄉","",NA,"環島西路","二","",NA,"","","","","","東坑往西浦頭路段0862號路燈桿",NA,NA,NA,NA,NA,NA,NA,NA,NA,0,1,0,"晴","日間自然光線","村里道路",40,"彎曲路及附近","一般車道（未劃分快慢車道）","柏油","乾燥","無缺陷","無障礙物","良好","無號誌","無號誌","附標記","未繪設車道線","未繪設快慢車道分隔線","有","撞路樹、電桿","未依規定減速","Y000","YZ00",1,2,2013-07-12,"環島西路二段","","金門縣金寧鄉東坑往西浦頭路段0862號路燈桿","118.3148723","24.4566699"
10207,"10207Y00020007","YZA1","10207YZ000027",2013,7,14,17,0,"金門縣","金城鎮","東門里",NA,"伯玉路","一","",NA,"15","","","","","",NA,NA,NA,NA,NA,NA,NA,NA,NA,0,1,0,"晴","日間自然光線","村里道路",50,"直路","一般車道（未劃分快慢車道）","柏油","乾燥","無缺陷","無障礙物","良好","無號誌","無號誌","附標記","未繪設車道線","快慢車道分隔線","有","其他","左轉彎未依規定","Y000","YZ00",1,2,2013-07-14,"伯玉路一段15號","","金門縣金城鎮東門里","118.3267756","24.4346914"
10207,"10207Y00020008","YZA1","10207YZ000028",2013,7,15,17,46,"金門縣","金城鎮","東門里",NA,"伯玉路","一","",NA,"","","桃園路","","","",NA,NA,NA,NA,NA,NA,NA,NA,NA,0,1,0,"陰","日間自然光線","縣道",60,"四岔路","交岔路口內","柏油","乾燥","無缺陷","無障礙物","良好","行車管制號誌","正常","無分向設施","未繪設車道線","未繪設快慢車道分隔線","有","側撞","未注意車前狀態","Y000","YZ00",1,2,2013-07-15,"伯玉路一段","桃園路","","118.3245732","24.4324356"
10207,"10207Y00020009","YZA1","10207YZ000029",2013,7,16,11,30,"金門縣","烈嶼鄉","",NA,"","","",NA,"","","","","","西宅忠仁亭前路段",NA,NA,NA,NA,NA,NA,NA,NA,NA,0,2,0,"雨","日間自然光線","村里道路",40,"四岔路","交岔路口內","柏油","濕潤","無缺陷","其他障礙物","良好","無號誌","無號誌","無分向設施","未繪設車道線","未繪設快慢車道分隔線","有","路口交岔撞","未依規定讓車","Y000","YZ00",1,2,2013-07-16,"金門縣烈嶼鄉西宅忠仁亭前路段","","金門縣烈嶼鄉西宅忠仁亭前路段","118.248416","24.428949"
10207,"","YZA1","10207YZ000030",2013,7,16,18,7,"金門縣","金城鎮","北門里",NA,"民生路","","",NA,"","","中興路","","","",NA,NA,NA,NA,NA,NA,NA,NA,NA,0,0,0,NA,NA,NA,0,NA,NA,NA,NA,NA,NA,NA,NA,NA,NA,NA,NA,NA,NA,NA,"Y000","YZ00",1,4,2013-07-16,"民生路","中興路","","118.319696","24.43433386"
10207,"10207Y00020010","YZA1","10207YZ000031",2013,7,19,8,7,"金門縣","金城鎮","西門里",NA,"民權路","","",NA,"","","環島西路","二","","",NA,NA,NA,NA,NA,NA,NA,NA,NA,0,2,0,"晴","日間自然光線","村里道路",40,"四岔路","交岔路口內","柏油","濕潤","無缺陷","無障礙物","良好","行車管制號誌","正常","無分向設施","未繪設車道線","未繪設快慢車道分隔線","有","追撞","未注意車前狀態","Y000","YZ00",1,2,2013-07-19,"民權路","環島西路二段","","118.3210727","24.4399025"
10207,"10207Y00020013","YZA1","10207YZ000035",2013,7,21,20,0,"金門縣","金寧鄉","",NA,"伯玉路","一","",NA,"","","","","","00213號燈桿前路段",NA,NA,NA,NA,NA,NA,NA,NA,NA,0,1,0,"晴","夜間（或隧道、地下道、涵洞）有照明","縣道",70,"直路","慢車道","柏油","乾燥","無缺陷","無障礙物","良好","無號誌","無號誌","無標記","未繪設車道線","快慢車道分隔線","有","追撞","酒醉（後）駕駛失控","Y000","YZ00",1,2,2013-07-21,"伯玉路一段","","金門縣金寧鄉00213號燈桿前路段","118.3267756","24.4346914"
10207,"10207Y00020012","YZA1","10207YZ000036",2013,7,21,13,43,"金門縣","金寧鄉","安美里",NA,"瓊安路","","",NA,"","","","","","西堡段07429號燈桿",NA,NA,NA,NA,NA,NA,NA,NA,NA,0,1,0,"晴","日間自然光線","村里道路",50,"直路","一般車道（未劃分快慢車道）","柏油","乾燥","無缺陷","無障礙物","良好","無號誌","無號誌","無標記","未繪設車道線","未繪設快慢車道分隔線","有","撞路樹、電桿","未注意車前狀態","Y000","YZ00",1,2,2013-07-21,"瓊安路","","金門縣金寧鄉安美里西堡段07429號燈桿","118.343873","24.4603508"
10207,"10207Y00020015","YZA1","10207YZ000037",2013,7,22,18,10,"金門縣","金寧鄉","榜林村",NA,"伯玉路","二","",NA,"","","","","","00200號路燈桿前",NA,NA,NA,NA,NA,NA,NA,NA,NA,0,1,0,"晴","日間自然光線","縣道",60,"直路","一般車道（未劃分快慢車道）","柏油","乾燥","無缺陷","無障礙物","良好","無號誌","無號誌","附標記","未繪設車道線","快慢車道分隔線","有","追撞","未保持行車安全距離","Y000","YZ00",1,2,2013-07-22,"伯玉路二段","","金門縣金寧鄉榜林村00200號路燈桿前","118.3416148","24.4414563"
10207,"10207Y00020014","YZA1","10207YZ000038",2013,7,22,8,30,"金門縣","金寧鄉","榜林村",NA,"環島南路","","",NA,"","","","","","中心教練場0709號燈桿",NA,NA,NA,NA,NA,NA,NA,NA,NA,0,1,0,"晴","日間自然光線","村里道路",50,"直路","一般車道（未劃分快慢車道）","柏油","乾燥","無缺陷","無障礙物","良好","無號誌","無號誌","無標記","未繪設車道線","未繪設快慢車道分隔線","有","側撞","迴轉未依規定","Y000","YZ00",1,2,2013-07-22,"環島南路","","金門縣金寧鄉榜林村中心教練場0709號燈桿","118.3757827","24.4398961"
10207,"","YZA1","10207YZ000039",2013,7,24,13,3,"金門縣","金城鎮","",NA,"環島北路","一","38",2,"11","","","","","旁十字路口",NA,NA,NA,NA,NA,NA,NA,NA,NA,0,0,0,"晴",NA,NA,40,NA,NA,NA,NA,NA,NA,NA,NA,NA,NA,NA,NA,NA,NA,NA,"Y000","YZ00",1,4,2013-07-24,"環島北路一段38巷2弄11號","","金門縣金城鎮旁十字路口","118.3283226","24.4462231"
10207,"10207Y00030001","YZA1","10207YZ000041",2013,7,24,15,5,"金門縣","金城鎮","",NA,"","","",NA,"","","","","","珠山14之1號",NA,NA,NA,NA,NA,NA,NA,NA,NA,0,0,0,"晴","日間自然光線","村里道路",30,"巷弄","一般車道（未劃分快慢車道）","其他鋪裝","乾燥","無缺陷","路上有停車","良好","無號誌","無號誌","無分向設施","未繪設車道線","未繪設快慢車道分隔線","無","其他","違規停車或暫停不當而肇事","Y000","YZ00",1,3,2013-07-24,"金門縣金城鎮珠山14之1號","","金門縣金城鎮珠山14之1號","118.3166667","24.4166667"
10207,"","YZA1","10207YZ000043",2013,7,26,11,30,"金門縣","金城鎮","古城里",NA,"","","",NA,"83之4號","","","","","",NA,NA,NA,NA,NA,NA,NA,NA,NA,0,0,0,NA,NA,NA,0,NA,NA,NA,NA,NA,NA,NA,NA,NA,NA,NA,NA,NA,NA,NA,"Y000","YZ00",1,4,2013-07-26,"金門縣金城鎮古城里83-4號號","","金門縣金城鎮古城里","118.3166667","24.4166667"
10207,"10207Y00020019","YZA1","10207YZ000048",2013,7,27,16,47,"金門縣","金城鎮","",NA,"","","",NA,"","","","","","延平路03921號燈桿前路口",NA,NA,NA,NA,NA,NA,NA,NA,NA,0,2,0,"晴","日間自然光線","村里道路",40,"四岔路","交岔路口內","柏油","乾燥","無缺陷","無障礙物","良好","無號誌","無號誌","無分向設施","未繪設車道線","未繪設快慢車道分隔線","有","路口交岔撞","未依規定讓車","Y000","YZ00",1,2,2013-07-27,"金門縣金城鎮延平路03921號燈桿前路口","","金門縣金城鎮延平路03921號燈桿前路口","118.304405","24.424809"
10207,"10207Y00020020","YZA1","10207YZ000051",2013,7,29,16,10,"金門縣","金寧鄉","",NA,"大學路","","53",NA,"1","","","","","",NA,NA,NA,NA,NA,NA,NA,NA,NA,0,1,0,"晴","日間自然光線","村里道路",40,"直路","一般車道（未劃分快慢車道）","水泥","乾燥","無缺陷","其他障礙物","良好","無號誌","無號誌","無分向設施","未繪設車道線","未繪設快慢車道分隔線","無","路上翻車、摔倒","未注意車前狀態","Y000","YZ00",1,2,2013-07-29,"大學路53巷1號","","金門縣金寧鄉","118.325279","24.4466751"
10207,"10207Y00010001","YZA1","10207YZ000053",2013,7,30,19,45,"金門縣","烈嶼鄉","",NA,"","","",NA,"","","","","","消防分隊往前埔09370號路燈桿前路段",NA,NA,NA,NA,NA,NA,NA,NA,NA,1,0,0,"晴","夜間（或隧道、地下道、涵洞）有照明","村里道路",40,"直路","一般車道（未劃分快慢車道）","柏油","乾燥","無缺陷","無障礙物","良好","無號誌","無號誌","無標記","未繪設車道線","未繪設快慢車道分隔線","有","其他","未注意車前狀態","Y000","YZ00",1,1,2013-07-30,"金門縣烈嶼鄉消防分隊往前埔09370號路燈桿前路段","","金門縣烈嶼鄉消防分隊往前埔09370號路燈桿前路段","118.2351552","24.428221"
10207,"10207Y00020040","YZA1","10207YZ000055",2013,7,28,15,15,"金門縣","金寧鄉","",NA,"環島西路","二","",NA,"","","","","","埔後03285號燈桿前",NA,NA,NA,NA,NA,NA,NA,NA,NA,0,2,0,"晴","日間自然光線","村里道路",50,"四岔路","交岔路口內","柏油","乾燥","無缺陷","無障礙物","良好","無號誌","無號誌","無分向設施","未繪設車道線","未繪設快慢車道分隔線","無","路口交岔撞","未依規定讓車","Y000","YZ00",NA,NA,2013-07-28,"環島西路二段","","金門縣金寧鄉埔後03285號燈桿前","118.3148723","24.4566699"
10207,"10207Y00020042","YZA1","10207YZ000057",2013,7,31,11,40,"金門縣","金寧鄉","",NA,"頂林路","","",NA,"","","","","","07550號燈桿前",NA,NA,NA,NA,NA,NA,NA,NA,NA,0,1,0,"晴","日間自然光線","村里道路",50,"四岔路","交岔口附近","柏油","乾燥","無缺陷","無障礙物","良好","無號誌","無號誌","無標記","未繪設車道線","未繪設快慢車道分隔線","有","撞路樹、電桿","酒醉（後）駕駛失控","Y000","YZ00",1,2,2013-07-31,"頂林路","","金門縣金寧鄉07550號燈桿前","118.3246113","24.4625018"
10207,"10207Y00020038","YZA1","10207YZ000059",2013,7,26,23,40,"金門縣","金城鎮","賢庵里",NA,"西海路","三","",NA,"","","","","","浯江飯店旁03696號燈桿",NA,NA,NA,NA,NA,NA,NA,NA,NA,0,1,0,"晴","夜間（或隧道、地下道、涵洞）有照明","鄉道",50,"彎曲路及附近","一般車道（未劃分快慢車道）","柏油","乾燥","無缺陷","無障礙物","良好","無號誌","無號誌","附標記","未繪設車道線","未繪設快慢車道分隔線","有","衝出路外","酒醉（後）駕駛失控","Y000","YZ00",1,2,2013-07-26,"西海路三段","","金門縣金城鎮賢庵里浯江飯店旁03696號燈桿","118.3124964","24.4226194"
10207,"10207Y00020022","YZA1","10207YZ000060",2013,7,30,18,25,"金門縣","金寧鄉","榜林村",NA,"伯玉路","一","",NA,"232-4","","","","","",NA,NA,NA,NA,NA,NA,NA,NA,NA,0,2,0,"晴","夜間（或隧道、地下道、涵洞）有照明","鄉道",60,"四岔路","交岔口附近","柏油","乾燥","無缺陷","無障礙物","良好","閃光號誌","正常","附標記","未繪設車道線","快慢車道分隔線","有","追撞","未保持行車安全距離","Y000","YZ00",1,2,2013-07-30,"伯玉路一段232-4號","","金門縣金寧鄉榜林村","118.3267756","24.4346914"