"年月","總編號","處理單位","處理編號","年","月","日","時","分","縣市","區","村里","鄰","街道","段","巷","弄","號","公尺處","街道.1","段.1","側","附近","道路","公里","公尺處.1","向","車道","平交道","公里.1","公尺處.2","附近.1","死","受傷","X2.30","天候","光線","道路類別","速限","道路型態","事故位置","路面鋪裝","路面狀態","路面缺陷","障礙物","視距","號誌種類","號誌動作","分向設施","快車道或一般車道間","快慢車道間","路面邊線","事故類型及型態","主要肇因","警局","分局","案件類別","事故類別","日期","道路1","道路2","概略位置","lon","lat"
10208,"10208Y00030001","YYA1","10208YY000001",2013,8,1,9,27,"金門縣","金湖鎮","",NA,"","","",NA,"","","","","","尚義機場貨運站第7停車格",NA,NA,NA,NA,NA,NA,NA,NA,NA,0,0,0,"晴","日間自然光線","專用道路",40,"其他","其他","水泥","乾燥","無缺陷","無障礙物","良好","無號誌","無號誌","無分向設施","未繪設車道線","未繪設快慢車道分隔線","無","倒車撞","倒車未依規定","Y000","YY00",1,3,2013-08-01,"金門縣金湖鎮尚義機場貨運站第7停車格","","金門縣金湖鎮尚義機場貨運站第7停車格","118.376631","24.437699"
10208,"","YYA1","10208YY000004",2013,8,2,7,32,"金門縣","金湖鎮","",NA,"環島南路","","",NA,"","","","","","塔后段2號前",NA,NA,NA,NA,NA,NA,NA,NA,NA,0,0,0,NA,NA,NA,0,NA,NA,NA,NA,NA,NA,NA,NA,NA,NA,NA,NA,NA,NA,NA,"Y000","YY00",1,4,2013-08-02,"環島南路","","金門縣金湖鎮塔后段2號前","118.3757827","24.4398961"
10208,"","YYA1","10208YY000007",2013,8,5,17,5,"金門縣","金沙鎮","",NA,"","","",NA,"","","","","","獅山砲陣地停車場",NA,NA,NA,NA,NA,NA,NA,NA,NA,0,0,0,"晴","日間自然光線","其他",40,"其他","其他","無鋪裝","乾燥","無缺陷","無障礙物","良好","閃光號誌","無號誌","無分向設施","未繪設車道線","未繪設快慢車道分隔線","無","其他","未注意車前狀態","Y000","YY00",1,4,2013-08-05,"金門縣金沙鎮獅山砲陣地停車場","","金門縣金沙鎮獅山砲陣地停車場","118.436121","24.5051831"
10208,"","YYA1","10208YY000017",2013,8,10,9,26,"金門縣","金湖鎮","山外里",NA,"光武路","","",NA,"27","","","","","",NA,NA,NA,NA,NA,NA,NA,NA,NA,0,0,0,"晴","日間自然光線","村里道路",40,"直路","一般車道（未劃分快慢車道）","柏油","乾燥","無缺陷","無障礙物","良好","無號誌","無號誌","無分向設施","未繪設車道線","未繪設快慢車道分隔線","有","倒車撞","其他引起事故之故障","Y000","YY00",1,4,2013-08-10,"光武路27號","","金門縣金湖鎮山外里","118.4281481","24.4509306"
10208,"","YYA1","10208YY000018",2013,8,10,17,8,"金門縣","金沙鎮","",NA,"環島東路","一","",NA,"","","","","","金沙國小前路段",NA,NA,NA,NA,NA,NA,NA,NA,NA,0,0,0,NA,NA,NA,0,NA,NA,NA,NA,NA,NA,NA,NA,NA,NA,NA,NA,NA,NA,NA,"Y000","YY00",1,4,2013-08-10,"環島東路一段","","金門縣金沙鎮金沙國小前路段","118.4213083","24.4841071"
10208,"10208Y00020015","YYA1","10208YY000020",2013,8,11,15,46,"金門縣","金沙鎮","光前里",NA,"環島東路","二","",NA,"","","","","","玉章路路口",NA,NA,NA,NA,NA,NA,NA,NA,NA,0,1,0,"晴","日間自然光線","村里道路",60,"三岔路","交岔路口內","柏油","乾燥","無缺陷","無障礙物","良好","無號誌","無號誌","無分向設施","未繪設車道線","未繪設快慢車道分隔線","有","側撞","迴轉未依規定","Y000","YY00",1,2,2013-08-11,"環島東路二段","","金門縣金沙鎮光前里玉章路路口","118.4328094","24.4713308"
10208,"10208Y00020017","YYA1","10208YY000022",2013,8,12,14,31,"金門縣","金湖鎮","新市里",NA,"中正路","","",NA,"","","","","","77號前路口",NA,NA,NA,NA,NA,NA,NA,NA,NA,0,1,0,"晴","日間自然光線","村里道路",40,"四岔路","交岔路口內","柏油","乾燥","無缺陷","無障礙物","建築物","無號誌","無號誌","無分向設施","未繪設車道線","未繪設快慢車道分隔線","有","路口交岔撞","未依規定讓車","Y000","YY00",1,2,2013-08-12,"中正路","","金門縣金湖鎮新市里77號前路口","118.4156249","24.4409009"
10208,"10208Y00020018","YYA1","10208YY000023",2013,8,12,15,34,"金門縣","金湖鎮","山外里",NA,"","","",NA,"","","","","","黃海路南機路路口",NA,NA,NA,NA,NA,NA,NA,NA,NA,0,1,0,"晴","日間自然光線","村里道路",60,"三岔路","交岔路口內","柏油","乾燥","無缺陷","無障礙物","良好","無號誌","無號誌","無分向設施","未繪設車道線","未繪設快慢車道分隔線","有","路上翻車、摔倒","左轉彎未依規定","Y000","YY00",1,2,2013-08-12,"金門縣金湖鎮山外里黃海路南機路路口","","金門縣金湖鎮山外里黃海路南機路路口","118.43907","24.4451895"
10208,"10208Y00020019","YYA1","10208YY000024",2013,8,13,11,45,"金門縣","金湖鎮","",NA,"金港路","","",NA,"","","","","","媽祖公園路口",NA,NA,NA,NA,NA,NA,NA,NA,NA,0,2,0,"晴","日間自然光線","村里道路",40,"四岔路","交岔路口內","柏油","乾燥","無缺陷","無障礙物","良好","無號誌","無號誌","無分向設施","未繪設車道線","未繪設快慢車道分隔線","有","路口交岔撞","未依規定讓車","Y000","YY00",1,2,2013-08-13,"金港路","","金門縣金湖鎮媽祖公園路口","118.4341546","24.4172342"
10208,"","YYA1","10208YY000025",2013,8,13,22,39,"金門縣","金湖鎮","",NA,"黃海路","","",NA,"","","","","","公車站",NA,NA,NA,NA,NA,NA,NA,NA,NA,0,0,0,NA,NA,NA,0,NA,NA,NA,NA,NA,NA,NA,NA,NA,NA,NA,NA,NA,NA,NA,"Y000","YY00",1,4,2013-08-13,"黃海路","","金門縣金湖鎮公車站","118.4256931","24.452032"
10208,"","YYA1","10208YY000026",2013,8,14,7,50,"金門縣","金沙鎮","",NA,"","","",NA,"","","","","","忠孝新村53號旁巷口",NA,NA,NA,NA,NA,NA,NA,NA,NA,0,0,0,NA,NA,NA,0,NA,NA,NA,NA,NA,NA,NA,NA,NA,NA,NA,NA,NA,NA,NA,"Y000","YY00",1,4,2013-08-14,"金門縣金沙鎮忠孝新村53號旁巷口","","金門縣金沙鎮忠孝新村53號旁巷口","118.413013","24.493643"
10208,"","YYA1","10208YY000029",2013,8,17,16,30,"金門縣","金湖鎮","",NA,"士校路","","",NA,"1","","","","東","",NA,NA,NA,NA,NA,NA,NA,NA,NA,0,0,0,NA,NA,NA,0,NA,NA,NA,NA,NA,NA,NA,NA,NA,NA,NA,NA,NA,NA,NA,"Y000","YY00",1,4,2013-08-17,"士校路1號","","金門縣金湖鎮","118.4271704","24.4453138"
10208,"10208Y00020021","YYA1","10208YY000030",2013,8,18,17,40,"金門縣","金湖鎮","",NA,"市港路","","",NA,"","","","","","武德新莊第二路口",NA,NA,NA,NA,NA,NA,NA,NA,NA,0,1,0,"晴","日間自然光線","村里道路",50,"三岔路","交岔路口內","柏油","乾燥","無缺陷","無障礙物","良好","無號誌","無號誌","無分向設施","未繪設車道線","快慢車道分隔線","有","側撞","左轉彎未依規定","Y000","YY00",1,2,2013-08-18,"市港路","","金門縣金湖鎮武德新莊第二路口","118.4099121","24.4348324"
10208,"10208Y00020023","YYA1","10208YY000031",2013,8,19,7,45,"金門縣","金湖鎮","",NA,"伯玉路","三","",NA,"","","","","","永群畜牧所路口處",NA,NA,NA,NA,NA,NA,NA,NA,NA,0,1,0,"晴","日間自然光線","村里道路",70,"三岔路","交岔路口內","柏油","乾燥","無缺陷","無障礙物","良好","無號誌","無號誌","無標記","未繪設車道線","快慢車道分隔線","有","追撞","右轉彎未依規定","Y000","YY00",1,2,2013-08-19,"伯玉路三段","","金門縣金湖鎮永群畜牧所路口處","118.3646755","24.4460136"
10208,"","YYA1","10208YY000035",2013,8,20,11,37,"金門縣","金湖鎮","",NA,"經武路","","",NA,"","","瓊徑路","","","",NA,NA,NA,NA,NA,NA,NA,NA,NA,0,0,0,NA,NA,NA,0,NA,NA,NA,NA,NA,NA,NA,NA,NA,NA,NA,NA,NA,NA,NA,"Y000","YY00",1,4,2013-08-20,"經武路","瓊徑路","","118.3880485","24.44342822"
10208,"10208Y00020025","YYA1","10208YY000037",2013,8,23,8,8,"金門縣","金沙鎮","",NA,"環島東路","一","",NA,"","","","","","金莎大賣場前路口",NA,NA,NA,NA,NA,NA,NA,NA,NA,0,1,0,"陰","日間自然光線","村里道路",40,"三岔路","交岔路口內","柏油","乾燥","無缺陷","無障礙物","樹木、農作物","無號誌","無號誌","無分向設施","未繪設車道線","未繪設快慢車道分隔線","有","側撞","未依規定讓車","Y000","YY00",1,2,2013-08-23,"環島東路一段","","金門縣金沙鎮金莎大賣場前路口","118.4213083","24.4841071"
10208,"","YYA1","10208YY000038",2013,8,23,18,25,"金門縣","金湖鎮","正義里",NA,"環島南路","四","",NA,"","","","","","夏興候車亭前往湖前方向",NA,NA,NA,NA,NA,NA,NA,NA,NA,0,1,0,"雨","日間自然光線","村里道路",50,"直路","慢車道","柏油","濕潤","無缺陷","無障礙物","良好","無號誌","無號誌","無標記","未繪設車道線","快慢車道分隔線","有","側撞","未依規定讓車","Y000","YY00",3,2,2013-08-23,"環島南路四段","","金門縣金湖鎮正義里夏興候車亭前往湖前方向","118.40101","24.438041"
10208,"10208Y00020045","YYA1","10208YY000039",2013,8,24,14,56,"金門縣","金沙鎮","",NA,"","","",NA,"","","","","","高坑村莊往高陽路路段01956路燈前",NA,NA,NA,NA,NA,NA,NA,NA,NA,0,2,0,"晴","日間自然光線","村里道路",40,"三岔路","交岔口附近","柏油","乾燥","無缺陷","無障礙物","良好","無號誌","無號誌","無分向設施","未繪設車道線","未繪設快慢車道分隔線","有","衝出路外","未依規定減速","Y000","YY00",1,2,2013-08-24,"金門縣金沙鎮高坑村莊往高陽路路段01956路燈前","","金門縣金沙鎮高坑村莊往高陽路路段01956路燈前","118.4078483","24.4727311"
10208,"10208Y00020029","YYA1","10208YY000044",2013,8,25,9,0,"金門縣","金湖鎮","",NA,"市港路","","",NA,"","","","","","湖前路口",NA,NA,NA,NA,NA,NA,NA,NA,NA,0,1,0,"晴","日間自然光線","村里道路",50,"四岔路","交岔口附近","柏油","乾燥","無缺陷","無障礙物","良好","行車管制號誌","正常","無分向設施","未繪設車道線","未繪設快慢車道分隔線","有","其他","未依規定讓車","Y000","YY00",1,2,2013-08-25,"市港路","","金門縣金湖鎮湖前路口","118.4099121","24.4348324"
10208,"10208Y00020035","YYA1","10208YY000046",2013,8,27,11,42,"金門縣","金湖鎮","",NA,"","","",NA,"","","","","","海夜城餐廳旁路口",NA,NA,NA,NA,NA,NA,NA,NA,NA,0,1,0,"晴","日間自然光線","村里道路",50,"直路","一般車道（未劃分快慢車道）","柏油","乾燥","無缺陷","無障礙物","彎道","無號誌","無號誌","無分向設施","未繪設車道線","未繪設快慢車道分隔線","有","對撞","未靠右行駛","Y000","YY00",1,2,2013-08-27,"金門縣金湖鎮海夜城餐廳旁路口","","金門縣金湖鎮海夜城餐廳旁路口","118.4279933","24.4376913"
10208,"10208Y00020037","YYA1","10208YY000051",2013,8,27,17,50,"金門縣","金湖鎮","",NA,"市港路","","",NA,"","","","","","往金湖聯之路口",NA,NA,NA,NA,NA,NA,NA,NA,NA,0,1,0,"晴","日間自然光線","村里道路",60,"四岔路","交岔路口內","柏油","乾燥","無缺陷","無障礙物","良好","無號誌","無號誌","無分向設施","未繪設車道線","未繪設快慢車道分隔線","有","路口交岔撞","未依規定讓車","Y000","YY00",1,2,2013-08-27,"市港路","","金門縣金湖鎮往金湖聯之路口","118.4099121","24.4348324"
10208,"","YYA1","10208YY000055",2013,8,29,3,50,"金門縣","金湖鎮","溪湖里",NA,"環島東路","五","",NA,"","","","","","0398路燈金溪橋頭",NA,NA,NA,NA,NA,NA,NA,NA,NA,0,0,0,"晴","夜間（或隧道、地下道、涵洞）有照明","村里道路",60,"直路","一般車道（未劃分快慢車道）","柏油","乾燥","無缺陷","無障礙物","良好","無號誌","無號誌","無標記","未繪設車道線","未繪設快慢車道分隔線","有","撞橋樑、建築物","未注意車前狀態","Y000","YY00",1,4,2013-08-29,"環島東路五段","","金門縣金湖鎮溪湖里0398路燈金溪橋頭","118.446814","24.4338343"
10208,"10208Y00020040","YYA1","10208YY000058",2013,8,30,20,36,"金門縣","金湖鎮","新市里",NA,"黃海路","","",NA,"","","","","","新市圓環內",NA,NA,NA,NA,NA,NA,NA,NA,NA,0,1,0,"雨","夜間（或隧道、地下道、涵洞）有照明","村里道路",50,"圓環","一般車道（未劃分快慢車道）","柏油","濕潤","無缺陷","無障礙物","良好","閃光號誌","正常","無分向設施","車道線（無標記）","未繪設快慢車道分隔線","有","其他","未依規定讓車","Y000","YY00",1,2,2013-08-30,"黃海路","","金門縣金湖鎮新市里新市圓環內","118.4256931","24.452032"
10208,"10208Y00030004","YYA1","10208YY000061",2013,8,31,1,30,"金門縣","金沙鎮","",NA,"","","",NA,"","","","","","后水頭往蔡店01670號路燈桿路段",NA,NA,NA,NA,NA,NA,NA,NA,NA,0,0,0,"雨","夜間（或隧道、地下道、涵洞）無照明","村里道路",40,"彎曲路及附近","一般車道（未劃分快慢車道）","柏油","濕潤","無缺陷","無障礙物","彎道","無號誌","無號誌","無標記","未繪設車道線","未繪設快慢車道分隔線","有","撞路樹、電桿","未依規定減速","Y000","YY00",1,3,2013-08-31,"金門縣金沙鎮后水頭往蔡店01670號路燈桿路段","","金門縣金沙鎮后水頭往蔡店01670號路燈桿路段","118.4137179","24.4821177"
10208,"","YYA1","10208YY000062",2013,8,29,8,40,"金門縣","金湖鎮","",NA,"","","",NA,"","","伯玉路","四","","開瑄國小路口",NA,NA,NA,NA,NA,NA,NA,NA,NA,0,0,0,"晴","日間自然光線","村里道路",70,"三岔路","交岔路口內","柏油","乾燥","無缺陷","無障礙物","良好","行車管制號誌","正常","無分向設施","未繪設車道線","未繪設快慢車道分隔線","有","側撞","右轉彎未依規定","Y000","YY00",1,4,2013-08-29,"金門縣金湖鎮開瑄國小路口","伯玉路四段","","118.377064","24.446789"
10208,"","YYA1","10208YY000063",2013,8,18,14,2,"金門縣","金沙鎮","三山里",NA,"光華路","一","",NA,"","","","","","山后民俗村前路段",NA,NA,NA,NA,NA,NA,NA,NA,NA,0,0,0,"晴","日間自然光線","村里道路",50,"直路","一般車道（未劃分快慢車道）","柏油","乾燥","無缺陷","無障礙物","良好","無號誌","無號誌","無標記","未繪設車道線","未繪設快慢車道分隔線","有","撞路樹、電桿","倒車未依規定","Y000","YY00",3,3,2013-08-18,"光華路一段","","金門縣金沙鎮三山里山后民俗村前路段","118.428921","24.4909929"
10208,"10208Y00020002","YZA1","10208YZ000002",2013,8,1,8,48,"金門縣","金城鎮","",NA,"","","",NA,"","","","","","延平路後豐港路口",NA,NA,NA,NA,NA,NA,NA,NA,NA,0,1,0,"晴","日間自然光線","鄉道",40,"四岔路","交岔路口內","柏油","乾燥","無缺陷","無障礙物","良好","無號誌","無號誌","無分向設施","未繪設車道線","未繪設快慢車道分隔線","有","路口交岔撞","未依規定讓車","Y000","YZ00",1,2,2013-08-01,"金門縣金城鎮延平路後豐港路口","","金門縣金城鎮延平路後豐港路口","118.304405","24.424809"
10208,"10208Y00020001","YZA1","10208YZ000003",2013,8,1,8,0,"金門縣","金城鎮","",NA,"民權路","","",NA,"","","莒光路","","","",NA,NA,NA,NA,NA,NA,NA,NA,NA,0,3,0,"晴","日間自然光線","縣道",40,"三岔路","交岔路口內","柏油","乾燥","無缺陷","無障礙物","良好","無號誌","無號誌","無分向設施","未繪設車道線","未繪設快慢車道分隔線","有","側撞","未保持行車安全距離","Y000","YZ00",1,2,2013-08-01,"民權路","莒光路","","118.3156202","24.43419458"
10208,"10208Y00020003","YZA1","10208YZ000005",2013,8,2,8,15,"金門縣","金寧鄉","后盤村",NA,"伯玉路","二","",NA,"","","","","","后盤山路口",NA,NA,NA,NA,NA,NA,NA,NA,NA,0,1,0,"陰","日間自然光線","鄉道",60,"三岔路","交岔路口內","柏油","濕潤","無缺陷","無障礙物","良好","閃光號誌","無動作","附標記","未繪設車道線","未繪設快慢車道分隔線","有","側撞","右轉彎未依規定","Y000","YZ00",1,2,2013-08-02,"伯玉路二段","","金門縣金寧鄉后盤村后盤山路口","118.3416148","24.4414563"
10208,"10208Y00020004","YZA1","10208YZ000006",2013,8,3,9,0,"金門縣","金寧鄉","",NA,"","","",NA,"","","","","","南山1之2號前",NA,NA,NA,NA,NA,NA,NA,NA,NA,0,1,0,"晴","日間自然光線","村里道路",30,"直路","一般車道（未劃分快慢車道）","其他鋪裝","乾燥","無缺陷","無障礙物","良好","無號誌","無號誌","無分向設施","未繪設車道線","未繪設快慢車道分隔線","無","撞護欄（樁）","未注意車前狀態","Y000","YZ00",1,2,2013-08-03,"金門縣金寧鄉南山1之2號前","","金門縣金寧鄉南山1之2號前","118.307432","24.4785262"
10208,"10208Y00020005","YZA1","10208YZ000008",2013,8,5,17,45,"金門縣","金城鎮","",NA,"中興路","","",NA,"200-1","","","","","",NA,NA,NA,NA,NA,NA,NA,NA,NA,0,1,0,"晴","日間自然光線","村里道路",50,"直路","一般車道（未劃分快慢車道）","柏油","乾燥","無缺陷","無障礙物","良好","無號誌","無號誌","無標記","未繪設車道線","未繪設快慢車道分隔線","有","其他","起步未注意其他車（人）安全","Y000","YZ00",1,2,2013-08-05,"中興路200-1號","","金門縣金城鎮","118.3208664","24.4344893"
10208,"10208Y00020006","YZA1","10208YZ000009",2013,8,6,14,42,"金門縣","金城鎮","",NA,"中興路","","146",NA,"9","","","","","",NA,NA,NA,NA,NA,NA,NA,NA,NA,0,1,0,"晴","日間自然光線","村里道路",30,"三岔路","交岔口附近","柏油","乾燥","無缺陷","路上有停車","良好","無號誌","無號誌","無標記","未繪設車道線","未繪設快慢車道分隔線","有","側撞","未依規定讓車","Y000","YZ00",1,2,2013-08-06,"中興路146巷9號","","金門縣金城鎮","118.3194082","24.4335168"
10208,"10208Y00020007","YZA1","10208YZ000010",2013,8,6,18,42,"金門縣","金城鎮","",NA,"環島北路","","38",NA,"11","路口","","","","",NA,NA,NA,NA,NA,NA,NA,NA,NA,0,2,0,"晴","晨或暮光","村里道路",40,"四岔路","交岔路口內","柏油","乾燥","無缺陷","無障礙物","樹木、農作物","無號誌","無號誌","無分向設施","未繪設車道線","未繪設快慢車道分隔線","有","路口交岔撞","未依規定讓車","Y000","YZ00",1,2,2013-08-06,"環島北路38巷11號","","金門縣金城鎮","118.322662","24.441264"
10208,"10208Y00020008","YZA1","10208YZ000011",2013,8,7,10,0,"金門縣","烈嶼鄉","",NA,"","","",NA,"","","","","","后井往雙口產業道路上第1支路燈桿前",NA,NA,NA,NA,NA,NA,NA,NA,NA,0,2,0,"晴","日間自然光線","村里道路",50,"彎曲路及附近","一般車道（未劃分快慢車道）","柏油","乾燥","無缺陷","無障礙物","良好","無號誌","無號誌","無標記","未繪設車道線","未繪設快慢車道分隔線","有","路上翻車、摔倒","未依規定減速","Y000","YZ00",NA,NA,2013-08-07,"金門縣烈嶼鄉后井往雙口產業道路上第1支路燈桿前","","金門縣烈嶼鄉后井往雙口產業道路上第1支路燈桿前","118.2425","24.430889"
10208,"10208Y00020010","YZA1","10208YZ000012",2013,8,8,17,40,"金門縣","金寧鄉","榜林村",NA,"伯玉路","一","",NA,"","","","","","榜林圓環",NA,NA,NA,NA,NA,NA,NA,NA,NA,0,2,0,"晴","日間自然光線","縣道",50,"圓環","一般車道（未劃分快慢車道）","柏油","乾燥","無缺陷","無障礙物","良好","無號誌","無號誌","無分向設施","車道線（無標記）","未繪設快慢車道分隔線","有","其他","未注意車前狀態","Y000","YZ00",1,2,2013-08-08,"伯玉路一段","","金門縣金寧鄉榜林村榜林圓環","118.3267756","24.4346914"
10208,"10208Y00020009","YZA1","10208YZ000013",2013,8,8,17,15,"金門縣","金寧鄉","",NA,"林堡路","","",NA,"","","","","","福寓宮前路段",NA,NA,NA,NA,NA,NA,NA,NA,NA,0,2,0,"晴","日間自然光線","鄉道",40,"三岔路","交岔口附近","柏油","乾燥","無缺陷","無障礙物","良好","無號誌","無號誌","無標記","未繪設車道線","未繪設快慢車道分隔線","有","穿越道路中","未注意車前狀態","Y000","YZ00",1,2,2013-08-08,"林堡路","","金門縣金寧鄉福寓宮前路段","118.3345146","24.4434579"
10208,"10208Y00020012","YZA1","10208YZ000014",2013,8,9,4,25,"金門縣","金寧鄉","盤山村",NA,"盤果路","","",NA,"","","","","","00411號路燈桿前路段",NA,NA,NA,NA,NA,NA,NA,NA,NA,0,1,0,"晴","夜間（或隧道、地下道、涵洞）有照明","鄉道",50,"直路","一般車道（未劃分快慢車道）","柏油","乾燥","無缺陷","無障礙物","良好","無號誌","無號誌","無標記","未繪設車道線","未繪設快慢車道分隔線","有","路上翻車、摔倒","未注意車前狀態","Y000","YZ00",1,2,2013-08-09,"盤果路","","金門縣金寧鄉盤山村00411號路燈桿前路段","118.3423814","24.4390088"
10208,"10208Y00020011","YZA1","10208YZ000015",2013,8,8,19,43,"金門縣","金寧鄉","榜林里",NA,"伯玉路","一","",NA,"228","","","","","",NA,NA,NA,NA,NA,NA,NA,NA,NA,0,2,0,"晴","晨或暮光","村里道路",60,"直路","一般車道（未劃分快慢車道）","柏油","乾燥","無缺陷","無障礙物","良好","無號誌","無號誌","附標記","未繪設車道線","快慢車道分隔線","有","穿越道路中","未依規定行走行人穿越道、地下道、天橋而穿越道路","Y000","YZ00",1,2,2013-08-08,"伯玉路一段228號","","金門縣金寧鄉榜林里","118.3267756","24.4346914"
10208,"10208Y00020013","YZA1","10208YZ000016",2013,8,9,17,50,"金門縣","金寧鄉","",NA,"頂林路","","",NA,"","","","","","中堡路口",NA,NA,NA,NA,NA,NA,NA,NA,NA,0,1,0,"晴","日間自然光線","村里道路",50,"四岔路","交岔路口內","柏油","乾燥","無缺陷","無障礙物","良好","無號誌","無號誌","無分向設施","未繪設車道線","未繪設快慢車道分隔線","有","路口交岔撞","未依規定讓車","Y000","YZ00",1,2,2013-08-09,"頂林路","","金門縣金寧鄉中堡路口","118.3246113","24.4625018"
10208,"10208Y00020014","YZA1","10208YZ000019",2013,8,10,18,30,"金門縣","金城鎮","",NA,"民生路","","",NA,"","","","","","民權路口",NA,NA,NA,NA,NA,NA,NA,NA,NA,0,1,0,"晴","日間自然光線","村里道路",50,"四岔路","交岔路口內","柏油","乾燥","無缺陷","無障礙物","良好","行車管制號誌","正常","無分向設施","未繪設車道線","未繪設快慢車道分隔線","有","側撞","違規超車","Y000","YZ00",1,2,2013-08-10,"民生路","","金門縣金城鎮民權路口","118.3190184","24.43575"
10208,"10208Y00020016","YZA1","10208YZ000021",2013,8,12,7,20,"金門縣","金城鎮","西門里",NA,"民權路","","",NA,"170","","","","","",NA,NA,NA,NA,NA,NA,NA,NA,NA,0,1,0,"晴","日間自然光線","村里道路",40,"直路","一般車道（未劃分快慢車道）","柏油","乾燥","無缺陷","無障礙物","良好","無號誌","無號誌","附標記","未繪設車道線","快慢車道分隔線","有","側撞","未依規定讓車","Y000","YZ00",1,2,2013-08-12,"民權路170號","","金門縣金城鎮西門里","118.318217","24.4369763"
10208,"10208Y00020020","YZA1","10208YZ000027",2013,8,17,12,20,"金門縣","金寧鄉","",NA,"瓊安路","","",NA,"","","","","","東一點紅路口",NA,NA,NA,NA,NA,NA,NA,NA,NA,0,2,0,"晴","日間自然光線","村里道路",50,"三岔路","交岔路口內","柏油","乾燥","無缺陷","無障礙物","良好","無號誌","無號誌","無標記","未繪設車道線","未繪設快慢車道分隔線","有","側撞","未依規定讓車","Y000","YZ00",1,2,2013-08-17,"瓊安路","","金門縣金寧鄉東一點紅路口","118.343873","24.4603508"
10208,"","YZA1","10208YZ000028",2013,8,17,16,4,"金門縣","金寧鄉","",NA,"慈湖路","一","",NA,"","","","","","同安渡頭路口",NA,NA,NA,NA,NA,NA,NA,NA,NA,0,0,0,"晴",NA,NA,40,NA,NA,NA,NA,NA,NA,NA,NA,NA,NA,NA,NA,NA,NA,NA,"Y000","YZ00",1,4,2013-08-17,"慈湖路一段","","金門縣金寧鄉同安渡頭路口","118.3117387","24.4416084"
10208,"10208Y00020022","YZA1","10208YZ000032",2013,8,19,7,43,"金門縣","金城鎮","",NA,"","","",NA,"","","","","","鎮公所後方停車場路口",NA,NA,NA,NA,NA,NA,NA,NA,NA,0,1,0,"晴","日間自然光線","村里道路",40,"三岔路","交岔路口內","水泥","乾燥","無缺陷","無障礙物","良好","無號誌","無號誌","無分向設施","未繪設車道線","未繪設快慢車道分隔線","無","側撞","未依規定讓車","Y000","YZ00",1,2,2013-08-19,"金門縣金城鎮鎮公所後方停車場路口","","金門縣金城鎮鎮公所後方停車場路口","118.3166667","24.4166667"
10208,"10208Y00030002","YZA1","10208YZ000033",2013,8,19,20,30,"金門縣","金城鎮","",NA,"中興路","","",NA,"","","","","","161巷25號後方",NA,NA,NA,NA,NA,NA,NA,NA,NA,0,0,0,"晴","夜間（或隧道、地下道、涵洞）有照明","村里道路",30,"直路","一般車道（未劃分快慢車道）","水泥","乾燥","無缺陷","無障礙物","良好","無號誌","無號誌","無分向設施","未繪設車道線","未繪設快慢車道分隔線","無","其他","尚未發現肇事因素","Y000","YZ00",1,3,2013-08-19,"中興路","","金門縣金城鎮161巷25號後方","118.3187271","24.4338194"
10208,"10208Y00020043","YZA1","10208YZ000034",2013,8,20,14,45,"金門縣","金城鎮","",NA,"民生路","","",NA,"15","","","","","",NA,NA,NA,NA,NA,NA,NA,NA,NA,0,2,0,"晴","日間自然光線","村里道路",50,"直路","一般車道（未劃分快慢車道）","柏油","乾燥","無缺陷","路上有停車","路上停放車輛","無號誌","無號誌","附標記","未繪設車道線","未繪設快慢車道分隔線","有","其他","起步未注意其他車（人）安全","Y000","YZ00",1,2,2013-08-20,"民生路15號","","金門縣金城鎮","118.3190184","24.43575"
10208,"10208Y00020024","YZA1","10208YZ000036",2013,8,21,16,30,"金門縣","金寧鄉","",NA,"","","",NA,"","","","","","金寶來飯店前路口",NA,NA,NA,NA,NA,NA,NA,NA,NA,0,1,0,"晴","日間自然光線","村里道路",40,"四岔路","交岔路口內","柏油","乾燥","無缺陷","無障礙物","良好","無號誌","無號誌","無分向設施","未繪設車道線","未繪設快慢車道分隔線","無","路口交岔撞","未依規定讓車","Y000","YZ00",1,2,2013-08-21,"金門縣金寧鄉金寶來飯店前路口","","金門縣金寧鄉金寶來飯店前路口","118.312619","24.440298"
10208,"10208Y00020026","YZA1","10208YZ000040",2013,8,24,11,26,"金門縣","金寧鄉","",NA,"慈湖路","一","",NA,"","","","","","全聯福利中心前路段",NA,NA,NA,NA,NA,NA,NA,NA,NA,0,2,0,"晴","日間自然光線","村里道路",40,"三岔路","交岔路口內","柏油","乾燥","無缺陷","無障礙物","良好","無號誌","無號誌","無分向設施","未繪設車道線","未繪設快慢車道分隔線","有","側撞","未依規定讓車","Y000","YZ00",1,2,2013-08-24,"慈湖路一段","","金門縣金寧鄉全聯福利中心前路段","118.3117387","24.4416084"
10208,"10208Y00020028","YZA1","10208YZ000041",2013,8,25,6,31,"金門縣","金寧鄉","",NA,"桃園路","","",NA,"","","盤果路","","","",NA,NA,NA,NA,NA,NA,NA,NA,NA,0,1,0,"晴","日間自然光線","村里道路",60,"四岔路","交岔路口內","柏油","乾燥","無缺陷","無障礙物","良好","行車管制號誌","正常","無分向設施","未繪設車道線","未繪設快慢車道分隔線","有","路口交岔撞","未依規定讓車","Y000","YZ00",1,2,2013-08-25,"桃園路","盤果路","","118.345675","24.43250455"