"年月","總編號","處理單位","處理編號","年","月","日","時","分","縣市","區","村里","鄰","街道","段","巷","弄","號","公尺處","街道.1","段.1","側","附近","道路","公里","公尺處.1","向","車道","平交道","公里.1","公尺處.2","附近.1","死","受傷","X2.30","天候","光線","道路類別","速限","道路型態","事故位置","路面鋪裝","路面狀態","路面缺陷","障礙物","視距","號誌種類","號誌動作","分向設施","快車道或一般車道間","快慢車道間","路面邊線","事故類型及型態","主要肇因","警局","分局","案件類別","事故類別","日期","道路1","道路2","概略位置","lon","lat"
10208,"10208Y00020031","YZA1","10208YZ000042",2013,8,25,16,45,"金門縣","金城鎮","東門里",NA,"民生路","","",NA,"","","","","","東門圓環內",NA,NA,NA,NA,NA,NA,NA,NA,NA,0,1,0,"晴","日間自然光線","村里道路",40,"圓環","一般車道（未劃分快慢車道）","柏油","乾燥","無缺陷","無障礙物","良好","無號誌","無號誌","無分向設施","車道線（無標記）","未繪設快慢車道分隔線","有","其他","未依規定讓車","Y000","YZ00",1,2,2013-08-25,"民生路","","金門縣金城鎮東門里東門圓環內","118.3190184","24.43575"
10208,"10208Y00020032","YZA1","10208YZ000043",2013,8,26,11,56,"金門縣","金寧鄉","安美村",NA,"","","",NA,"","","","","","仁愛新村200號前路口",NA,NA,NA,NA,NA,NA,NA,NA,NA,0,2,0,"晴","日間自然光線","村里道路",50,"三岔路","交岔路口內","柏油","乾燥","無缺陷","無障礙物","樹木、農作物","無號誌","無號誌","無分向設施","未繪設車道線","未繪設快慢車道分隔線","有","側撞","未依規定讓車","Y000","YZ00",1,2,2013-08-26,"金門縣金寧鄉安美村仁愛新村200號前路口","","金門縣金寧鄉安美村仁愛新村200號前路口","118.3346958","24.4507473"
10208,"10208Y00030003","YZA1","10208YZ000045",2013,8,27,9,55,"金門縣","金城鎮","",NA,"西海路","三","",NA,"","","","","","與延平路路口",NA,NA,NA,NA,NA,NA,NA,NA,NA,0,0,0,"晴","日間自然光線","村里道路",40,"四岔路","交岔路口內","柏油","乾燥","無缺陷","無障礙物","良好","閃光號誌","正常","無分向設施","未繪設車道線","未繪設快慢車道分隔線","有","路口交岔撞","未依規定讓車","Y000","YZ00",1,3,2013-08-27,"西海路三段","","金門縣金城鎮與延平路路口","118.3124964","24.4226194"
10208,"10208Y00020027","YZA1","10208YZ000047",2013,8,24,15,17,"金門縣","金寧鄉","榜林村",NA,"伯玉路","一","",NA,"232-4","","","","","",NA,NA,NA,NA,NA,NA,NA,NA,NA,0,1,0,"陰","日間自然光線","鄉道",60,"三岔路","交岔口附近","柏油","乾燥","無缺陷","無障礙物","良好","閃光號誌","無動作","無標記","未繪設車道線","快慢車道分隔線","有","側撞","迴轉未依規定","Y000","YZ00",1,2,2013-08-24,"伯玉路一段232-4號","","金門縣金寧鄉榜林村","118.3267756","24.4346914"
10208,"10208Y00020033","YZA1","10208YZ000048",2013,8,27,8,55,"金門縣","金城鎮","賢庵里",NA,"環島西路","一","",NA,"","","","","","賢庵國小前路段",NA,NA,NA,NA,NA,NA,NA,NA,NA,0,2,0,"晴","日間自然光線","鄉道",50,"四岔路","交岔路口內","柏油","乾燥","無缺陷","無障礙物","良好","無號誌","無號誌","無分向設施","未繪設車道線","未繪設快慢車道分隔線","有","穿越道路中","搶越行人穿越道","Y000","YZ00",1,2,2013-08-27,"環島西路一段","","金門縣金城鎮賢庵里賢庵國小前路段","118.3184801","24.4172073"
10208,"10208Y00020034","YZA1","10208YZ000049",2013,8,27,11,30,"金門縣","金寧鄉","",NA,"桃園路","","",NA,"","","","","","東洲路段",NA,NA,NA,NA,NA,NA,NA,NA,NA,0,1,0,"晴","日間自然光線","村里道路",60,"彎曲路及附近","一般車道（未劃分快慢車道）","柏油","乾燥","無缺陷","無障礙物","良好","無號誌","無號誌","無標記","未繪設車道線","未繪設快慢車道分隔線","有","同向擦撞","未保持行車安全間隔","Y000","YZ00",1,2,2013-08-27,"桃園路","","金門縣金寧鄉東洲路段","118.3446627","24.4317794"
10208,"10208Y00020030","YZA1","10208YZ000050",2013,8,25,10,53,"金門縣","金城鎮","",NA,"西海路","一","",NA,"","","","","","前水頭139之2號前路段",NA,NA,NA,NA,NA,NA,NA,NA,NA,0,1,0,"晴","日間自然光線","村里道路",50,"四岔路","交岔口附近","柏油","乾燥","無缺陷","無障礙物","良好","無號誌","無號誌","附標記","未繪設車道線","未繪設快慢車道分隔線","有","追撞","未保持行車安全距離","Y000","YZ00",1,2,2013-08-25,"西海路一段","","金門縣金城鎮前水頭139之2號前路段","118.2906709","24.4124946"
10208,"10208Y00020036","YZA1","10208YZ000052",2013,8,27,12,10,"金門縣","金城鎮","",NA,"珠浦西路","","",NA,"","","","","","46號前",NA,NA,NA,NA,NA,NA,NA,NA,NA,0,1,0,"晴","日間自然光線","其他",40,"直路","一般車道（未劃分快慢車道）","柏油","乾燥","無缺陷","無障礙物","良好","無號誌","無號誌","附標記","未繪設車道線","未繪設快慢車道分隔線","有","路上翻車、摔倒","未注意車前狀態","Y000","YZ00",1,2,2013-08-27,"珠浦西路","","金門縣金城鎮46號前","118.3147803","24.4384226"
10208,"10208Y00020044","YZA1","10208YZ000053",2013,8,27,13,30,"金門縣","金寧鄉","",NA,"環島西路","二","",NA,"","","","","","13169號燈桿前",NA,NA,NA,NA,NA,NA,NA,NA,NA,0,2,0,"晴","日間自然光線","村里道路",50,"三岔路","一般車道（未劃分快慢車道）","柏油","乾燥","無缺陷","無障礙物","良好","無號誌","無號誌","附標記","未繪設車道線","未繪設快慢車道分隔線","有","側撞","右轉彎未依規定","Y000","YZ00",1,2,2013-08-27,"環島西路二段","","金門縣金寧鄉13169號燈桿前","118.3148723","24.4566699"
10208,"10208Y00020038","YZA1","10208YZ000054",2013,8,28,22,25,"金門縣","金城鎮","西門里",NA,"民生路","","45",NA,"20","","","","","",NA,NA,NA,NA,NA,NA,NA,NA,NA,0,2,0,"晴","夜間（或隧道、地下道、涵洞）有照明","鄉道",40,"三岔路","交岔路口內","柏油","乾燥","無缺陷","路上有停車","彎道","無號誌","無號誌","無分向設施","未繪設車道線","未繪設快慢車道分隔線","有","側撞","未靠右行駛","Y000","YZ00",1,2,2013-08-28,"民生路45巷20號","","金門縣金城鎮西門里","118.3190184","24.43575"
10208,"10208Y00020039","YZA1","10208YZ000057",2013,8,29,10,52,"金門縣","金城鎮","",NA,"西海路","三","",NA,"","","","","","縣立體育館前路段",NA,NA,NA,NA,NA,NA,NA,NA,NA,0,2,0,"晴","日間自然光線","村里道路",50,"四岔路","交岔口附近","柏油","乾燥","無缺陷","無障礙物","良好","行車管制號誌（附設行人專用號誌）","正常","無標記","未繪設車道線","未繪設快慢車道分隔線","有","穿越道路中","未依規定行走行人穿越道、地下道、天橋而穿越道路","Y000","YZ00",1,2,2013-08-29,"西海路三段","","金門縣金城鎮縣立體育館前路段","118.3124964","24.4226194"
10208,"10208Y00020042","YZA1","10208YZ000059",2013,8,31,23,45,"金門縣","金城鎮","",NA,"北堤路","","",NA,"","","","","","西海路三段路口",NA,NA,NA,NA,NA,NA,NA,NA,NA,0,1,0,"陰","夜間（或隧道、地下道、涵洞）有照明","村里道路",40,"四岔路","交岔路口內","柏油","乾燥","無缺陷","無障礙物","良好","閃光號誌","正常","無分向設施","未繪設車道線","未繪設快慢車道分隔線","有","側撞","未依規定讓車","Y000","YZ00",1,2,2013-08-31,"北堤路","","金門縣金城鎮西海路三段路口","118.3167419","24.4294062"
10208,"10208Y00020041","YZA1","10208YZ000060",2013,8,31,6,20,"金門縣","金寧鄉","",NA,"環島北路","二","",NA,"","","","","","0065號燈桿前路段",NA,NA,NA,NA,NA,NA,NA,NA,NA,0,1,0,"陰","日間自然光線","縣道",60,"直路","一般車道（未劃分快慢車道）","柏油","乾燥","無缺陷","無障礙物","良好","無號誌","無號誌","無標記","未繪設車道線","未繪設快慢車道分隔線","有","撞路樹、電桿","未注意車前狀態","Y000","YZ00",1,2,2013-08-31,"環島北路二段","","金門縣金寧鄉0065號燈桿前路段","118.3537405","24.452631"
10209,"10209Y00020001","YYA1","10209YY000001",2013,9,1,8,42,"金門縣","金沙鎮","",NA,"環島北路","三","",NA,"","","","","","中蘭路段電線桿沙陽高幹106Z0960CD07左1",NA,NA,NA,NA,NA,NA,NA,NA,NA,0,2,0,"晴","日間自然光線","村里道路",40,"三岔路","交岔路口內","柏油","乾燥","無缺陷","無障礙物","良好","無號誌","無號誌","無分向設施","未繪設車道線","未繪設快慢車道分隔線","有","側撞","未依規定讓車","Y000","YY00",1,2,2013-09-01,"環島北路三段","","金門縣金沙鎮中蘭路段電線桿沙陽高幹106Z0960CD07左1","118.388325","24.466263"
10209,"10209Y00030001","YYA1","10209YY000002",2013,9,1,17,0,"金門縣","金湖鎮","",NA,"太湖路","","",NA,"","","","","","旁之人行道昇恆昌",NA,NA,NA,NA,NA,NA,NA,NA,NA,0,0,0,"晴","日間自然光線","村里道路",40,"其他","人行道","水泥","乾燥","無缺陷","無障礙物","良好","無號誌","無號誌","無分向設施","未繪設車道線","未繪設快慢車道分隔線","無","同向擦撞","未注意車前狀態","Y000","YY00",1,3,2013-09-01,"太湖路","","金門縣金湖鎮旁之人行道昇恆昌","118.4047483","24.4473343"
10209,"10209Y00020010","YYA1","10209YY000012",2013,9,6,8,30,"金門縣","金湖鎮","",NA,"黃海路","","",NA,"","","","","","山外車站前",NA,NA,NA,NA,NA,NA,NA,NA,NA,0,1,0,"晴","日間自然光線","村里道路",50,"直路","穿越道附近","柏油","乾燥","無缺陷","無障礙物","良好","無號誌","無號誌","無標記","未繪設車道線","未繪設快慢車道分隔線","有","穿越道路中","未注意車前狀態","Y000","YY00",1,2,2013-09-06,"黃海路","","金門縣金湖鎮山外車站前","118.4256931","24.452032"
10209,"10209Y00030003","YYA1","10209YY000014",2013,9,8,8,21,"金門縣","金湖鎮","",NA,"南機路","","",NA,"","","士校路","","","",NA,NA,NA,NA,NA,NA,NA,NA,NA,0,0,0,"晴","日間自然光線","村里道路",40,"四岔路","交岔路口內","柏油","乾燥","無缺陷","無障礙物","樹木、農作物","無號誌","無號誌","無分向設施","未繪設車道線","未繪設快慢車道分隔線","有","路口交岔撞","未依規定讓車","Y000","YY00",1,3,2013-09-08,"南機路","士校路","","118.4326247","24.4500123"
10209,"","YYA1","10209YY000015",2013,9,8,10,30,"金門縣","金湖鎮","",NA,"環島南路","五","",NA,"","","","","","任伯資源回收場前",NA,NA,NA,NA,NA,NA,NA,NA,NA,0,0,0,NA,NA,NA,0,NA,NA,NA,NA,NA,NA,NA,NA,NA,NA,NA,NA,NA,NA,NA,"Y000","YY00",1,4,2013-09-08,"環島南路五段","","金門縣金湖鎮任伯資源回收場前","118.4239844","24.4324232"
10209,"","YYA1","10209YY000016",2013,9,7,10,20,"金門縣","金湖鎮","",NA,"士校路","","",NA,"","","","","","后壟路段",NA,NA,NA,NA,NA,NA,NA,NA,NA,0,0,0,NA,NA,NA,0,NA,NA,NA,NA,NA,NA,NA,NA,NA,NA,NA,NA,NA,NA,NA,"Y000","YY00",1,4,2013-09-07,"士校路","","金門縣金湖鎮后壟路段","118.4271704","24.4453138"
10209,"10209Y00020012","YYA1","10209YY000017",2013,9,8,17,25,"金門縣","金沙鎮","",NA,"","","",NA,"","","","","","東埔13號前路口",NA,NA,NA,NA,NA,NA,NA,NA,NA,0,1,0,"晴","日間自然光線","村里道路",40,"四岔路","交岔路口內","水泥","乾燥","無缺陷","無障礙物","良好","無號誌","無號誌","無分向設施","未繪設車道線","未繪設快慢車道分隔線","有","路口交岔撞","未依規定讓車","Y000","YY00",1,2,2013-09-08,"金門縣金沙鎮東埔13號前路口","","金門縣金沙鎮東埔13號前路口","118.4187497","24.491527"
10209,"","YYA1","10209YY000018",2013,9,10,20,55,"金門縣","金湖鎮","",NA,"太湖路","一","",NA,"","","","","","軍用加油站路段",NA,NA,NA,NA,NA,NA,NA,NA,NA,0,0,0,NA,NA,NA,0,NA,NA,NA,NA,NA,NA,NA,NA,NA,NA,NA,NA,NA,NA,NA,"Y000","YY00",1,4,2013-09-10,"太湖路一段","","金門縣金湖鎮軍用加油站路段","118.4047483","24.4473343"
10209,"","YYA1","10209YY000019",2013,9,11,7,53,"金門縣","金湖鎮","",NA,"環島南路","四","",NA,"","","","","","0564號路燈柱168加油站對面",NA,NA,NA,NA,NA,NA,NA,NA,NA,0,0,0,"晴",NA,NA,50,NA,NA,NA,NA,NA,NA,NA,NA,NA,NA,NA,NA,NA,NA,NA,"Y000","YY00",1,4,2013-09-11,"環島南路四段","","金門縣金湖鎮0564號路燈柱168加油站對面","118.40101","24.438041"
10209,"10209Y00030005","YYA1","10209YY000022",2013,9,13,14,40,"金門縣","金湖鎮","",NA,"","","",NA,"","","","","","峰上孚濟宮廣場",NA,NA,NA,NA,NA,NA,NA,NA,NA,0,0,0,"晴","日間自然光線","村里道路",40,"廣場","其他","水泥","乾燥","無缺陷","無障礙物","良好","無號誌","無號誌","無分向設施","未繪設車道線","未繪設快慢車道分隔線","無","其他","不明原因肇事","Y000","YY00",1,3,2013-09-13,"金門縣金湖鎮峰上孚濟宮廣場","","金門縣金湖鎮峰上孚濟宮廣場","118.457817","24.427872"
10209,"10209Y00020016","YYA1","10209YY000028",2013,9,15,6,53,"金門縣","金湖鎮","新市里",NA,"中正路","","",NA,"","","","","","62號前路段",NA,NA,NA,NA,NA,NA,NA,NA,NA,0,1,0,"晴","日間自然光線","村里道路",40,"直路","一般車道（未劃分快慢車道）","柏油","乾燥","無缺陷","無障礙物","良好","無號誌","無號誌","附標記","未繪設車道線","未繪設快慢車道分隔線","有","同向擦撞","未保持行車安全間隔","Y000","YY00",1,2,2013-09-15,"中正路","","金門縣金湖鎮新市里62號前路段","118.4156249","24.4409009"
10209,"10209Y00020020","YYA1","10209YY000030",2013,9,16,11,20,"金門縣","金湖鎮","",NA,"黃海路","","",NA,"","","","","","01541號路燈桿路段",NA,NA,NA,NA,NA,NA,NA,NA,NA,0,1,0,"晴","日間自然光線","村里道路",50,"直路","路肩、路緣","柏油","乾燥","無缺陷","無障礙物","良好","無號誌","無號誌","無標記","未繪設車道線","未繪設快慢車道分隔線","有","撞路樹、電桿","未注意車前狀態","Y000","YY00",1,2,2013-09-16,"黃海路","","金門縣金湖鎮01541號路燈桿路段","118.4256931","24.452032"
10209,"10209Y00020021","YYA1","10209YY000031",2013,9,17,6,46,"金門縣","金湖鎮","",NA,"","","",NA,"","","","","","塔后重劃區京門工地旁路口",NA,NA,NA,NA,NA,NA,NA,NA,NA,0,2,0,"晴","日間自然光線","村里道路",50,"三岔路","交岔路口內","柏油","乾燥","無缺陷","無障礙物","良好","無號誌","無號誌","無分向設施","未繪設車道線","未繪設快慢車道分隔線","有","穿越道路中","搶越行人穿越道","Y000","YY00",1,2,2013-09-17,"金門縣金湖鎮塔后重劃區京門工地旁路口","","金門縣金湖鎮塔后重劃區京門工地旁路口","118.4101054","24.4411037"
10209,"10209Y00020019","YYA1","10209YY000032",2013,9,16,6,10,"金門縣","金湖鎮","",NA,"四維路","","",NA,"","","","","","復國墩往溪邊路段",NA,NA,NA,NA,NA,NA,NA,NA,NA,0,2,0,"晴","日間自然光線","村里道路",50,"彎曲路及附近","一般車道（未劃分快慢車道）","柏油","乾燥","無缺陷","無障礙物","良好","無號誌","無號誌","附標記","未繪設車道線","未繪設快慢車道分隔線","有","路上翻車、摔倒","未依規定減速","Y000","YY00",1,2,2013-09-16,"四維路","","金門縣金湖鎮復國墩往溪邊路段","118.4499743","24.4314346"
10209,"10209Y00020050","YYA1","10209YY000035",2013,9,17,21,5,"金門縣","金沙鎮","",NA,"環島北路","三","",NA,"","","","","","斗門路口",NA,NA,NA,NA,NA,NA,NA,NA,NA,0,1,0,"晴","夜間（或隧道、地下道、涵洞）有照明","村里道路",50,"四岔路","交岔路口內","柏油","乾燥","無缺陷","無障礙物","良好","閃光號誌","正常","無分向設施","未繪設車道線","未繪設快慢車道分隔線","有","路口交岔撞","未依規定讓車","Y000","YY00",1,2,2013-09-17,"環島北路三段","","金門縣金沙鎮斗門路口","118.388325","24.466263"
10209,"10209Y00020023","YYA1","10209YY000037",2013,9,18,9,0,"金門縣","金沙鎮","",NA,"","","",NA,"","","","","","復興街與三民路口",NA,NA,NA,NA,NA,NA,NA,NA,NA,0,1,0,"晴","日間自然光線","村里道路",40,"四岔路","交岔路口內","其他鋪裝","乾燥","無缺陷","無障礙物","良好","無號誌","無號誌","無分向設施","未繪設車道線","未繪設快慢車道分隔線","有","路口交岔撞","未依規定讓車","Y000","YY00",1,2,2013-09-18,"金門縣金沙鎮復興街與三民路口","","金門縣金沙鎮復興街與三民路口","118.4130824","24.4896092"
10209,"","YYA1","10209YY000039",2013,9,19,14,15,"金門縣","金湖鎮","",NA,"太湖路","一","",NA,"","","","","","經武公車站候車亭前",NA,NA,NA,NA,NA,NA,NA,NA,NA,0,0,0,NA,NA,NA,0,NA,NA,NA,NA,NA,NA,NA,NA,NA,NA,NA,NA,NA,NA,NA,"Y000","YY00",1,4,2013-09-19,"太湖路一段","","金門縣金湖鎮經武公車站候車亭前","118.4047483","24.4473343"
10209,"10209Y00020026","YYA1","10209YY000040",2013,9,19,17,12,"金門縣","金沙鎮","",NA,"浦華路","","",NA,"","","環島東路","","","",NA,NA,NA,NA,NA,NA,NA,NA,NA,0,4,0,"晴","日間自然光線","村里道路",50,"四岔路","交岔路口內","柏油","乾燥","無缺陷","無障礙物","樹木、農作物","閃光號誌","正常","無分向設施","未繪設車道線","未繪設快慢車道分隔線","有","路口交岔撞","未依規定讓車","Y000","YY00",1,2,2013-09-19,"浦華路","環島東路","","118.4462076","24.45419698"
10209,"10209Y00020029","YYA1","10209YY000043",2013,9,20,19,26,"金門縣","金湖鎮","",NA,"伯玉路","","",NA,"","","","","","中山路路口",NA,NA,NA,NA,NA,NA,NA,NA,NA,0,1,0,"晴","夜間（或隧道、地下道、涵洞）有照明","村里道路",60,"直路","一般車道（未劃分快慢車道）","柏油","乾燥","無缺陷","無障礙物","良好","無號誌","無號誌","無標記","未繪設車道線","快慢車道分隔線","有","衝出路外","未注意車前狀態","Y000","YY00",1,2,2013-09-20,"伯玉路","","金門縣金湖鎮中山路路口","118.3267756","24.4346914"
10209,"10209Y00020031","YYA1","10209YY000048",2013,9,21,16,59,"金門縣","金湖鎮","",NA,"","","",NA,"","","","","","下莊中興路58號前",NA,NA,NA,NA,NA,NA,NA,NA,NA,0,1,0,"晴","日間自然光線","村里道路",40,"直路","一般車道（未劃分快慢車道）","柏油","乾燥","無缺陷","無障礙物","其他","無號誌","無號誌","無分向設施","未繪設車道線","未繪設快慢車道分隔線","有","倒車撞","倒車未依規定","Y000","YY00",1,2,2013-09-21,"金門縣金湖鎮下莊中興路58號前","","金門縣金湖鎮下莊中興路58號前","118.4279933","24.4376913"
10209,"","YYA1","10209YY000050",2013,9,22,16,30,"金門縣","金湖鎮","",NA,"環島南路","四","",NA,"","","","","","漁村100號旁",NA,NA,NA,NA,NA,NA,NA,NA,NA,0,0,0,NA,NA,NA,0,NA,NA,NA,NA,NA,NA,NA,NA,NA,NA,NA,NA,NA,NA,NA,"Y000","YY00",1,4,2013-09-22,"環島南路四段","","金門縣金湖鎮漁村100號旁","118.40101","24.438041"
10209,"10209Y00030008","YYA1","10209YY000051",2013,9,22,20,35,"金門縣","金湖鎮","",NA,"中正路","","",NA,"","","自強路","","","",NA,NA,NA,NA,NA,NA,NA,NA,NA,0,0,0,"雨","晨或暮光","村里道路",40,"四岔路","交岔路口內","其他鋪裝","濕潤","無缺陷","無障礙物","其他","無號誌","無號誌","無分向設施","未繪設車道線","未繪設快慢車道分隔線","有","路口交岔撞","未依規定讓車","Y000","YY00",1,3,2013-09-22,"中正路","自強路","","118.4156185","24.44089977"
10209,"","YYA1","10209YY000052",2013,9,21,11,56,"金門縣","金湖鎮","",NA,"玉章路","","",NA,"","","","","","N073號測量點路段",NA,NA,NA,NA,NA,NA,NA,NA,NA,0,5,0,"陰","日間自然光線","村里道路",50,"直路","一般車道（未劃分快慢車道）","柏油","乾燥","無缺陷","無障礙物","良好","無號誌","無號誌","附標記","車道線（附標記）","未繪設快慢車道分隔線","有","其他","尚未發現肇事因素","Y000","YY00",2,2,2013-09-21,"玉章路","","金門縣金湖鎮N073號測量點路段","118.412711","24.4615568"
10209,"","YYA1","10209YY000054",2013,9,21,13,11,"金門縣","金沙鎮","",NA,"環島北路","三","",NA,"","","","","","中蘭屠宰場0133號路燈桿路段",NA,NA,NA,NA,NA,NA,NA,NA,NA,0,0,0,NA,NA,NA,0,NA,NA,NA,NA,NA,NA,NA,NA,NA,NA,NA,NA,NA,NA,NA,"Y000","YY00",4,4,2013-09-21,"環島北路三段","","金門縣金沙鎮中蘭屠宰場0133號路燈桿路段","118.388325","24.466263"
10209,"10209Y00020035","YYA1","10209YY000056",2013,9,25,17,5,"金門縣","金湖鎮","",NA,"伯玉路","三","",NA,"","","","","","1099路燈前",NA,NA,NA,NA,NA,NA,NA,NA,NA,0,1,0,"晴","日間自然光線","村里道路",70,"直路","慢車道","柏油","乾燥","無缺陷","無障礙物","良好","無號誌","無號誌","無標記","未繪設車道線","快慢車道分隔線","有","路上翻車、摔倒","酒醉（後）駕駛失控","Y000","YY00",1,2,2013-09-25,"伯玉路三段","","金門縣金湖鎮1099路燈前","118.3646755","24.4460136"
10209,"","YYA1","10209YY000059",2013,9,27,15,40,"金門縣","金湖鎮","",NA,"黃海路","","",NA,"103","","","","","",NA,NA,NA,NA,NA,NA,NA,NA,NA,0,0,0,NA,NA,NA,0,NA,NA,NA,NA,NA,NA,NA,NA,NA,NA,NA,NA,NA,NA,NA,"Y000","YY00",1,4,2013-09-27,"黃海路103號","","金門縣金湖鎮","118.4256931","24.452032"
10209,"10209Y00030009","YYA1","10209YY000061",2013,9,28,11,35,"金門縣","金湖鎮","山外里",NA,"","","",NA,"","","","","","山外48號前",NA,NA,NA,NA,NA,NA,NA,NA,NA,0,0,0,"晴","日間自然光線","村里道路",40,"直路","一般車道（未劃分快慢車道）","其他鋪裝","乾燥","無缺陷","無障礙物","良好","無號誌","無號誌","無分向設施","未繪設車道線","未繪設快慢車道分隔線","無","倒車撞","倒車未依規定","Y000","YY00",1,3,2013-09-28,"金門縣金湖鎮山外里山外48號前","","金門縣金湖鎮山外里山外48號前","118.4162306","24.4418802"
10209,"10209Y00020041","YYA1","10209YY000064",2013,9,29,7,49,"金門縣","金沙鎮","",NA,"蘭洋路","","",NA,"","","","","","浦邊路段",NA,NA,NA,NA,NA,NA,NA,NA,NA,0,1,0,"晴","日間自然光線","村里道路",40,"彎曲路及附近","一般車道（未劃分快慢車道）","柏油","乾燥","無缺陷","無障礙物","良好","無號誌","無號誌","附標記","未繪設車道線","未繪設快慢車道分隔線","有","撞護欄（樁）","未依規定減速","Y000","YY00",1,2,2013-09-29,"蘭洋路","","金門縣金沙鎮浦邊路段","118.3898548","24.4781702"
10209,"10209Y00020044","YYA1","10209YY000067",2013,9,30,9,45,"金門縣","金沙鎮","",NA,"環島北路","三","",NA,"","","","","","中蘭路段0143路燈前",NA,NA,NA,NA,NA,NA,NA,NA,NA,0,1,0,"晴","日間自然光線","村里道路",60,"三岔路","交岔口附近","柏油","濕潤","無缺陷","無障礙物","良好","無號誌","無號誌","無標記","未繪設車道線","未繪設快慢車道分隔線","有","路上翻車、摔倒","未注意車前狀態","Y000","YY00",1,2,2013-09-30,"環島北路三段","","金門縣金沙鎮中蘭路段0143路燈前","118.388325","24.466263"
10209,"10209Y00030010","YYA1","10209YY000072",2013,9,29,0,34,"金門縣","金湖鎮","正義里",NA,"環島南路","四","",NA,"","","","","","夏興路段0594路燈",NA,NA,NA,NA,NA,NA,NA,NA,NA,0,0,0,"陰","夜間（或隧道、地下道、涵洞）有照明","村里道路",50,"坡路","路肩、路緣","柏油","乾燥","無缺陷","無障礙物","良好","無號誌","無號誌","無標記","未繪設車道線","未繪設快慢車道分隔線","有","撞路樹、電桿","未依規定減速","Y000","YY00",1,3,2013-09-29,"環島南路四段","","金門縣金湖鎮正義里夏興路段0594路燈","118.40101","24.438041"
10209,"10209Y00020003","YZA1","10209YZ000003",2013,9,1,20,10,"金門縣","金寧鄉","",NA,"林湖路","","",NA,"95","","","","","",NA,NA,NA,NA,NA,NA,NA,NA,NA,0,1,0,"晴","夜間（或隧道、地下道、涵洞）有照明","村里道路",50,"直路","一般車道（未劃分快慢車道）","柏油","乾燥","無缺陷","無障礙物","良好","無號誌","無號誌","無標記","未繪設車道線","未繪設快慢車道分隔線","有","路上翻車、摔倒","未注意車前狀態","Y000","YZ00",1,2,2013-09-01,"林湖路95號","","金門縣金寧鄉","118.330303","24.4320985"
10209,"10209Y00020002","YZA1","10209YZ000004",2013,9,1,11,37,"金門縣","金寧鄉","",NA,"伯玉路","一","",NA,"222","","","","","",NA,NA,NA,NA,NA,NA,NA,NA,NA,0,2,0,"晴","日間自然光線","縣道",60,"三岔路","慢車道","柏油","乾燥","無缺陷","無障礙物","良好","無號誌","無號誌","無標記","未繪設車道線","快慢車道分隔線","有","側撞","起步未注意其他車（人）安全","Y000","YZ00",1,2,2013-09-01,"伯玉路一段222號","","金門縣金寧鄉","118.3267756","24.4346914"
10209,"10209Y00030002","YZA1","10209YZ000005",2013,9,2,15,44,"金門縣","金城鎮","",NA,"民生路","","",NA,"60","","","","","",NA,NA,NA,NA,NA,NA,NA,NA,NA,0,0,0,"晴","日間自然光線","村里道路",40,"三岔路","交岔路口內","柏油","乾燥","無缺陷","無障礙物","良好","無號誌","無號誌","無分向設施","未繪設車道線","未繪設快慢車道分隔線","有","側撞","左轉彎未依規定","Y000","YZ00",1,3,2013-09-02,"民生路60號","","金門縣金城鎮","118.3190184","24.43575"
10209,"10209Y00020004","YZA1","10209YZ000006",2013,9,3,9,50,"金門縣","金城鎮","西門里",NA,"民權路","","",NA,"","","","","","救國團前路段",NA,NA,NA,NA,NA,NA,NA,NA,NA,0,1,0,"晴","日間自然光線","鄉道",40,"三岔路","交岔口附近","柏油","乾燥","無缺陷","無障礙物","良好","行車管制號誌","正常","附標記","未繪設車道線","未繪設快慢車道分隔線","有","側撞","未依規定讓車","Y000","YZ00",1,2,2013-09-03,"民權路","","金門縣金城鎮西門里救國團前路段","118.3168946","24.4355379"
10209,"10209Y00020005","YZA1","10209YZ000007",2013,9,3,16,50,"金門縣","金城鎮","",NA,"北堤路","","",NA,"","","","","","29號前",NA,NA,NA,NA,NA,NA,NA,NA,NA,0,1,0,"晴","日間自然光線","村里道路",40,"三岔路","交岔路口內","柏油","乾燥","無缺陷","無障礙物","良好","無號誌","無號誌","無分向設施","未繪設車道線","未繪設快慢車道分隔線","有","追撞","左轉彎未依規定","Y000","YZ00",1,2,2013-09-03,"北堤路","","金門縣金城鎮29號前","118.3167419","24.4294062"
10209,"10209Y00020007","YZA1","10209YZ000008",2013,9,5,8,38,"金門縣","金城鎮","",NA,"民生路","","",NA,"9之13","","","","","",NA,NA,NA,NA,NA,NA,NA,NA,NA,0,1,0,"晴","日間自然光線","村里道路",40,"直路","一般車道（未劃分快慢車道）","其他鋪裝","乾燥","無缺陷","無障礙物","路上停放車輛","無號誌","無號誌","無分向設施","未繪設車道線","未繪設快慢車道分隔線","有","對向擦撞","未注意車前狀態","Y000","YZ00",1,2,2013-09-05,"民生路9-13號","","金門縣金城鎮","118.3190184","24.43575"
10209,"10209Y00020006","YZA1","10209YZ000009",2013,9,4,20,24,"金門縣","金城鎮","北門里",NA,"中興路","","",NA,"183","","","","","",NA,NA,NA,NA,NA,NA,NA,NA,NA,0,2,0,"晴","夜間（或隧道、地下道、涵洞）有照明","鄉道",40,"直路","一般車道（未劃分快慢車道）","柏油","乾燥","無缺陷","無障礙物","良好","無號誌","無號誌","附標記","未繪設車道線","未繪設快慢車道分隔線","有","對向擦撞","違規超車","Y000","YZ00",1,2,2013-09-04,"中興路183號","","金門縣金城鎮北門里","118.3193311","24.4341519"