"年月","總編號","處理單位","處理編號","年","月","日","時","分","縣市","區","村里","鄰","街道","段","巷","弄","號","公尺處","街道.1","段.1","側","附近","道路","公里","公尺處.1","向","車道","平交道","公里.1","公尺處.2","附近.1","死","受傷","X2.30","天候","光線","道路類別","速限","道路型態","事故位置","路面鋪裝","路面狀態","路面缺陷","障礙物","視距","號誌種類","號誌動作","分向設施","快車道或一般車道間","快慢車道間","路面邊線","事故類型及型態","主要肇因","警局","分局","案件類別","事故類別","日期","道路1","道路2","概略位置","lon","lat"
10209,"10209Y00020008","YZA1","10209YZ000010",2013,9,6,5,4,"金門縣","金城鎮","",NA,"環島西路","一","",NA,"","","","","","金巴黎KTV前路段",NA,NA,NA,NA,NA,NA,NA,NA,NA,0,1,0,"晴","夜間（或隧道、地下道、涵洞）有照明","村里道路",40,"三岔路","交岔口附近","柏油","乾燥","無缺陷","無障礙物","良好","無號誌","無號誌","附標記","未繪設車道線","未繪設快慢車道分隔線","有","路上翻車、摔倒","未依規定減速","Y000","YZ00",1,2,2013-09-06,"環島西路一段","","金門縣金城鎮金巴黎KTV前路段","118.3184801","24.4172073"
10209,"10209Y00020009","YZA1","10209YZ000011",2013,9,6,8,5,"金門縣","金寧鄉","",NA,"頂林路","","",NA,"","","","","","仁愛新村路段",NA,NA,NA,NA,NA,NA,NA,NA,NA,0,1,0,"晴","日間自然光線","村里道路",50,"三岔路","交岔口附近","柏油","乾燥","無缺陷","無障礙物","良好","無號誌","無號誌","無標記","未繪設車道線","未繪設快慢車道分隔線","有","側撞","未注意車前狀態","Y000","YZ00",1,2,2013-09-06,"頂林路","","金門縣金寧鄉仁愛新村路段","118.3246113","24.4625018"
10209,"10209Y00020011","YZA1","10209YZ000013",2013,9,7,7,0,"金門縣","金城鎮","",NA,"民權路","","",NA,"","","民生路","","","",NA,NA,NA,NA,NA,NA,NA,NA,NA,0,1,0,"晴","日間自然光線","村里道路",50,"四岔路","交岔路口內","柏油","乾燥","無缺陷","無障礙物","良好","行車管制號誌","正常","無分向設施","未繪設車道線","未繪設快慢車道分隔線","有","側撞","未依規定讓車","Y000","YZ00",1,2,2013-09-07,"民權路","民生路","","118.318387","24.437086"
10209,"10209Y00030004","YZA1","10209YZ000020",2013,9,12,6,50,"金門縣","金城鎮","",NA,"環島南路","一","",NA,"","","","","","小西門57號前路段",NA,NA,NA,NA,NA,NA,NA,NA,NA,0,0,0,"晴","日間自然光線","縣道",60,"直路","一般車道（未劃分快慢車道）","柏油","乾燥","無缺陷","無障礙物","良好","無號誌","無號誌","無標記","未繪設車道線","未繪設快慢車道分隔線","有","其他","違規停車或暫停不當而肇事","Y000","YZ00",1,3,2013-09-12,"環島南路一段","","金門縣金城鎮小西門57號前路段","118.3345375","24.4189091"
10209,"10209Y00020013","YZA1","10209YZ000021",2013,9,12,22,31,"金門縣","金城鎮","",NA,"北堤路","","",NA,"","","","","","民族路65巷口",NA,NA,NA,NA,NA,NA,NA,NA,NA,0,1,0,"晴","夜間（或隧道、地下道、涵洞）有照明","村里道路",40,"三岔路","交岔路口內","柏油","乾燥","無缺陷","無障礙物","良好","無號誌","無號誌","無分向設施","未繪設車道線","未繪設快慢車道分隔線","有","路上翻車、摔倒","未注意車前狀態","Y000","YZ00",1,2,2013-09-12,"北堤路","","金門縣金城鎮民族路65巷口","118.3167419","24.4294062"
10209,"10209Y00030006","YZA1","10209YZ000023",2013,9,13,18,7,"金門縣","金城鎮","",NA,"中興路","","",NA,"211","","","","","",NA,NA,NA,NA,NA,NA,NA,NA,NA,0,0,0,"晴","夜間（或隧道、地下道、涵洞）有照明","村里道路",40,"直路","一般車道（未劃分快慢車道）","柏油","乾燥","無缺陷","無障礙物","良好","無號誌","無號誌","無分向設施","未繪設車道線","未繪設快慢車道分隔線","有","其他","未注意車前狀態","Y000","YZ00",1,3,2013-09-13,"中興路211號","","金門縣金城鎮","118.320246","24.4345636"
10209,"10209Y00020014","YZA1","10209YZ000024",2013,9,14,12,15,"金門縣","金城鎮","",NA,"中興路","","146",NA,"21之1","","","","","",NA,NA,NA,NA,NA,NA,NA,NA,NA,0,1,0,"晴","日間自然光線","村里道路",40,"三岔路","交岔路口內","其他鋪裝","乾燥","無缺陷","路上有停車","良好","無號誌","無號誌","無分向設施","未繪設車道線","未繪設快慢車道分隔線","有","側撞","未依規定讓車","Y000","YZ00",1,2,2013-09-14,"中興路146巷21-1號","","金門縣金城鎮","118.3194084","24.4335167"
10209,"10209Y00020015","YZA1","10209YZ000025",2013,9,14,18,50,"金門縣","金寧鄉","",NA,"伯玉路","二","",NA,"","","","","","金民加油站前路段",NA,NA,NA,NA,NA,NA,NA,NA,NA,0,1,0,"晴","日間自然光線","村里道路",70,"直路","慢車道","柏油","乾燥","無缺陷","無障礙物","良好","無號誌","無號誌","無標記","未繪設車道線","快慢車道分隔線","有","路上翻車、摔倒","未注意車前狀態","Y000","YZ00",1,2,2013-09-14,"伯玉路二段","","金門縣金寧鄉金民加油站前路段","118.3416148","24.4414563"
10209,"10209Y00020048","YZA1","10209YZ000026",2013,9,14,22,9,"金門縣","金城鎮","東門里",NA,"民族路","","",NA,"66","","","","","",NA,NA,NA,NA,NA,NA,NA,NA,NA,0,1,0,"雨","夜間（或隧道、地下道、涵洞）有照明","村里道路",40,"直路","一般車道（未劃分快慢車道）","柏油","濕潤","無缺陷","無障礙物","良好","無號誌","無號誌","無標記","未繪設車道線","未繪設快慢車道分隔線","有","路上翻車、摔倒","酒醉（後）駕駛失控","Y000","YZ00",1,2,2013-09-14,"民族路66號","","金門縣金城鎮東門里","118.3157499","24.4302723"
10209,"10209Y00020049","YZA1","10209YZ000027",2013,9,15,13,10,"金門縣","金寧鄉","",NA,"林堡路","","",NA,"","","","","","00475號路燈桿前路段",NA,NA,NA,NA,NA,NA,NA,NA,NA,0,1,0,"晴","日間自然光線","村里道路",60,"直路","一般車道（未劃分快慢車道）","柏油","乾燥","無缺陷","無障礙物","良好","無號誌","無號誌","無標記","未繪設車道線","未繪設快慢車道分隔線","有","路上翻車、摔倒","不明原因肇事","Y000","YZ00",1,2,2013-09-15,"林堡路","","金門縣金寧鄉00475號路燈桿前路段","118.3345146","24.4434579"
10209,"10209Y00020018","YZA1","10209YZ000029",2013,9,15,19,37,"金門縣","金城鎮","",NA,"光前路","","",NA,"","","","","","華僑之家前路口",NA,NA,NA,NA,NA,NA,NA,NA,NA,0,1,0,"晴","夜間（或隧道、地下道、涵洞）有照明","鄉道",40,"三岔路","交岔口附近","柏油","乾燥","無缺陷","無障礙物","良好","無號誌","無號誌","無標記","未繪設車道線","未繪設快慢車道分隔線","有","追撞","未保持行車安全距離","Y000","YZ00",1,2,2013-09-15,"光前路","","金門縣金城鎮華僑之家前路口","118.3142468","24.4339885"
10209,"10209Y00020017","YZA1","10209YZ000033",2013,9,15,15,50,"金門縣","金城鎮","",NA,"西海路","三","22",22,"2","","","","","",NA,NA,NA,NA,NA,NA,NA,NA,NA,0,1,0,"晴","日間自然光線","村里道路",40,"巷弄","一般車道（未劃分快慢車道）","水泥","乾燥","有坑洞","道路工事（程）中","良好","無號誌","無號誌","無分向設施","未繪設車道線","未繪設快慢車道分隔線","無","撞工程施工","路況危險無安全（警告）設施","Y000","YZ00",1,2,2013-09-15,"西海路三段22巷22弄2號","","金門縣金城鎮","118.3124964","24.4226194"
10209,"10209Y00020047","YZA1","10209YZ000034",2013,9,14,17,0,"金門縣","金城鎮","西門里",NA,"莒光路","","",NA,"160","","","","","巷口",NA,NA,NA,NA,NA,NA,NA,NA,NA,0,1,0,"晴","日間自然光線","村里道路",30,"巷弄","一般車道（未劃分快慢車道）","水泥","乾燥","無缺陷","無障礙物","其他","無號誌","無號誌","無分向設施","未繪設車道線","未繪設快慢車道分隔線","無","側撞","使用手持行動電話失控","Y000","YZ00",1,2,2013-09-14,"莒光路160號","","金門縣金城鎮西門里巷口","118.3169343","24.432731"
10209,"10209Y00020022","YZA1","10209YZ000036",2013,9,18,7,30,"金門縣","金城鎮","",NA,"金山路","","",NA,"","","浯江路","","","路口",NA,NA,NA,NA,NA,NA,NA,NA,NA,0,1,0,"晴","日間自然光線","村里道路",40,"三岔路","交岔路口內","柏油","乾燥","無缺陷","無障礙物","良好","無號誌","無號誌","無分向設施","未繪設車道線","未繪設快慢車道分隔線","有","側撞","未保持行車安全距離","Y000","YZ00",1,2,2013-09-18,"金山路","浯江路","","118.3250295","24.42609024"
10209,"10209Y00020024","YZA1","10209YZ000038",2013,9,18,12,10,"金門縣","金寧鄉","湖浦村",NA,"慈湖路","三","",NA,"","","","","","03445號路燈桿前",NA,NA,NA,NA,NA,NA,NA,NA,NA,0,1,0,"晴","日間自然光線","鄉道",50,"直路","一般車道（未劃分快慢車道）","柏油","乾燥","無缺陷","無障礙物","彎道","無號誌","無號誌","附標記","未繪設車道線","未繪設快慢車道分隔線","有","路上翻車、摔倒","未依規定減速","Y000","YZ00",1,2,2013-09-18,"慈湖路三段","","金門縣金寧鄉湖浦村03445號路燈桿前","118.3001065","24.4637277"
10209,"10209Y00030007","YZA1","10209YZ000041",2013,9,19,16,9,"金門縣","金寧鄉","安美村",NA,"頂林路","","",NA,"","","","","","頂林路與瓊安路口",NA,NA,NA,NA,NA,NA,NA,NA,NA,0,0,0,"晴","日間自然光線","鄉道",50,"四岔路","交岔路口內","柏油","乾燥","無缺陷","無障礙物","良好","閃光號誌","正常","無分向設施","未繪設車道線","未繪設快慢車道分隔線","有","對撞","未依規定讓車","Y000","YZ00",1,3,2013-09-19,"頂林路","","金門縣金寧鄉安美村頂林路與瓊安路口","118.3246113","24.4625018"
10209,"10209Y00020027","YZA1","10209YZ000042",2013,9,20,15,20,"金門縣","烈嶼鄉","",NA,"八青路","","",NA,"","","","","","南塘社區路段",NA,NA,NA,NA,NA,NA,NA,NA,NA,0,1,0,"晴","日間自然光線","村里道路",50,"直路","一般車道（未劃分快慢車道）","柏油","乾燥","無缺陷","無障礙物","良好","無號誌","無號誌","無標記","未繪設車道線","未繪設快慢車道分隔線","有","其他","裝載貨物不穩妥","Y000","YZ00",1,2,2013-09-20,"八青路","","金門縣烈嶼鄉南塘社區路段","118.2364682","24.422863"
10209,"10209Y00020028","YZA1","10209YZ000045",2013,9,20,19,12,"金門縣","金寧鄉","湖埔村",NA,"慈湖路","一","",NA,"113","","","","","",NA,NA,NA,NA,NA,NA,NA,NA,NA,0,1,0,"晴","夜間（或隧道、地下道、涵洞）有照明","鄉道",50,"直路","一般車道（未劃分快慢車道）","柏油","乾燥","無缺陷","無障礙物","良好","無號誌","無號誌","附標記","未繪設車道線","未繪設快慢車道分隔線","有","穿越道路中","穿越道路未注意左右來車","Y000","YZ00",1,2,2013-09-20,"慈湖路一段113號","","金門縣金寧鄉湖埔村","118.3117387","24.4416084"
10209,"10209Y00020030","YZA1","10209YZ000046",2013,9,20,21,33,"金門縣","金城鎮","",NA,"民權路","","",NA,"182","","","","","中華電信前路段",NA,NA,NA,NA,NA,NA,NA,NA,NA,0,2,0,"晴","夜間（或隧道、地下道、涵洞）有照明","村里道路",40,"四岔路","穿越道附近","柏油","乾燥","無缺陷","無障礙物","良好","無號誌","無號誌","無分向設施","未繪設車道線","未繪設快慢車道分隔線","有","穿越道路中","穿越道路未注意左右來車","Y000","YZ00",1,2,2013-09-20,"民權路182號","","金門縣金城鎮中華電信前路段","118.3192898","24.4381016"
10209,"10209Y00020025","YZA1","10209YZ000047",2013,9,19,13,50,"金門縣","金城鎮","珠沙里",NA,"金山路","","",NA,"","","","","","5626路燈桿",NA,NA,NA,NA,NA,NA,NA,NA,NA,0,1,0,"晴","日間自然光線","縣道",50,"直路","一般車道（未劃分快慢車道）","柏油","乾燥","無缺陷","有堆積物","樹木、農作物","無號誌","無號誌","無標記","禁止雙換車道線（附標記）","未繪設快慢車道分隔線","有","路上翻車、摔倒","尚未發現肇事因素","Y000","YZ00",1,2,2013-09-19,"金山路","","金門縣金城鎮珠沙里5626路燈桿","118.3277754","24.4167689"
10209,"10209Y00020033","YZA1","10209YZ000049",2013,9,22,18,28,"金門縣","金寧鄉","",NA,"伯玉路","二","",NA,"","","","","","00964號燈桿前路段",NA,NA,NA,NA,NA,NA,NA,NA,NA,0,2,0,"雨","夜間（或隧道、地下道、涵洞）有照明","縣道",70,"直路","慢車道","柏油","濕潤","無缺陷","無障礙物","良好","無號誌","無號誌","無標記","未繪設車道線","快慢車道分隔線","有","追撞","未注意車前狀態","Y000","YZ00",1,2,2013-09-22,"伯玉路二段","","金門縣金寧鄉00964號燈桿前路段","118.3416148","24.4414563"
10209,"10209Y00020034","YZA1","10209YZ000053",2013,9,23,12,45,"金門縣","金寧鄉","",NA,"大學路","","",NA,"","","","","","理工學院前路段",NA,NA,NA,NA,NA,NA,NA,NA,NA,0,1,0,"晴","日間自然光線","專用道路",30,"直路","一般車道（未劃分快慢車道）","水泥","乾燥","無缺陷","無障礙物","良好","無號誌","無號誌","附標記","未繪設車道線","未繪設快慢車道分隔線","有","其他","起步未注意其他車（人）安全","Y000","YZ00",1,2,2013-09-23,"大學路","","金門縣金寧鄉理工學院前路段","118.325279","24.4466751"
10209,"10209Y00020032","YZA1","10209YZ000055",2013,9,21,21,15,"金門縣","金寧鄉","",NA,"環島北路","二","",NA,"","","","","","0107號路燈桿前路段",NA,NA,NA,NA,NA,NA,NA,NA,NA,0,1,0,"強風","夜間（或隧道、地下道、涵洞）有照明","鄉道",60,"直路","一般車道（未劃分快慢車道）","柏油","乾燥","無缺陷","無障礙物","良好","無號誌","無號誌","無標記","未繪設車道線","未繪設快慢車道分隔線","有","撞路樹、電桿","超速失控","Y000","YZ00",1,2,2013-09-21,"環島北路二段","","金門縣金寧鄉0107號路燈桿前路段","118.3537405","24.452631"
10209,"10209Y00020036","YZA1","10209YZ000057",2013,9,26,12,20,"金門縣","金城鎮","",NA,"民權路","","",NA,"228","","","","","",NA,NA,NA,NA,NA,NA,NA,NA,NA,0,2,0,"晴","日間自然光線","村里道路",50,"四岔路","交岔路口內","柏油","乾燥","無缺陷","無障礙物","良好","無號誌","無號誌","無分向設施","未繪設車道線","未繪設快慢車道分隔線","有","側撞","違規超車","Y000","YZ00",1,2,2013-09-26,"民權路228號","","金門縣金城鎮","118.3203705","24.4392567"
10209,"10209Y00020037","YZA1","10209YZ000058",2013,9,26,17,50,"金門縣","金城鎮","",NA,"民權路","","",NA,"","","珠浦北路","","","",NA,NA,NA,NA,NA,NA,NA,NA,NA,0,1,0,"晴","晨或暮光","村里道路",50,"四岔路","交岔路口內","柏油","乾燥","無缺陷","無障礙物","良好","行車管制號誌","正常","無分向設施","未繪設車道線","未繪設快慢車道分隔線","有","側撞","左轉彎未依規定","Y000","YZ00",1,2,2013-09-26,"民權路","珠浦北路","","118.3161299","24.43473165"
10209,"10209Y00020038","YZA1","10209YZ000060",2013,9,27,19,30,"金門縣","金寧鄉","",NA,"環島西路","","",NA,"","","大學路","","","",NA,NA,NA,NA,NA,NA,NA,NA,NA,0,1,0,"晴","夜間（或隧道、地下道、涵洞）有照明","村里道路",60,"三岔路","交岔路口內","柏油","乾燥","無缺陷","無障礙物","良好","閃光號誌","正常","附標記","未繪設車道線","未繪設快慢車道分隔線","有","其他","未依規定讓車","Y000","YZ00",1,2,2013-09-27,"環島西路","大學路","","118.319604","24.444293"
10209,"10209Y00020039","YZA1","10209YZ000062",2013,9,28,13,40,"金門縣","金寧鄉","",NA,"環島西路","二","",NA,"","","","","","埔後路口",NA,NA,NA,NA,NA,NA,NA,NA,NA,0,2,0,"晴","日間自然光線","縣道",50,"多岔路","交岔路口內","柏油","乾燥","無缺陷","無障礙物","良好","無號誌","無號誌","無分向設施","未繪設車道線","未繪設快慢車道分隔線","有","側撞","左轉彎未依規定","Y000","YZ00",1,2,2013-09-28,"環島西路二段","","金門縣金寧鄉埔後路口","118.3148723","24.4566699"
10209,"10209Y00020040","YZA1","10209YZ000063",2013,9,28,17,49,"金門縣","烈嶼鄉","",NA,"湖埔路","","",NA,"","","","","","黃厝37號前路段",NA,NA,NA,NA,NA,NA,NA,NA,NA,0,1,0,"晴","晨或暮光","鄉道",50,"三岔路","交岔口附近","柏油","乾燥","突出（高低）不平","無障礙物","良好","無號誌","無號誌","無標記","未繪設車道線","未繪設快慢車道分隔線","有","路上翻車、摔倒","未注意車前狀態","Y000","YZ00",1,2,2013-09-28,"湖埔路","","金門縣烈嶼鄉黃厝37號前路段","118.258388","24.4413942"
10209,"10209Y00020042","YZA1","10209YZ000065",2013,9,29,11,15,"金門縣","金寧鄉","榜林村",NA,"伯玉路","一","",NA,"232","","","","","",NA,NA,NA,NA,NA,NA,NA,NA,NA,0,1,0,"晴","日間自然光線","村里道路",60,"直路","一般車道（未劃分快慢車道）","柏油","乾燥","無缺陷","無障礙物","良好","無號誌","無號誌","附標記","未繪設車道線","快慢車道分隔線","有","側撞","未依規定讓車","Y000","YZ00",1,2,2013-09-29,"伯玉路一段232號","","金門縣金寧鄉榜林村","118.3267756","24.4346914"
10209,"10209Y00020043","YZA1","10209YZ000066",2013,9,29,19,15,"金門縣","金寧鄉","安美里",NA,"瓊安路","","",NA,"","","","","","07459號路燈桿前",NA,NA,NA,NA,NA,NA,NA,NA,NA,0,1,0,"晴","夜間（或隧道、地下道、涵洞）有照明","村里道路",50,"直路","一般車道（未劃分快慢車道）","柏油","乾燥","無缺陷","無障礙物","良好","無號誌","無號誌","附標記","未繪設車道線","未繪設快慢車道分隔線","有","衝出路外","未注意車前狀態","Y000","YZ00",1,2,2013-09-29,"瓊安路","","金門縣金寧鄉安美里07459號路燈桿前","118.343873","24.4603508"
10209,"10209Y00020051","YZA1","10209YZ000068",2013,9,30,12,55,"金門縣","金城鎮","",NA,"民族路","","",NA,"282","","","","","",NA,NA,NA,NA,NA,NA,NA,NA,NA,0,2,0,"晴","日間自然光線","村里道路",40,"直路","一般車道（未劃分快慢車道）","柏油","乾燥","無缺陷","路上有停車","良好","無號誌","無號誌","無標記","未繪設車道線","未繪設快慢車道分隔線","有","穿越道路中","未依標誌、標線、號誌或手勢指揮穿越道路","Y000","YZ00",1,2,2013-09-30,"民族路282號","","金門縣金城鎮","118.3157499","24.4302723"
10209,"10209Y00030011","YZA1","10209YZ000069",2013,9,30,20,10,"金門縣","金城鎮","西門里",NA,"環島北路","","",NA,"32","","","","","",NA,NA,NA,NA,NA,NA,NA,NA,NA,0,0,0,"晴","夜間（或隧道、地下道、涵洞）有照明","縣道",60,"直路","一般車道（未劃分快慢車道）","柏油","乾燥","無缺陷","無障礙物","良好","無號誌","無號誌","無標記","未繪設車道線","未繪設快慢車道分隔線","有","追撞","未保持行車安全距離","Y000","YZ00",1,3,2013-09-30,"環島北路32號","","金門縣金城鎮西門里","118.322662","24.441264"
10209,"10209Y00020046","YZA1","10209YZ000070",2013,9,30,21,45,"金門縣","金城鎮","東門里",NA,"環島西路","一","",NA,"101-8","","","","","",NA,NA,NA,NA,NA,NA,NA,NA,NA,0,1,0,"晴","夜間（或隧道、地下道、涵洞）有照明","村里道路",50,"直路","一般車道（未劃分快慢車道）","柏油","乾燥","無缺陷","無障礙物","良好","無號誌","無號誌","附標記","未繪設車道線","未繪設快慢車道分隔線","有","其他","未依規定讓車","Y000","YZ00",1,2,2013-09-30,"環島西路一段101-8號","","金門縣金城鎮東門里","118.3184801","24.4172073"
10209,"10209Y00020045","YZA1","10209YZ000071",2013,9,30,10,19,"金門縣","烈嶼鄉","",NA,"","","",NA,"","","","","","西宅忠仁亭前路段",NA,NA,NA,NA,NA,NA,NA,NA,NA,0,1,0,"晴","日間自然光線","村里道路",40,"四岔路","交岔路口內","柏油","乾燥","無缺陷","其他障礙物","其他","無號誌","無號誌","無分向設施","未繪設車道線","未繪設快慢車道分隔線","有","路口交岔撞","未依規定讓車","Y000","YZ00",1,2,2013-09-30,"金門縣烈嶼鄉西宅忠仁亭前路段","","金門縣烈嶼鄉西宅忠仁亭前路段","118.248416","24.428949"
10210,"","YYA1","10210YY000001",2013,10,1,1,13,"金門縣","金沙鎮","",NA,"環島北路","三","",NA,"","","","","","0166路燈前",NA,NA,NA,NA,NA,NA,NA,NA,NA,0,0,0,"晴","夜間（或隧道、地下道、涵洞）有照明","村里道路",60,"直路","一般車道（未劃分快慢車道）","柏油","乾燥","無缺陷","無障礙物","良好","無號誌","無號誌","無標記","車道線（無標記）","未繪設快慢車道分隔線","有","撞護欄（樁）","未注意車前狀態","Y000","YY00",1,4,2013-10-01,"環島北路三段","","金門縣金沙鎮0166路燈前","118.388325","24.466263"
10210,"","YYA1","10210YY000018",2013,10,8,14,30,"金門縣","金湖鎮","",NA,"金港路","","",NA,"","","","","","05731號路燈",NA,NA,NA,NA,NA,NA,NA,NA,NA,0,0,0,"晴",NA,NA,50,NA,NA,NA,NA,NA,NA,NA,NA,NA,NA,NA,NA,NA,NA,NA,"Y000","YY00",1,4,2013-10-08,"金港路","","金門縣金湖鎮05731號路燈","118.4341546","24.4172342"
10210,"10210Y00030005","YYA1","10210YY000021",2013,10,10,18,15,"金門縣","金湖鎮","",NA,"","","",NA,"","","","","","尚義機場貨運站入口附近",NA,NA,NA,NA,NA,NA,NA,NA,NA,0,0,0,"晴","夜間（或隧道、地下道、涵洞）有照明","其他",40,"廣場","其他","水泥","乾燥","無缺陷","無障礙物","良好","無號誌","無號誌","無分向設施","未繪設車道線","未繪設快慢車道分隔線","無","倒車撞","倒車未依規定","Y000","YY00",1,3,2013-10-10,"金門縣金湖鎮尚義機場貨運站入口附近","","金門縣金湖鎮尚義機場貨運站入口附近","118.376631","24.437699"
10210,"","YYA1","10210YY000023",2013,10,11,16,0,"金門縣","金湖鎮","",NA,"中正路","","",NA,"","","自強路","","","",NA,NA,NA,NA,NA,NA,NA,NA,NA,0,0,0,"晴","日間自然光線","村里道路",40,"四岔路","交岔路口內","柏油","乾燥","無缺陷","無障礙物","良好","無號誌","無號誌","無分向設施","未繪設車道線","未繪設快慢車道分隔線","有","路口交岔撞","未依規定讓車","Y000","YY00",3,3,2013-10-11,"中正路","自強路","","118.4156185","24.44089977"
10210,"10210Y00020002","YYA1","10210YY000024",2013,10,12,20,0,"金門縣","金沙鎮","",NA,"蘭洋路","","",NA,"","","","","","浦邊107號旁",NA,NA,NA,NA,NA,NA,NA,NA,NA,0,1,0,"陰","夜間（或隧道、地下道、涵洞）有照明","村里道路",50,"直路","一般車道（未劃分快慢車道）","柏油","乾燥","無缺陷","無障礙物","良好","無號誌","無號誌","無標記","未繪設車道線","未繪設快慢車道分隔線","有","追撞","未注意車前狀態","Y000","YY00",1,2,2013-10-12,"蘭洋路","","金門縣金沙鎮浦邊107號旁","118.3898548","24.4781702"
10210,"10210Y00020017","YYA1","10210YY000025",2013,10,13,7,45,"金門縣","金湖鎮","",NA,"環島南路","四","",NA,"","","","","","塔后125之8號前路口",NA,NA,NA,NA,NA,NA,NA,NA,NA,0,1,0,"晴","日間自然光線","村里道路",50,"三岔路","交岔路口內","柏油","乾燥","無缺陷","無障礙物","良好","無號誌","無號誌","無分向設施","未繪設車道線","未繪設快慢車道分隔線","有","側撞","未依規定讓車","Y000","YY00",1,2,2013-10-13,"環島南路四段","","金門縣金湖鎮塔后125之8號前路口","118.40101","24.438041"
10210,"","YYA1","10210YY000026",2013,10,13,15,30,"金門縣","金湖鎮","",NA,"環島東路","五","",NA,"","","","","","下湖47號前",NA,NA,NA,NA,NA,NA,NA,NA,NA,0,0,0,NA,NA,NA,0,NA,NA,NA,NA,NA,NA,NA,NA,NA,NA,NA,NA,NA,NA,NA,"Y000","YY00",1,4,2013-10-13,"環島東路五段","","金門縣金湖鎮下湖47號前","118.446814","24.4338343"
10210,"10210Y00030006","YYA1","10210YY000029",2013,10,15,16,7,"金門縣","金湖鎮","",NA,"金港路","","",NA,"","","","","","媽祖公園路口",NA,NA,NA,NA,NA,NA,NA,NA,NA,0,0,0,"晴","日間自然光線","村里道路",50,"四岔路","交岔路口內","柏油","乾燥","無缺陷","無障礙物","良好","無號誌","無號誌","無分向設施","未繪設車道線","未繪設快慢車道分隔線","有","路口交岔撞","未依規定讓車","Y000","YY00",1,3,2013-10-15,"金港路","","金門縣金湖鎮媽祖公園路口","118.4341546","24.4172342"
10210,"10210Y00020019","YYA1","10210YY000031",2013,10,15,22,9,"金門縣","金湖鎮","",NA,"","","",NA,"","","","","","環島南路3段與瓊義路路口",NA,NA,NA,NA,NA,NA,NA,NA,NA,0,1,0,"陰","夜間（或隧道、地下道、涵洞）有照明","村里道路",50,"四岔路","交岔路口內","柏油","乾燥","無缺陷","無障礙物","良好","閃光號誌","正常","無分向設施","未繪設車道線","未繪設快慢車道分隔線","有","側撞","未依規定讓車","Y000","YY00",1,2,2013-10-15,"金門縣金湖鎮環島南路3段與瓊義路路口","","金門縣金湖鎮環島南路3段與瓊義路路口","118.3757827","24.4398961"
10210,"10210Y00020040","YYA1","10210YY000035",2013,10,19,17,10,"金門縣","金湖鎮","",NA,"士校路","","",NA,"1","","","","","",NA,NA,NA,NA,NA,NA,NA,NA,NA,0,1,0,"晴","日間自然光線","村里道路",40,"三岔路","交岔路口內","柏油","乾燥","無缺陷","無障礙物","良好","無號誌","無號誌","無分向設施","未繪設車道線","未繪設快慢車道分隔線","有","路口交岔撞","未依規定減速","Y000","YY00",1,2,2013-10-19,"士校路1號","","金門縣金湖鎮","118.4271704","24.4453138"
10210,"","YYA1","10210YY000037",2013,10,20,8,5,"金門縣","金湖鎮","",NA,"太湖路","二","",NA,"","","黃海路","","北","新市圓環",NA,NA,NA,NA,NA,NA,NA,NA,NA,0,0,0,NA,NA,NA,0,NA,NA,NA,NA,NA,NA,NA,NA,NA,NA,NA,NA,NA,NA,NA,"Y000","YY00",1,4,2013-10-20,"太湖路二段","黃海路","","118.413177","24.44068908"
10210,"10210Y00020026","YYA1","10210YY000040",2013,10,22,7,17,"金門縣","金湖鎮","",NA,"環島南路","五","",NA,"","","士校路","","","",NA,NA,NA,NA,NA,NA,NA,NA,NA,0,1,0,"晴","日間自然光線","村里道路",40,"四岔路","交岔路口內","柏油","乾燥","無缺陷","無障礙物","良好","閃光號誌","正常","無分向設施","未繪設車道線","未繪設快慢車道分隔線","有","路口交岔撞","未依規定讓車","Y000","YY00",1,2,2013-10-22,"環島南路五段","士校路","","118.418513","24.434034"
10210,"","YY00","10210YY000041",2013,10,23,11,0,"金門縣","金湖鎮","",NA,"","","",NA,"","","","","","零售市場後側停車場",NA,NA,NA,NA,NA,NA,NA,NA,NA,0,0,0,NA,NA,NA,0,NA,NA,NA,NA,NA,NA,NA,NA,NA,NA,NA,NA,NA,NA,NA,"Y000","YY00",1,4,2013-10-23,"金門縣金湖鎮零售市場後側停車場","","金門縣金湖鎮零售市場後側停車場","118.4279933","24.4376913"
10210,"","YYA1","10210YY000042",2013,10,23,17,10,"金門縣","金湖鎮","",NA,"","","",NA,"","","","","","重劃區",NA,NA,NA,NA,NA,NA,NA,NA,NA,0,0,0,NA,NA,NA,0,NA,NA,NA,NA,NA,NA,NA,NA,NA,NA,NA,NA,NA,NA,NA,"Y000","YY00",4,4,2013-10-23,"金門縣金湖鎮重劃區","","金門縣金湖鎮重劃區","118.4279933","24.4376913"
10210,"10210Y00020031","YYA1","10210YY000047",2013,10,26,11,6,"金門縣","金湖鎮","新湖里",NA,"","","",NA,"","","","","","林兜39號",NA,NA,NA,NA,NA,NA,NA,NA,NA,0,1,0,"晴","日間自然光線","村里道路",40,"直路","一般車道（未劃分快慢車道）","其他鋪裝","乾燥","無缺陷","路上有停車","良好","無號誌","無號誌","無分向設施","未繪設車道線","未繪設快慢車道分隔線","無","路上翻車、摔倒","未注意車前狀態","Y000","YY00",1,2,2013-10-26,"金門縣金湖鎮新湖里林兜39號","","金門縣金湖鎮新湖里林兜39號","118.417239","24.439798"