"年月","總編號","處理單位","處理編號","年","月","日","時","分","縣市","區","村里","鄰","街道","段","巷","弄","號","公尺處","街道.1","段.1","側","附近","道路","公里","公尺處.1","向","車道","平交道","公里.1","公尺處.2","附近.1","死","受傷","X2.30","天候","光線","道路類別","速限","道路型態","事故位置","路面鋪裝","路面狀態","路面缺陷","障礙物","視距","號誌種類","號誌動作","分向設施","快車道或一般車道間","快慢車道間","路面邊線","事故類型及型態","主要肇因","警局","分局","案件類別","事故類別","日期","道路1","道路2","概略位置","lon","lat"
10210,"10210Y00030007","YYA1","10210YY000050",2013,10,27,11,40,"金門縣","金湖鎮","",NA,"環島南路","四","",NA,"","","","","","夏興路段",NA,NA,NA,NA,NA,NA,NA,NA,NA,0,0,0,"晴","日間自然光線","村里道路",50,"直路","一般車道（未劃分快慢車道）","柏油","乾燥","無缺陷","無障礙物","良好","無號誌","無號誌","附標記","未繪設車道線","快慢車道分隔線","有","追撞","未保持行車安全距離","Y000","YY00",1,3,2013-10-27,"環島南路四段","","金門縣金湖鎮夏興路段","118.40101","24.438041"
10210,"10210Y00020034","YYA1","10210YY000051",2013,10,28,14,0,"金門縣","金沙鎮","",NA,"沙青路","","",NA,"","","陽沙路","","","",NA,NA,NA,NA,NA,NA,NA,NA,NA,0,1,0,"晴","日間自然光線","村里道路",50,"三岔路","交岔路口內","柏油","乾燥","無缺陷","無障礙物","良好","無號誌","無號誌","無分向設施","未繪設車道線","未繪設快慢車道分隔線","有","側撞","未依規定讓車","Y000","YY00",1,2,2013-10-28,"沙青路","陽沙路","","118.4115237","24.4938586"
10210,"10210Y00020035","YYA1","10210YY000052",2013,10,29,9,5,"金門縣","金沙鎮","",NA,"高陽路","","",NA,"","","","","","斗門路口",NA,NA,NA,NA,NA,NA,NA,NA,NA,0,1,0,"晴","日間自然光線","村里道路",60,"四岔路","交岔路口內","柏油","乾燥","無缺陷","無障礙物","良好","無號誌","無號誌","無分向設施","未繪設車道線","未繪設快慢車道分隔線","有","追撞","未保持行車安全距離","Y000","YY00",1,2,2013-10-29,"高陽路","","金門縣金沙鎮斗門路口","118.4078483","24.4727311"
10210,"","YYA1","10210YY000055",2013,10,29,21,0,"金門縣","金湖鎮","",NA,"伯玉路","四","",NA,"","","","","","瓊林圓環",NA,NA,NA,NA,NA,NA,NA,NA,NA,0,0,0,NA,NA,NA,0,NA,NA,NA,NA,NA,NA,NA,NA,NA,NA,NA,NA,NA,NA,NA,"Y000","YY00",1,4,2013-10-29,"伯玉路四段","","金門縣金湖鎮瓊林圓環","118.3798588","24.4470039"
10210,"10210Y00020038","YYA1","10210YY000057",2013,10,31,13,25,"金門縣","金湖鎮","",NA,"伯玉路","五","",NA,"","","","","","無愧亭路段",NA,NA,NA,NA,NA,NA,NA,NA,NA,0,1,0,"晴","日間自然光線","村里道路",60,"彎曲路及附近","路肩、路緣","柏油","乾燥","無缺陷","無障礙物","良好","無號誌","無號誌","附標記","未繪設車道線","未繪設快慢車道分隔線","有","撞護欄（樁）","未依規定減速","Y000","YY00",1,2,2013-10-31,"伯玉路五段","","金門縣金湖鎮無愧亭路段","118.3897645","24.4505133"
10210,"10210Y00020039","YYA1","10210YY000058",2013,10,31,15,14,"金門縣","金沙鎮","",NA,"環中路","","",NA,"","","","","","太武山圓環至挹洪橋路段",NA,NA,NA,NA,NA,NA,NA,NA,NA,0,1,0,"晴","日間自然光線","村里道路",50,"坡路","一般車道（未劃分快慢車道）","柏油","乾燥","無缺陷","無障礙物","良好","無號誌","無號誌","無標記","未繪設車道線","未繪設快慢車道分隔線","有","路上翻車、摔倒","未注意車前狀態","Y000","YY00",1,2,2013-10-31,"環中路","","金門縣金沙鎮太武山圓環至挹洪橋路段","118.3912208","24.4595516"
10210,"10210Y00020003","YZA1","10210YZ000002",2013,10,1,17,27,"金門縣","金寧鄉","",NA,"環島西路","二","",NA,"","","","","","0812號路燈桿前路段",NA,NA,NA,NA,NA,NA,NA,NA,NA,0,2,0,"晴","日間自然光線","村里道路",50,"直路","一般車道（未劃分快慢車道）","柏油","乾燥","無缺陷","無障礙物","良好","無號誌","無號誌","無標記","未繪設車道線","未繪設快慢車道分隔線","有","追撞","未保持行車安全距離","Y000","YZ00",1,2,2013-10-01,"環島西路二段","","金門縣金寧鄉0812號路燈桿前路段","118.3148723","24.4566699"
10210,"","YZA1","10210YZ000003",2013,10,2,7,45,"金門縣","金寧鄉","",NA,"林湖路","","",NA,"","","桃園路","","","",NA,NA,NA,NA,NA,NA,NA,NA,NA,0,0,0,"晴",NA,NA,50,NA,NA,NA,NA,NA,NA,NA,NA,NA,NA,NA,NA,NA,NA,NA,"Y000","YZ00",1,4,2013-10-02,"林湖路","桃園路","","118.3304096","24.43245545"
10210,"10210Y00020004","YZA1","10210YZ000004",2013,10,3,5,30,"金門縣","金寧鄉","湖埔村",NA,"慈湖路","二","",NA,"","","","","","湖下候車亭前路段",NA,NA,NA,NA,NA,NA,NA,NA,NA,0,1,0,"陰","晨或暮光","村里道路",60,"直路","一般車道（未劃分快慢車道）","柏油","乾燥","無缺陷","無障礙物","良好","無號誌","無號誌","無標記","未繪設車道線","未繪設快慢車道分隔線","無","側撞","未依規定讓車","Y000","YZ00",1,2,2013-10-03,"慈湖路二段","","金門縣金寧鄉湖埔村湖下候車亭前路段","118.3086295","24.4503462"
10210,"10210Y00020005","YZA1","10210YZ000005",2013,10,3,13,25,"金門縣","金寧鄉","",NA,"大學路","","",NA,"1","","","","","教學大樓前路口",NA,NA,NA,NA,NA,NA,NA,NA,NA,0,1,0,"晴","日間自然光線","村里道路",40,"三岔路","交岔路口內","水泥","乾燥","無缺陷","無障礙物","良好","無號誌","無號誌","無分向設施","未繪設車道線","未繪設快慢車道分隔線","有","側撞","未依規定讓車","Y000","YZ00",1,2,2013-10-03,"大學路1號","","金門縣金寧鄉教學大樓前路口","118.325279","24.4466751"
10210,"10210Y00020006","YZA1","10210YZ000006",2013,10,3,17,20,"金門縣","金寧鄉","",NA,"頂林路","","",NA,"","","","","","湖南37號前",NA,NA,NA,NA,NA,NA,NA,NA,NA,0,1,0,"晴","日間自然光線","村里道路",50,"四岔路","交岔口附近","柏油","乾燥","無缺陷","無障礙物","良好","無號誌","無號誌","無標記","未繪設車道線","未繪設快慢車道分隔線","有","追撞","未保持行車安全距離","Y000","YZ00",1,2,2013-10-03,"頂林路","","金門縣金寧鄉湖南37號前","118.3246113","24.4625018"
10210,"10210Y00020001","YZA1","10210YZ000007",2013,10,3,19,13,"金門縣","金城鎮","西門里",NA,"環島北路","一","",NA,"","","民權路","","","救國團前路段",NA,NA,NA,NA,NA,NA,NA,NA,NA,0,1,0,"晴","夜間（或隧道、地下道、涵洞）有照明","村里道路",50,"三岔路","交岔路口內","柏油","乾燥","無缺陷","無障礙物","良好","行車管制號誌","正常","無分向設施","未繪設車道線","未繪設快慢車道分隔線","有","側撞","未依規定讓車","Y000","YZ00",1,2,2013-10-03,"環島北路一段","民權路","","118.321074","24.439927"
10210,"10210Y00030002","YZA1","10210YZ000008",2013,10,4,20,20,"金門縣","金城鎮","",NA,"民族路","","",NA,"103","","","","","",NA,NA,NA,NA,NA,NA,NA,NA,NA,0,0,0,"晴","夜間（或隧道、地下道、涵洞）有照明","村里道路",50,"直路","一般車道（未劃分快慢車道）","柏油","乾燥","無缺陷","無障礙物","良好","無號誌","無號誌","無分向設施","車道線（無標記）","未繪設快慢車道分隔線","有","對向擦撞","逆向行駛","Y000","YZ00",1,3,2013-10-04,"民族路103號","","金門縣金城鎮","118.3157499","24.4302723"
10210,"10210Y00020007","YZA1","10210YZ000009",2013,10,4,20,15,"金門縣","金城鎮","",NA,"中興路","","",NA,"65","","","","","",NA,NA,NA,NA,NA,NA,NA,NA,NA,0,1,0,"晴","夜間（或隧道、地下道、涵洞）有照明","村里道路",40,"直路","一般車道（未劃分快慢車道）","柏油","乾燥","無缺陷","無障礙物","良好","無號誌","無號誌","無分向設施","未繪設車道線","未繪設快慢車道分隔線","無","同向擦撞","未保持行車安全間隔","Y000","YZ00",1,2,2013-10-04,"中興路65號","","金門縣金城鎮","118.3173522","24.4330032"
10210,"10210Y00030001","YZA1","10210YZ000010",2013,10,4,20,17,"金門縣","金城鎮","",NA,"民生路","","",NA,"","","","","","金城車站圓環",NA,NA,NA,NA,NA,NA,NA,NA,NA,0,0,0,"晴","夜間（或隧道、地下道、涵洞）有照明","村里道路",40,"四岔路","交岔路口內","柏油","乾燥","無缺陷","無障礙物","良好","無號誌","無號誌","無分向設施","未繪設車道線","未繪設快慢車道分隔線","有","其他","逆向行駛","Y000","YZ00",1,3,2013-10-04,"民生路","","金門縣金城鎮金城車站圓環","118.3190184","24.43575"
10210,"10210Y00020009","YZA1","10210YZ000011",2013,10,5,10,7,"金門縣","金城鎮","",NA,"莒光路","一","",NA,"44","","","","","",NA,NA,NA,NA,NA,NA,NA,NA,NA,0,1,0,"晴","日間自然光線","村里道路",40,"三岔路","交岔路口內","其他鋪裝","乾燥","無缺陷","無障礙物","良好","無號誌","無號誌","無分向設施","未繪設車道線","未繪設快慢車道分隔線","無","其他","穿越道路未注意左右來車","Y000","YZ00",1,2,2013-10-05,"莒光路一段44號","","金門縣金城鎮","118.3188122","24.4310644"
10210,"10210Y00020008","YZA1","10210YZ000012",2013,10,5,4,23,"金門縣","金寧鄉","",NA,"伯玉路","一","",NA,"","","","","","榜林圓環",NA,NA,NA,NA,NA,NA,NA,NA,NA,0,1,0,"晴","夜間（或隧道、地下道、涵洞）有照明","村里道路",60,"圓環","一般車道（未劃分快慢車道）","柏油","乾燥","無缺陷","無障礙物","良好","無號誌","無號誌","無分向設施","車道線（附標記）","未繪設快慢車道分隔線","有","撞非固定設施","酒醉（後）駕駛失控","Y000","YZ00",1,2,2013-10-05,"伯玉路一段","","金門縣金寧鄉榜林圓環","118.3267756","24.4346914"
10210,"10210Y00030003","YZA1","10210YZ000013",2013,10,6,10,20,"金門縣","金城鎮","",NA,"珠浦北路","","",NA,"","","","","","34號前路段",NA,NA,NA,NA,NA,NA,NA,NA,NA,0,0,0,"晴","夜間（或隧道、地下道、涵洞）有照明","村里道路",40,"巷弄","一般車道（未劃分快慢車道）","水泥","乾燥","無缺陷","無障礙物","良好","無號誌","無號誌","無分向設施","未繪設車道線","未繪設快慢車道分隔線","有","其他","未注意車前狀態","Y000","YZ00",1,3,2013-10-06,"珠浦北路","","金門縣金城鎮34號前路段","118.3172552","24.4337778"
10210,"10210Y00020011","YZA1","10210YZ000014",2013,10,5,23,0,"金門縣","金城鎮","",NA,"環島北路","","",NA,"","","","","","林湖路口",NA,NA,NA,NA,NA,NA,NA,NA,NA,0,1,0,"晴","夜間（或隧道、地下道、涵洞）有照明","縣道",60,"三岔路","交岔路口內","柏油","濕潤","無缺陷","無障礙物","良好","閃光號誌","正常","無分向設施","未繪設車道線","未繪設快慢車道分隔線","有","側撞","右轉彎未依規定","Y000","YZ00",1,2,2013-10-05,"環島北路","","金門縣金城鎮林湖路口","118.322662","24.441264"
10210,"10210Y00020010","YZA1","10210YZ000015",2013,10,5,21,5,"金門縣","金城鎮","",NA,"環島西路","","",NA,"","","","","","燦坤前路段",NA,NA,NA,NA,NA,NA,NA,NA,NA,0,2,0,"晴","夜間（或隧道、地下道、涵洞）有照明","村里道路",40,"直路","一般車道（未劃分快慢車道）","柏油","乾燥","無缺陷","無障礙物","良好","無號誌","無號誌","附標記","未繪設車道線","未繪設快慢車道分隔線","有","側撞","未依規定讓車","Y000","YZ00",1,2,2013-10-05,"環島西路","","金門縣金城鎮燦坤前路段","118.3148723","24.4566699"
10210,"","YZA1","10210YZ000016",2013,10,8,9,7,"金門縣","金寧鄉","",NA,"","","",NA,"","","","","","湖埔村湖埔國小旁空地",NA,NA,NA,NA,NA,NA,NA,NA,NA,0,0,0,"晴",NA,NA,40,NA,NA,NA,NA,NA,NA,NA,NA,NA,NA,NA,NA,NA,NA,NA,"Y000","YZ00",1,4,2013-10-08,"金門縣金寧鄉湖埔村湖埔國小旁空地","","金門縣金寧鄉湖埔村湖埔國小旁空地","118.3140488","24.4472977"
10210,"10210Y00020012","YZA1","10210YZ000017",2013,10,8,12,10,"金門縣","金城鎮","",NA,"民權路","","",NA,"","","","","","地方法院前路段",NA,NA,NA,NA,NA,NA,NA,NA,NA,0,1,0,"晴","日間自然光線","村里道路",60,"三岔路","交岔路口內","柏油","濕潤","無缺陷","無障礙物","良好","無號誌","無號誌","無分向設施","未繪設車道線","未繪設快慢車道分隔線","有","側撞","右轉彎未依規定","Y000","YZ00",1,2,2013-10-08,"民權路","","金門縣金城鎮地方法院前路段","118.3168946","24.4355379"
10210,"10210Y00020013","YZA1","10210YZ000019",2013,10,8,19,30,"金門縣","金城鎮","",NA,"北堤路","","",NA,"66","","","","","",NA,NA,NA,NA,NA,NA,NA,NA,NA,0,1,0,"晴","夜間（或隧道、地下道、涵洞）有照明","村里道路",40,"直路","一般車道（未劃分快慢車道）","柏油","乾燥","無缺陷","無障礙物","良好","無號誌","無號誌","無標記","未繪設車道線","快慢車道分隔線","有","側撞","迴轉未依規定","Y000","YZ00",1,2,2013-10-08,"北堤路66號","","金門縣金城鎮","118.3167419","24.4294062"
10210,"10210Y00030004","YZA1","10210YZ000020",2013,10,9,23,30,"金門縣","金寧鄉","",NA,"伯玉路","三","",NA,"","","","","","中山林路段",NA,NA,NA,NA,NA,NA,NA,NA,NA,0,0,0,"晴","夜間（或隧道、地下道、涵洞）有照明","村里道路",70,"直路","路肩、路緣","柏油","乾燥","無缺陷","無障礙物","良好","無號誌","無號誌","附標記","未繪設車道線","快慢車道分隔線","有","其他","迴轉未依規定","Y000","YZ00",1,3,2013-10-09,"伯玉路三段","","金門縣金寧鄉中山林路段","118.3646755","24.4460136"
10210,"10210Y00020014","YZA1","10210YZ000022",2013,10,11,6,53,"金門縣","金城鎮","",NA,"民權路","","",NA,"","","","","","中正國小側門路段",NA,NA,NA,NA,NA,NA,NA,NA,NA,0,1,0,"晴","日間自然光線","村里道路",50,"直路","一般車道（未劃分快慢車道）","柏油","乾燥","無缺陷","無障礙物","良好","無號誌","無號誌","無標記","未繪設車道線","快慢車道分隔線","有","穿越道路中","未注意車前狀態","Y000","YZ00",1,2,2013-10-11,"民權路","","金門縣金城鎮中正國小側門路段","118.3168946","24.4355379"
10210,"10210Y00020015","YZA1","10210YZ000027",2013,10,11,12,35,"金門縣","金寧鄉","后盤村",NA,"環島北路","","",NA,"","","","","","大慶鋁門窗前",NA,NA,NA,NA,NA,NA,NA,NA,NA,0,1,0,"晴","日間自然光線","縣道",60,"直路","一般車道（未劃分快慢車道）","柏油","乾燥","無缺陷","無障礙物","良好","無號誌","無號誌","附標記","未繪設車道線","未繪設快慢車道分隔線","有","撞路樹、電桿","未依規定減速","Y000","YZ00",1,2,2013-10-11,"環島北路","","金門縣金寧鄉后盤村大慶鋁門窗前","118.322662","24.441264"
10210,"10210Y00020016","YZA1","10210YZ000028",2013,10,11,16,59,"金門縣","金城鎮","西門里",NA,"民權路","","",NA,"173","","","","","",NA,NA,NA,NA,NA,NA,NA,NA,NA,0,2,0,"晴","日間自然光線","縣道",50,"三岔路","交岔路口內","柏油","乾燥","無缺陷","無障礙物","良好","無號誌","無號誌","無分向設施","未繪設車道線","未繪設快慢車道分隔線","無","側撞","左轉彎未依規定","Y000","YZ00",1,2,2013-10-11,"民權路173號","","金門縣金城鎮西門里","118.3192898","24.4381016"
10210,"10210Y00020018","YZA1","10210YZ000030",2013,10,15,21,50,"金門縣","金城鎮","西門里",NA,"民權路","","",NA,"228","","","","","",NA,NA,NA,NA,NA,NA,NA,NA,NA,0,2,0,"晴","夜間（或隧道、地下道、涵洞）有照明","村里道路",40,"四岔路","交岔路口內","柏油","乾燥","無缺陷","無障礙物","良好","無號誌","無號誌","無分向設施","未繪設車道線","未繪設快慢車道分隔線","有","側撞","未依規定讓車","Y000","YZ00",1,2,2013-10-15,"民權路228號","","金門縣金城鎮西門里","118.3203705","24.4392567"
10210,"10210Y00020020","YZA1","10210YZ000032",2013,10,16,21,25,"金門縣","金城鎮","",NA,"伯玉路","一","",NA,"","","","","","鈞統大賣場附近路段",NA,NA,NA,NA,NA,NA,NA,NA,NA,0,3,0,"晴","夜間（或隧道、地下道、涵洞）有照明","村里道路",60,"直路","慢車道","柏油","乾燥","無缺陷","無障礙物","良好","無號誌","無號誌","無標記","未繪設車道線","快慢車道分隔線","有","追撞","未保持行車安全距離","Y000","YZ00",1,2,2013-10-16,"伯玉路一段","","金門縣金城鎮鈞統大賣場附近路段","118.3267756","24.4346914"
10210,"10210Y00020021","YZA1","10210YZ000033",2013,10,17,20,38,"金門縣","金城鎮","",NA,"光前路","","",NA,"28","","","","","外武廟",NA,NA,NA,NA,NA,NA,NA,NA,NA,0,1,0,"晴","夜間（或隧道、地下道、涵洞）有照明","其他",30,"直路","一般車道（未劃分快慢車道）","其他鋪裝","乾燥","無缺陷","無障礙物","良好","無號誌","無號誌","無分向設施","未繪設車道線","未繪設快慢車道分隔線","無","同向通行中","未注意車前狀態","Y000","YZ00",1,2,2013-10-17,"光前路28號","","金門縣金城鎮外武廟","118.3142468","24.4339885"
10210,"10210Y00020022","YZA1","10210YZ000034",2013,10,19,10,10,"金門縣","烈嶼鄉","",NA,"","","",NA,"","","","","","濱海道路115公里",NA,NA,NA,NA,NA,NA,NA,NA,NA,0,2,0,"晴","日間自然光線","專用道路",40,"三岔路","交岔路口內","水泥","乾燥","有坑洞","其他障礙物","良好","無號誌","無號誌","無分向設施","未繪設車道線","未繪設快慢車道分隔線","無","路上翻車、摔倒","未依規定減速","Y000","YZ00",1,2,2013-10-19,"金門縣烈嶼鄉濱海道路115公里","","金門縣烈嶼鄉濱海道路115公里","118.2480755","24.4237711"
10210,"10210Y00020023","YZA1","10210YZ000036",2013,10,19,19,10,"金門縣","金城鎮","",NA,"民權路","","",NA,"","","","","","75號前",NA,NA,NA,NA,NA,NA,NA,NA,NA,0,2,0,"晴","夜間（或隧道、地下道、涵洞）有照明","村里道路",40,"直路","一般車道（未劃分快慢車道）","柏油","乾燥","無缺陷","無障礙物","良好","無號誌","無號誌","附標記","未繪設車道線","未繪設快慢車道分隔線","有","側撞","未依規定讓車","Y000","YZ00",1,2,2013-10-19,"民權路","","金門縣金城鎮75號前","118.3168946","24.4355379"
10210,"10210Y00020025","YZA1","10210YZ000038",2013,10,21,17,48,"金門縣","金城鎮","",NA,"環島西路","一","",NA,"","","","","","東門圓環",NA,NA,NA,NA,NA,NA,NA,NA,NA,0,1,0,"晴","夜間（或隧道、地下道、涵洞）有照明","村里道路",40,"圓環","一般車道（未劃分快慢車道）","柏油","乾燥","無缺陷","無障礙物","良好","無號誌","無號誌","無分向設施","車道線（無標記）","未繪設快慢車道分隔線","有","其他","未依規定讓車","Y000","YZ00",1,2,2013-10-21,"環島西路一段","","金門縣金城鎮東門圓環","118.3184801","24.4172073"
10210,"10210Y00020024","YZA1","10210YZ000039",2013,10,21,17,42,"金門縣","金城鎮","金水里",NA,"西海路","一","",NA,"","","","","","水頭活動中心前路段",NA,NA,NA,NA,NA,NA,NA,NA,NA,0,1,0,"晴","晨或暮光","鄉道",50,"彎曲路及附近","一般車道（未劃分快慢車道）","柏油","乾燥","無缺陷","無障礙物","彎道","無號誌","無號誌","附標記","未繪設車道線","未繪設快慢車道分隔線","有","對向擦撞","違規超車","Y000","YZ00",1,2,2013-10-21,"西海路一段","","金門縣金城鎮金水里水頭活動中心前路段","118.2906709","24.4124946"
10210,"10210Y00020028","YZA1","10210YZ000043",2013,10,25,13,5,"金門縣","金寧鄉","",NA,"環島北路","一","",NA,"","","","","","下堡路段",NA,NA,NA,NA,NA,NA,NA,NA,NA,0,3,0,"晴","日間自然光線","村里道路",60,"三岔路","交岔口附近","柏油","乾燥","無缺陷","無障礙物","良好","無號誌","無號誌","無標記","未繪設車道線","未繪設快慢車道分隔線","有","追撞","未保持行車安全距離","Y000","YZ00",1,2,2013-10-25,"環島北路一段","","金門縣金寧鄉下堡路段","118.3283226","24.4462231"
10210,"10210Y00020029","YZA1","10210YZ000044",2013,10,25,15,30,"金門縣","金寧鄉","",NA,"桃園路","","",NA,"","","","","","呷哈味檳榔攤前路段",NA,NA,NA,NA,NA,NA,NA,NA,NA,0,3,0,"晴","日間自然光線","縣道",60,"三岔路","交岔口附近","柏油","乾燥","無缺陷","無障礙物","良好","無號誌","無號誌","無標記","未繪設車道線","未繪設快慢車道分隔線","有","同向通行中","未注意車前狀態","Y000","YZ00",1,2,2013-10-25,"桃園路","","金門縣金寧鄉呷哈味檳榔攤前路段","118.3446627","24.4317794"
10210,"10210Y00020027","YZA1","10210YZ000045",2013,10,24,12,10,"金門縣","金寧鄉","",NA,"環島西路","二","",NA,"","","大學路","","","",NA,NA,NA,NA,NA,NA,NA,NA,NA,0,3,0,"晴","日間自然光線","縣道",50,"三岔路","交岔路口內","柏油","乾燥","無缺陷","無障礙物","良好","閃光號誌","不正常","無分向設施","未繪設車道線","未繪設快慢車道分隔線","有","側撞","未依規定讓車","Y000","YZ00",1,2,2013-10-24,"環島西路二段","大學路","","118.319604","24.444293"
10210,"10210Y00020030","YZA1","10210YZ000046",2013,10,25,17,20,"金門縣","金寧鄉","",NA,"伯玉路","","",NA,"","","","","","榜林圓環",NA,NA,NA,NA,NA,NA,NA,NA,NA,0,1,0,"晴","日間自然光線","村里道路",40,"多岔路","交岔口附近","柏油","乾燥","無缺陷","無障礙物","良好","無號誌","無號誌","附標記","未繪設車道線","快慢車道分隔線","有","側撞","變換車道或方向不當","Y000","YZ00",1,2,2013-10-25,"伯玉路","","金門縣金寧鄉榜林圓環","118.3267756","24.4346914"
10210,"10210Y00020032","YZA1","10210YZ000048",2013,10,26,22,50,"金門縣","金城鎮","",NA,"民生路","","",NA,"","","民權路","","","",NA,NA,NA,NA,NA,NA,NA,NA,NA,0,1,0,"晴","夜間（或隧道、地下道、涵洞）有照明","鄉道",40,"四岔路","交岔路口內","柏油","乾燥","無缺陷","無障礙物","良好","閃光號誌","正常","無分向設施","未繪設車道線","未繪設快慢車道分隔線","有","路口交岔撞","未依規定讓車","Y000","YZ00",1,2,2013-10-26,"民生路","民權路","","118.318387","24.437086"
10210,"10210Y00020033","YZA1","10210YZ000049",2013,10,27,9,50,"金門縣","金寧鄉","",NA,"伯玉路","一","",NA,"","","","","","0920號燈桿附近",NA,NA,NA,NA,NA,NA,NA,NA,NA,0,1,0,"晴","日間自然光線","縣道",60,"直路","慢車道","柏油","乾燥","無缺陷","無障礙物","良好","無號誌","無號誌","無標記","未繪設車道線","快慢車道分隔線","有","側撞","未保持行車安全距離","Y000","YZ00",1,2,2013-10-27,"伯玉路一段","","金門縣金寧鄉0920號燈桿附近","118.3267756","24.4346914"
10210,"","YZA1","10210YZ000053",2013,10,26,16,30,"金門縣","烈嶼鄉","",NA,"湖埔路","","",NA,"","","","","","09468號路燈桿前路段",NA,NA,NA,NA,NA,NA,NA,NA,NA,0,0,0,NA,NA,NA,0,NA,NA,NA,NA,NA,NA,NA,NA,NA,NA,NA,NA,NA,NA,NA,"Y000","YZ00",1,4,2013-10-26,"湖埔路","","金門縣烈嶼鄉09468號路燈桿前路段","118.258388","24.4413942"
10210,"10210Y00020036","YZA1","10210YZ000054",2013,10,29,20,15,"金門縣","金城鎮","北門里",NA,"民生路","","",NA,"38","","","","","",NA,NA,NA,NA,NA,NA,NA,NA,NA,0,1,0,"晴","夜間（或隧道、地下道、涵洞）有照明","村里道路",40,"直路","一般車道（未劃分快慢車道）","柏油","乾燥","無缺陷","無障礙物","良好","無號誌","無號誌","附標記","未繪設車道線","未繪設快慢車道分隔線","有","穿越道路中","未依規定行走行人穿越道、地下道、天橋而穿越道路","Y000","YZ00",1,2,2013-10-29,"民生路38號","","金門縣金城鎮北門里","118.3190184","24.43575"
10210,"10210Y00020037","YZA1","10210YZ000056",2013,10,31,9,7,"金門縣","金城鎮","",NA,"民權路","","",NA,"","","莒光路","","","",NA,NA,NA,NA,NA,NA,NA,NA,NA,0,2,0,"晴","日間自然光線","鄉道",40,"三岔路","交岔路口內","柏油","乾燥","無缺陷","無障礙物","良好","無號誌","無號誌","無分向設施","未繪設車道線","未繪設快慢車道分隔線","有","側撞","左轉彎未依規定","Y000","YZ00",1,2,2013-10-31,"民權路","莒光路","","118.3156202","24.43419458"
10211,"10211Y00020002","YYA1","10211YY000002",2013,11,1,17,0,"金門縣","金沙鎮","",NA,"沙青路","","",NA,"","","","","","與陽沙路口",NA,NA,NA,NA,NA,NA,NA,NA,NA,0,2,0,"晴","日間自然光線","村里道路",50,"三岔路","交岔路口內","柏油","乾燥","無缺陷","無障礙物","良好","無號誌","無號誌","無分向設施","未繪設車道線","未繪設快慢車道分隔線","有","追撞","未保持行車安全距離","Y000","YY00",NA,NA,2013-11-01,"沙青路","","金門縣金沙鎮與陽沙路口","118.4130838","24.5066188"
10211,"10211Y00020003","YYA1","10211YY000003",2013,11,1,19,0,"金門縣","金沙鎮","",NA,"高陽路","","",NA,"","","","","","01918號路燈桿處",NA,NA,NA,NA,NA,NA,NA,NA,NA,0,1,0,"晴","夜間（或隧道、地下道、涵洞）有照明","村里道路",60,"直路","一般車道（未劃分快慢車道）","柏油","乾燥","無缺陷","無障礙物","良好","無號誌","無號誌","附標記","未繪設車道線","未繪設快慢車道分隔線","有","同向擦撞","未保持行車安全間隔","Y000","YY00",1,2,2013-11-01,"高陽路","","金門縣金沙鎮01918號路燈桿處","118.4078483","24.4727311"
10211,"","YYA1","10211YY000007",2013,11,3,16,0,"金門縣","金湖鎮","",NA,"復興西路","","",NA,"","","","","","8之4號前",NA,NA,NA,NA,NA,NA,NA,NA,NA,0,0,0,"雨","日間自然光線","村里道路",40,"巷弄","一般車道（未劃分快慢車道）","柏油","濕潤","無缺陷","無障礙物","良好","無號誌","無號誌","無分向設施","未繪設車道線","未繪設快慢車道分隔線","無","倒車撞","倒車未依規定","Y000","YY00",1,4,2013-11-03,"復興西路","","金門縣金湖鎮8之4號前","118.4140197","24.4425211"
10211,"","YYA1","10211YY000008",2013,11,3,16,57,"金門縣","金湖鎮","",NA,"太湖路","二","",NA,"","","","","","201號前路口",NA,NA,NA,NA,NA,NA,NA,NA,NA,0,0,0,"雨","日間自然光線","村里道路",50,"三岔路","交岔路口內","柏油","濕潤","無缺陷","無障礙物","良好","無號誌","無號誌","無分向設施","未繪設車道線","未繪設快慢車道分隔線","有","側撞","未依規定讓車","Y000","YY00",1,4,2013-11-03,"太湖路二段","","金門縣金湖鎮201號前路口","118.4170143","24.4394812"
10211,"10211Y00020008","YYA1","10211YY000009",2013,11,4,7,49,"金門縣","金湖鎮","",NA,"復興路","","",NA,"","","","","","金門醫院側門路段",NA,NA,NA,NA,NA,NA,NA,NA,NA,0,1,0,"晴","日間自然光線","村里道路",50,"三岔路","交岔路口內","柏油","乾燥","無缺陷","無障礙物","良好","無號誌","無號誌","無分向設施","未繪設車道線","未繪設快慢車道分隔線","有","側撞","尚未發現肇事因素","Y000","YY00",1,2,2013-11-04,"復興路","","金門縣金湖鎮金門醫院側門路段","118.4161413","24.4412321"
10211,"10211Y00020010","YYA1","10211YY000014",2013,11,8,17,0,"金門縣","金湖鎮","",NA,"太湖路","一","",NA,"","","","","","靠近新市圓環",NA,NA,NA,NA,NA,NA,NA,NA,NA,0,1,0,"晴","日間自然光線","村里道路",50,"直路","一般車道（未劃分快慢車道）","柏油","乾燥","無缺陷","無障礙物","良好","無號誌","無號誌","附標記","未繪設車道線","未繪設快慢車道分隔線","有","同向擦撞","尚未發現肇事因素","Y000","YY00",1,2,2013-11-08,"太湖路一段","","金門縣金湖鎮靠近新市圓環","118.4047483","24.4473343"