"年月","總編號","處理單位","處理編號","年","月","日","時","分","縣市","區","村里","鄰","街道","段","巷","弄","號","公尺處","街道.1","段.1","側","附近","道路","公里","公尺處.1","向","車道","平交道","公里.1","公尺處.2","附近.1","死","受傷","X2.30","天候","光線","道路類別","速限","道路型態","事故位置","路面鋪裝","路面狀態","路面缺陷","障礙物","視距","號誌種類","號誌動作","分向設施","快車道或一般車道間","快慢車道間","路面邊線","事故類型及型態","主要肇因","警局","分局","案件類別","事故類別","日期","道路1","道路2","概略位置","lon","lat"
10211,"10211Y00020011","YYA1","10211YY000015",2013,11,9,8,55,"金門縣","金沙鎮","",NA,"環島北路","三","",NA,"","","","","","斗門路口",NA,NA,NA,NA,NA,NA,NA,NA,NA,0,3,0,"晴","日間自然光線","村里道路",50,"四岔路","交岔路口內","柏油","乾燥","無缺陷","無障礙物","良好","閃光號誌","正常","無分向設施","未繪設車道線","未繪設快慢車道分隔線","有","側撞","未依規定讓車","Y000","YY00",1,2,2013-11-09,"環島北路三段","","金門縣金沙鎮斗門路口","118.388325","24.466263"
10211,"10211Y00020012","YYA1","10211YY000016",2013,11,11,7,5,"金門縣","金湖鎮","新市里",NA,"林森路","","",NA,"","","自強路","","","",NA,NA,NA,NA,NA,NA,NA,NA,NA,0,1,0,"陰","日間自然光線","村里道路",50,"四岔路","交岔路口內","柏油","乾燥","無缺陷","無障礙物","良好","無號誌","無號誌","無分向設施","未繪設車道線","未繪設快慢車道分隔線","有","路口交岔撞","未依規定讓車","Y000","YY00",NA,NA,2013-11-11,"林森路","自強路","","118.4162443","24.44177962"
10211,"10211Y00020013","YYA1","10211YY000018",2013,11,12,17,32,"金門縣","金湖鎮","",NA,"黃海路","","",NA,"","","","","","下莊新生街32號前路段",NA,NA,NA,NA,NA,NA,NA,NA,NA,0,1,0,"陰","夜間（或隧道、地下道、涵洞）有照明","村里道路",60,"三岔路","交岔路口內","柏油","乾燥","無缺陷","無障礙物","良好","無號誌","無號誌","附標記","未繪設車道線","未繪設快慢車道分隔線","有","撞動物","動物竄出","Y000","YY00",1,2,2013-11-12,"黃海路","","金門縣金湖鎮下莊新生街32號前路段","118.4256931","24.452032"
10211,"10211Y00020014","YYA1","10211YY000019",2013,11,13,8,42,"金門縣","金沙鎮","",NA,"環島東路","二","",NA,"","","陽沙路","","","",NA,NA,NA,NA,NA,NA,NA,NA,NA,0,1,0,"陰","日間自然光線","村里道路",50,"四岔路","交岔路口內","柏油","乾燥","無缺陷","無障礙物","良好","閃光號誌","正常","無分向設施","未繪設車道線","未繪設快慢車道分隔線","有","路上翻車、摔倒","未注意車前狀態","Y000","YY00",1,2,2013-11-13,"環島東路二段","陽沙路","","118.428551","24.4774634"
10211,"","YYA1","10211YY000020",2013,11,13,7,38,"金門縣","金湖鎮","",NA,"環島東路","四","",NA,"","","士校路","","","",NA,NA,NA,NA,NA,NA,NA,NA,NA,0,0,0,NA,NA,NA,0,NA,NA,NA,NA,NA,NA,NA,NA,NA,NA,NA,NA,NA,NA,NA,"Y000","YY00",1,4,2013-11-13,"環島東路四段","士校路","","118.4462076","24.45419698"
10211,"10211Y00020018","YYA1","10211YY000024",2013,11,17,16,22,"金門縣","金沙鎮","",NA,"高陽路","","",NA,"","","","","","往高坑路口",NA,NA,NA,NA,NA,NA,NA,NA,NA,0,1,0,"晴","日間自然光線","村里道路",60,"三岔路","交岔路口內","柏油","乾燥","無缺陷","無障礙物","良好","無號誌","無號誌","無分向設施","未繪設車道線","未繪設快慢車道分隔線","有","側撞","未依規定讓車","Y000","YY00",1,2,2013-11-17,"高陽路","","金門縣金沙鎮往高坑路口","118.4078483","24.4727311"
10211,"10211Y00020048","YYA1","10211YY000025",2013,11,18,14,30,"金門縣","金湖鎮","",NA,"黃海路","","",NA,"","","","","","97號旁路口",NA,NA,NA,NA,NA,NA,NA,NA,NA,0,1,0,"晴","日間自然光線","村里道路",40,"三岔路","交岔路口內","柏油","乾燥","無缺陷","無障礙物","建築物","無號誌","無號誌","無分向設施","未繪設車道線","未繪設快慢車道分隔線","有","路口交岔撞","未依規定讓車","Y000","YY00",1,2,2013-11-18,"黃海路","","金門縣金湖鎮97號旁路口","118.4256931","24.452032"
10211,"10211Y00020020","YYA1","10211YY000027",2013,11,19,11,34,"金門縣","金湖鎮","",NA,"太湖路","一","",NA,"","","公園路","","","",NA,NA,NA,NA,NA,NA,NA,NA,NA,0,1,0,"晴","日間自然光線","村里道路",50,"四岔路","交岔路口內","柏油","乾燥","無缺陷","無障礙物","良好","閃光號誌","正常","無分向設施","未繪設車道線","未繪設快慢車道分隔線","有","追撞","未保持行車安全距離","Y000","YY00",1,2,2013-11-19,"太湖路一段","公園路","","118.4034739","24.44823238"
10211,"10211Y00030001","YYA1","10211YY000028",2013,11,18,20,40,"金門縣","金湖鎮","",NA,"太湖路","三","",NA,"","","","","","三谿橋",NA,NA,NA,NA,NA,NA,NA,NA,NA,0,0,0,"晴","夜間（或隧道、地下道、涵洞）無照明","村里道路",50,"橋樑","路肩、路緣","柏油","乾燥","無缺陷","無障礙物","良好","無號誌","無號誌","附標記","未繪設車道線","未繪設快慢車道分隔線","有","撞橋樑、建築物","未注意車前狀態","Y000","YY00",1,3,2013-11-18,"太湖路三段","","金門縣金湖鎮三谿橋","118.4317691","24.4347503"
10211,"10211Y00020022","YYA1","10211YY000032",2013,11,19,21,50,"金門縣","金湖鎮","",NA,"復興路","","",NA,"4","","","","","台灣銀行前",NA,NA,NA,NA,NA,NA,NA,NA,NA,0,1,0,"晴","夜間（或隧道、地下道、涵洞）有照明","村里道路",40,"直路","一般車道（未劃分快慢車道）","柏油","乾燥","無缺陷","無障礙物","良好","無號誌","無號誌","附標記","未繪設車道線","未繪設快慢車道分隔線","有","同向擦撞","未注意車前狀態","Y000","YY00",1,2,2013-11-19,"復興路4號","","金門縣金湖鎮台灣銀行前","118.4161413","24.4412321"
10211,"10211Y00020027","YYA1","10211YY000038",2013,11,22,17,56,"金門縣","金沙鎮","",NA,"環島北路","四","",NA,"","","","","","第二富康農莊路口",NA,NA,NA,NA,NA,NA,NA,NA,NA,0,1,0,"陰","夜間（或隧道、地下道、涵洞）有照明","村里道路",60,"三岔路","交岔路口內","柏油","乾燥","無缺陷","無障礙物","良好","無號誌","無號誌","無分向設施","未繪設車道線","未繪設快慢車道分隔線","有","倒車撞","倒車未依規定","Y000","YY00",1,2,2013-11-22,"環島北路四段","","金門縣金沙鎮第二富康農莊路口","118.4045085","24.4840105"
10211,"10211Y00020034","YYA1","10211YY000045",2013,11,26,6,25,"金門縣","金湖鎮","蓮庵里",NA,"","","",NA,"庵邊29","","","","","",NA,NA,NA,NA,NA,NA,NA,NA,NA,0,1,0,"晴","日間自然光線","村里道路",40,"巷弄","一般車道（未劃分快慢車道）","水泥","乾燥","無缺陷","無障礙物","良好","無號誌","無號誌","無分向設施","未繪設車道線","未繪設快慢車道分隔線","無","對撞","未靠右行駛","Y000","YY00",1,2,2013-11-26,"金門縣金湖鎮蓮庵里庵邊29號","","金門縣金湖鎮蓮庵里","118.443227","24.424818"
10211,"10211Y00020035","YYA1","10211YY000046",2013,11,26,16,20,"金門縣","金湖鎮","",NA,"環島南路","四","",NA,"","","瓊徑路","","","",NA,NA,NA,NA,NA,NA,NA,NA,NA,0,1,0,"晴","日間自然光線","村里道路",50,"三岔路","交岔路口內","柏油","乾燥","無缺陷","無障礙物","良好","行車管制號誌","正常","無分向設施","未繪設車道線","未繪設快慢車道分隔線","有","側撞","未依規定讓車","Y000","YY00",1,2,2013-11-26,"環島南路四段","瓊徑路","","118.3917905","24.44048713"
10211,"","YYA1","10211YY000047",2013,11,27,7,57,"金門縣","金湖鎮","新市里",NA,"市港路","","",NA,"","","","","","1451路燈前路段武德新莊旁",NA,NA,NA,NA,NA,NA,NA,NA,NA,0,0,0,"晴","日間自然光線","村里道路",50,"直路","慢車道","柏油","乾燥","無缺陷","無障礙物","良好","無號誌","無號誌","無標記","未繪設車道線","快慢車道分隔線","有","路上翻車、摔倒","未注意車前狀態","Y000","YY00",1,4,2013-11-27,"市港路","","金門縣金湖鎮新市里1451路燈前路段武德新莊旁","118.4099121","24.4348324"
10211,"10211Y00020037","YYA1","10211YY000049",2013,11,27,18,14,"金門縣","金湖鎮","",NA,"環島南路","四","",NA,"","","","","","0555號路燈桿路段台客檳榔前",NA,NA,NA,NA,NA,NA,NA,NA,NA,0,2,0,"晴","夜間（或隧道、地下道、涵洞）有照明","村里道路",50,"三岔路","交岔口附近","柏油","乾燥","無缺陷","無障礙物","其他","無號誌","無號誌","附標記","未繪設車道線","快慢車道分隔線","有","側撞","未依規定讓車","Y000","YY00",1,2,2013-11-27,"環島南路四段","","金門縣金湖鎮0555號路燈桿路段台客檳榔前","118.40101","24.438041"
10211,"10211Y00020038","YYA1","10211YY000050",2013,11,27,19,30,"金門縣","金湖鎮","",NA,"市港路","","",NA,"66","","","","","路口",NA,NA,NA,NA,NA,NA,NA,NA,NA,0,1,0,"晴","夜間（或隧道、地下道、涵洞）有照明","村里道路",40,"四岔路","交岔路口內","柏油","乾燥","無缺陷","無障礙物","良好","無號誌","無號誌","無分向設施","未繪設車道線","未繪設快慢車道分隔線","有","穿越道路中","搶越行人穿越道","Y000","YY00",1,2,2013-11-27,"市港路66號","","金門縣金湖鎮路口","118.4099121","24.4348324"
10211,"10211Y00020040","YYA1","10211YY000052",2013,11,28,8,15,"金門縣","金湖鎮","",NA,"太湖路","三","",NA,"","","","","","金湖淨水廠出口路段",NA,NA,NA,NA,NA,NA,NA,NA,NA,0,1,0,"晴","日間自然光線","村里道路",50,"直路","路肩、路緣","柏油","乾燥","無缺陷","無障礙物","其他","無號誌","無號誌","附標記","未繪設車道線","未繪設快慢車道分隔線","有","路上翻車、摔倒","未注意車前狀態","Y000","YY00",1,2,2013-11-28,"太湖路三段","","金門縣金湖鎮金湖淨水廠出口路段","118.4317691","24.4347503"
10211,"10211Y00020041","YYA1","10211YY000053",2013,11,28,11,19,"金門縣","金湖鎮","",NA,"市港路","","",NA,"66","","","","","路口",NA,NA,NA,NA,NA,NA,NA,NA,NA,0,1,0,"晴","日間自然光線","村里道路",50,"四岔路","交岔口附近","柏油","乾燥","無缺陷","無障礙物","良好","無號誌","無號誌","附標記","未繪設車道線","快慢車道分隔線","有","同向擦撞","違規超車","Y000","YY00",1,2,2013-11-28,"市港路66號","","金門縣金湖鎮路口","118.4099121","24.4348324"
10211,"","YYA1","10211YY000054",2013,11,28,18,38,"金門縣","金湖鎮","",NA,"林森路","","",NA,"","","自強路","","","",NA,NA,NA,NA,NA,NA,NA,NA,NA,0,0,0,"晴","夜間（或隧道、地下道、涵洞）有照明","村里道路",40,"四岔路","交岔路口內","柏油","乾燥","無缺陷","無障礙物","良好","無號誌","無號誌","無分向設施","未繪設車道線","未繪設快慢車道分隔線","有","路口交岔撞","未依規定讓車","Y000","YY00",1,4,2013-11-28,"林森路","自強路","","118.4162443","24.44177962"
10211,"10211Y00020042","YYA1","10211YY000055",2013,11,29,7,30,"金門縣","金湖鎮","",NA,"","","",NA,"","","","","","小徑圓環",NA,NA,NA,NA,NA,NA,NA,NA,NA,0,2,0,"晴","日間自然光線","村里道路",50,"圓環","一般車道（未劃分快慢車道）","柏油","乾燥","無缺陷","無障礙物","良好","無號誌","無號誌","無分向設施","未繪設車道線","未繪設快慢車道分隔線","有","追撞","未保持行車安全距離","Y000","YY00",1,2,2013-11-29,"金門縣金湖鎮小徑圓環","","金門縣金湖鎮小徑圓環","118.3866826","24.4490513"
10211,"10211Y00020050","YYA1","10211YY000056",2013,11,29,7,24,"金門縣","金沙鎮","",NA,"環島東路","一","",NA,"","","","","","編號D011道路標誌桿路段",NA,NA,NA,NA,NA,NA,NA,NA,NA,0,2,0,"晴","日間自然光線","村里道路",60,"直路","一般車道（未劃分快慢車道）","柏油","乾燥","無缺陷","無障礙物","良好","無號誌","無號誌","附標記","未繪設車道線","未繪設快慢車道分隔線","有","追撞","未保持行車安全距離","Y000","YY00",1,2,2013-11-29,"環島東路一段","","金門縣金沙鎮編號D011道路標誌桿路段","118.4213083","24.4841071"
10211,"","YYA1","10211YY000060",2013,11,29,22,30,"金門縣","金湖鎮","",NA,"環島南路","","",NA,"","","","","","湖前段8號前",NA,NA,NA,NA,NA,NA,NA,NA,NA,0,0,0,NA,NA,NA,0,NA,NA,NA,NA,NA,NA,NA,NA,NA,NA,NA,NA,NA,NA,NA,"Y000","YY00",1,4,2013-11-29,"環島南路","","金門縣金湖鎮湖前段8號前","118.3757827","24.4398961"
10211,"10211Y00020045","YYA1","10211YY000061",2013,11,30,3,10,"金門縣","金沙鎮","",NA,"","","",NA,"","","","","","忠孝新村籃球場旁路段",NA,NA,NA,NA,NA,NA,NA,NA,NA,0,1,0,"陰","夜間（或隧道、地下道、涵洞）無照明","村里道路",40,"直路","一般車道（未劃分快慢車道）","水泥","乾燥","無缺陷","無障礙物","良好","無號誌","無號誌","無分向設施","未繪設車道線","未繪設快慢車道分隔線","無","其他","酒醉（後）駕駛失控","Y000","YY00",1,2,2013-11-30,"金門縣金沙鎮忠孝新村籃球場旁路段","","金門縣金沙鎮忠孝新村籃球場旁路段","118.413013","24.493643"
10211,"10211Y00020001","YZA1","10211YZ000001",2013,11,1,15,24,"金門縣","金城鎮","南門里",NA,"民族路","","",NA,"253-11","","","","","後方巷口",NA,NA,NA,NA,NA,NA,NA,NA,NA,0,1,0,"晴","日間自然光線","村里道路",30,"三岔路","交岔路口內","水泥","乾燥","無缺陷","無障礙物","其他","無號誌","無號誌","無分向設施","未繪設車道線","未繪設快慢車道分隔線","無","側撞","未依規定讓車","Y000","YZ00",1,2,2013-11-01,"民族路253-11號","","金門縣金城鎮南門里後方巷口","118.3157499","24.4302723"
10211,"10211Y00020004","YZA1","10211YZ000004",2013,11,3,4,10,"金門縣","金寧鄉","",NA,"林湖路","","",NA,"","","環島北路","","","90巷口",NA,NA,NA,NA,NA,NA,NA,NA,NA,0,1,0,"雨","夜間（或隧道、地下道、涵洞）有照明","村里道路",40,"三岔路","交岔路口內","柏油","濕潤","無缺陷","無障礙物","良好","無號誌","無號誌","無分向設施","未繪設車道線","未繪設快慢車道分隔線","有","衝出路外","酒醉（後）駕駛失控","Y000","YZ00",1,2,2013-11-03,"林湖路","環島北路","","118.3258302","24.4439927"
10211,"10211Y00020006","YZA1","10211YZ000005",2013,11,3,12,30,"金門縣","金寧鄉","西門里",NA,"環島西路","二","",NA,"","","","","","13168號路燈桿前",NA,NA,NA,NA,NA,NA,NA,NA,NA,0,1,0,"陰","晨或暮光","鄉道",50,"四岔路","交岔口附近","柏油","濕潤","無缺陷","無障礙物","良好","無號誌","無號誌","無標記","未繪設車道線","未繪設快慢車道分隔線","有","路上翻車、摔倒","未注意車前狀態","Y000","YZ00",1,2,2013-11-03,"環島西路二段","","金門縣金寧鄉西門里13168號路燈桿前","118.3148723","24.4566699"
10211,"10211Y00020007","YZA1","10211YZ000006",2013,11,3,13,10,"金門縣","金城鎮","西門里",NA,"民權路","","",NA,"","","莒光路","","","",NA,NA,NA,NA,NA,NA,NA,NA,NA,0,2,0,"陰","日間自然光線","村里道路",40,"四岔路","交岔路口內","柏油","乾燥","無缺陷","無障礙物","良好","無號誌","無號誌","無分向設施","未繪設車道線","未繪設快慢車道分隔線","有","側撞","未依規定讓車","Y000","YZ00",1,2,2013-11-03,"民權路","莒光路","","118.3156202","24.43419458"
10211,"10211Y00020009","YZA1","10211YZ000010",2013,11,4,18,0,"金門縣","金城鎮","",NA,"伯玉路","一","",NA,"","","","","","公車保養場前路段",NA,NA,NA,NA,NA,NA,NA,NA,NA,0,2,0,"陰","夜間（或隧道、地下道、涵洞）有照明","村里道路",60,"三岔路","慢車道","柏油","乾燥","無缺陷","無障礙物","良好","無號誌","無號誌","無標記","未繪設車道線","快慢車道分隔線","有","側撞","未依規定讓車","Y000","YZ00",1,2,2013-11-04,"伯玉路一段","","金門縣金城鎮公車保養場前路段","118.3267756","24.4346914"
10211,"10211Y00020005","YZA1","10211YZ000011",2013,11,3,8,29,"金門縣","金寧鄉","盤山村",NA,"大學路","","",NA,"1","","","","","機車停車場旁道路",NA,NA,NA,NA,NA,NA,NA,NA,NA,0,1,0,"雨","日間自然光線","其他",30,"直路","一般車道（未劃分快慢車道）","柏油","濕潤","無缺陷","無障礙物","良好","無號誌","無號誌","寬式（50公分以上）","未繪設車道線","未繪設快慢車道分隔線","有","路上翻車、摔倒","未注意車前狀態","Y000","YZ00",1,2,2013-11-03,"大學路1號","","金門縣金寧鄉盤山村機車停車場旁道路","118.325279","24.4466751"
10211,"10211Y00020046","YZA1","10211YZ000012",2013,11,5,8,29,"金門縣","金城鎮","",NA,"西海路","三","33",NA,"","","","","","口",NA,NA,NA,NA,NA,NA,NA,NA,NA,0,1,0,"晴","日間自然光線","縣道",50,"三岔路","交岔路口內","柏油","乾燥","無缺陷","無障礙物","良好","無號誌","無號誌","無分向設施","未繪設車道線","未繪設快慢車道分隔線","有","追撞","未保持行車安全距離","Y000","YZ00",1,2,2013-11-05,"西海路三段33巷","","金門縣金城鎮口","118.3124964","24.4226194"
10211,"10211Y00020047","YZA1","10211YZ000013",2013,11,6,17,34,"金門縣","金城鎮","",NA,"","","",NA,"","","","","","賢厝往金門城產業道路03848號路燈前路段",NA,NA,NA,NA,NA,NA,NA,NA,NA,0,1,0,"晴","晨或暮光","村里道路",40,"彎曲路及附近","一般車道（未劃分快慢車道）","柏油","乾燥","無缺陷","無障礙物","良好","無號誌","無號誌","無分向設施","未繪設車道線","未繪設快慢車道分隔線","有","對向擦撞","未靠右行駛","Y000","YZ00",1,2,2013-11-06,"金門縣金城鎮賢厝往金門城產業道路03848號路燈前路段","","金門縣金城鎮賢厝往金門城產業道路03848號路燈前路段","118.306221","24.401537"
10211,"","YZA1","10211YZ000017",2013,11,12,10,10,"金門縣","金寧鄉","盤山村",NA,"大學路","","",NA,"1","","","","","圖資大樓前路段",NA,NA,NA,NA,NA,NA,NA,NA,NA,0,0,0,NA,NA,NA,0,NA,NA,NA,NA,NA,NA,NA,NA,NA,NA,NA,NA,NA,NA,NA,"Y000","YZ00",1,4,2013-11-12,"大學路1號","","金門縣金寧鄉盤山村圖資大樓前路段","118.325279","24.4466751"
10211,"10211Y00020015","YZA1","10211YZ000021",2013,11,13,13,54,"金門縣","金城鎮","",NA,"環島北路","","",NA,"138","","","","","",NA,NA,NA,NA,NA,NA,NA,NA,NA,0,1,0,"晴","日間自然光線","村里道路",60,"三岔路","交岔路口內","柏油","乾燥","無缺陷","無障礙物","良好","無號誌","無號誌","無標記","未繪設車道線","未繪設快慢車道分隔線","有","側撞","未依規定讓車","Y000","YZ00",1,2,2013-11-13,"環島北路138號","","金門縣金城鎮","118.322662","24.441264"
10211,"10211Y00020016","YZA1","10211YZ000022",2013,11,13,17,27,"金門縣","金寧鄉","",NA,"環島北路","一","",NA,"","","大學路","","","",NA,NA,NA,NA,NA,NA,NA,NA,NA,0,3,0,"晴","晨或暮光","村里道路",60,"三岔路","交岔路口內","柏油","乾燥","無缺陷","無障礙物","良好","行車管制號誌","正常","無分向設施","未繪設車道線","未繪設快慢車道分隔線","有","側撞","未依規定讓車","Y000","YZ00",1,2,2013-11-13,"環島北路一段","大學路","","118.326867","24.44495544"
10211,"10211Y00020017","YZA1","10211YZ000023",2013,11,14,11,21,"金門縣","金城鎮","",NA,"民生路","","",NA,"","","","","","車站圓環",NA,NA,NA,NA,NA,NA,NA,NA,NA,0,1,0,"晴","日間自然光線","村里道路",40,"三岔路","交岔路口內","柏油","乾燥","無缺陷","無障礙物","良好","無號誌","無號誌","無分向設施","未繪設車道線","未繪設快慢車道分隔線","有","側撞","未保持行車安全距離","Y000","YZ00",1,2,2013-11-14,"民生路","","金門縣金城鎮車站圓環","118.3190184","24.43575"
10211,"10211Y00020019","YZA1","10211YZ000026",2013,11,18,14,40,"金門縣","金寧鄉","",NA,"大學路","","",NA,"1","","","","","教學大樓前",NA,NA,NA,NA,NA,NA,NA,NA,NA,0,1,0,"晴","日間自然光線","村里道路",40,"三岔路","交岔口附近","水泥","乾燥","無缺陷","無障礙物","良好","無號誌","無號誌","無標記","未繪設車道線","未繪設快慢車道分隔線","有","其他","未依規定讓車","Y000","YZ00",1,2,2013-11-18,"大學路1號","","金門縣金寧鄉教學大樓前","118.325279","24.4466751"
10211,"10211Y00020021","YZA1","10211YZ000029",2013,11,19,14,50,"金門縣","金寧鄉","湖埔村",NA,"","","",NA,"","","","","","埔後212號前路口",NA,NA,NA,NA,NA,NA,NA,NA,NA,0,4,0,"晴","日間自然光線","村里道路",40,"四岔路","交岔路口內","柏油","乾燥","無缺陷","無障礙物","良好","無號誌","無號誌","無分向設施","未繪設車道線","未繪設快慢車道分隔線","有","路口交岔撞","未依規定讓車","Y000","YZ00",1,2,2013-11-19,"金門縣金寧鄉湖埔村埔後212號前路口","","金門縣金寧鄉湖埔村埔後212號前路口","118.317029","24.442928"
10211,"10211Y00030002","YZA1","10211YZ000030",2013,11,19,8,31,"金門縣","金城鎮","",NA,"中興路","","",NA,"","","","","","金城鎮公所後方停車場",NA,NA,NA,NA,NA,NA,NA,NA,NA,0,0,0,"晴","日間自然光線","其他",40,"其他","其他","水泥","乾燥","無缺陷","無障礙物","良好","無號誌","無號誌","無分向設施","未繪設車道線","未繪設快慢車道分隔線","無","其他","不明原因肇事","Y000","YZ00",1,3,2013-11-19,"中興路","","金門縣金城鎮金城鎮公所後方停車場","118.3209249","24.4326671"
10211,"10211Y00020049","YZA1","10211YZ000031",2013,11,19,16,50,"金門縣","金寧鄉","",NA,"","","",NA,"","","","","","埔後708號前路口",NA,NA,NA,NA,NA,NA,NA,NA,NA,0,1,0,"晴","日間自然光線","村里道路",40,"四岔路","交岔路口內","柏油","乾燥","無缺陷","無障礙物","良好","無號誌","無號誌","無分向設施","未繪設車道線","未繪設快慢車道分隔線","有","路口交岔撞","未依規定讓車","Y000","YZ00",1,2,2013-11-19,"金門縣金寧鄉埔後708號前路口","","金門縣金寧鄉埔後708號前路口","118.317029","24.442928"
10211,"10211Y00020023","YZA1","10211YZ000033",2013,11,20,8,3,"金門縣","金寧鄉","",NA,"環島北路","一","",NA,"","","","","","0029號路燈桿前路段",NA,NA,NA,NA,NA,NA,NA,NA,NA,0,1,0,"晴","日間自然光線","鄉道",50,"彎曲路及附近","一般車道（未劃分快慢車道）","柏油","乾燥","無缺陷","無障礙物","良好","無號誌","無號誌","附標記","未繪設車道線","未繪設快慢車道分隔線","有","其他","違規超車","Y000","YZ00",1,2,2013-11-20,"環島北路一段","","金門縣金寧鄉0029號路燈桿前路段","118.3283226","24.4462231"
10211,"10211Y00020024","YZA1","10211YZ000034",2013,11,20,14,10,"金門縣","金寧鄉","",NA,"伯玉路","二","",NA,"","","","","","盤果路口",NA,NA,NA,NA,NA,NA,NA,NA,NA,0,1,0,"晴","日間自然光線","村里道路",60,"四岔路","公車專用道","柏油","乾燥","無缺陷","無障礙物","良好","行車管制號誌","正常","無分向設施","未繪設車道線","未繪設快慢車道分隔線","有","側撞","左轉彎未依規定","Y000","YZ00",1,2,2013-11-20,"伯玉路二段","","金門縣金寧鄉盤果路口","118.3416148","24.4414563"
10211,"10211Y00020025","YZA1","10211YZ000035",2013,11,21,18,10,"金門縣","金城鎮","",NA,"民權路","","70",2,"7","","","","","",NA,NA,NA,NA,NA,NA,NA,NA,NA,0,1,0,"晴","夜間（或隧道、地下道、涵洞）有照明","村里道路",30,"四岔路","交岔路口內","其他鋪裝","乾燥","無缺陷","無障礙物","良好","無號誌","無號誌","無分向設施","未繪設車道線","未繪設快慢車道分隔線","無","路口交岔撞","未依規定讓車","Y000","YZ00",1,2,2013-11-21,"民權路70巷2弄7號","","金門縣金城鎮","118.3120733","24.4331197"
10211,"10211Y00020026","YZA1","10211YZ000036",2013,11,22,10,30,"金門縣","金城鎮","西門里",NA,"珠浦西路","","84",NA,"","","","","","口",NA,NA,NA,NA,NA,NA,NA,NA,NA,0,2,0,"晴","日間自然光線","村里道路",40,"四岔路","交岔路口內","其他鋪裝","乾燥","無缺陷","無障礙物","良好","無號誌","無號誌","無分向設施","未繪設車道線","未繪設快慢車道分隔線","無","路口交岔撞","未依規定讓車","Y000","YZ00",1,2,2013-11-22,"珠浦西路84巷","","金門縣金城鎮西門里口","118.3147803","24.4384226"
10211,"10211Y00020028","YZA1","10211YZ000039",2013,11,22,19,55,"金門縣","金寧鄉","",NA,"","","",NA,"","","","","","湖南100之1號前產業道路",NA,NA,NA,NA,NA,NA,NA,NA,NA,0,1,0,"晴","夜間（或隧道、地下道、涵洞）有照明","鄉道",40,"直路","一般車道（未劃分快慢車道）","水泥","乾燥","無缺陷","無障礙物","良好","無號誌","無號誌","無分向設施","未繪設車道線","未繪設快慢車道分隔線","無","衝出路外","酒醉（後）駕駛失控","Y000","YZ00",1,2,2013-11-22,"金門縣金寧鄉湖南100之1號前產業道路","","金門縣金寧鄉湖南100之1號前產業道路","118.3333092","24.4542622"
10211,"10211Y00020029","YZA1","10211YZ000040",2013,11,22,23,10,"金門縣","金寧鄉","",NA,"大學路","","",NA,"","","","","","綜合大樓旁路段",NA,NA,NA,NA,NA,NA,NA,NA,NA,0,2,0,"晴","夜間（或隧道、地下道、涵洞）有照明","村里道路",40,"直路","一般車道（未劃分快慢車道）","水泥","乾燥","無缺陷","無障礙物","良好","無號誌","無號誌","無標記","未繪設車道線","未繪設快慢車道分隔線","有","側撞","違規超車","Y000","YZ00",NA,NA,2013-11-22,"大學路","","金門縣金寧鄉綜合大樓旁路段","118.325279","24.4466751"
10211,"10211Y00020030","YZA1","10211YZ000041",2013,11,23,9,52,"金門縣","金寧鄉","",NA,"環島北路","一","",NA,"","","","","","鎮西路段",NA,NA,NA,NA,NA,NA,NA,NA,NA,0,1,0,"晴","日間自然光線","村里道路",60,"彎曲路及附近","路肩、路緣","柏油","乾燥","無缺陷","無障礙物","良好","無號誌","無號誌","無標記","未繪設車道線","未繪設快慢車道分隔線","有","其他","未依規定減速","Y000","YZ00",1,2,2013-11-23,"環島北路一段","","金門縣金寧鄉鎮西路段","118.3283226","24.4462231"
10211,"10211Y00020031","YZA1","10211YZ000042",2013,11,23,13,17,"金門縣","金寧鄉","",NA,"伯玉路","一","",NA,"","","","","","榜林圓環",NA,NA,NA,NA,NA,NA,NA,NA,NA,0,2,0,"晴","日間自然光線","村里道路",40,"圓環","一般車道（未劃分快慢車道）","柏油","乾燥","無缺陷","無障礙物","良好","無號誌","無號誌","無分向設施","車道線（無標記）","未繪設快慢車道分隔線","有","其他","未依規定讓車","Y000","YZ00",1,2,2013-11-23,"伯玉路一段","","金門縣金寧鄉榜林圓環","118.3267756","24.4346914"
10211,"10211Y00020032","YZA1","10211YZ000043",2013,11,23,15,35,"金門縣","金寧鄉","榜林村",NA,"伯玉路","一","",NA,"","","","","","榜林圓環內",NA,NA,NA,NA,NA,NA,NA,NA,NA,0,1,0,"晴","日間自然光線","村里道路",40,"圓環","一般車道（未劃分快慢車道）","柏油","乾燥","無缺陷","無障礙物","良好","無號誌","無號誌","無分向設施","車道線（無標記）","未繪設快慢車道分隔線","有","其他","未依規定讓車","Y000","YZ00",1,2,2013-11-23,"伯玉路一段","","金門縣金寧鄉榜林村榜林圓環內","118.3267756","24.4346914"
10211,"10211Y00020033","YZA1","10211YZ000044",2013,11,25,7,40,"金門縣","金城鎮","西門里",NA,"珠浦西路","","",NA,"","","","","","宏德宮旁路口",NA,NA,NA,NA,NA,NA,NA,NA,NA,0,2,0,"晴","日間自然光線","村里道路",30,"四岔路","交岔路口內","柏油","乾燥","有坑洞","無障礙物","良好","無號誌","無號誌","無分向設施","未繪設車道線","未繪設快慢車道分隔線","有","路口交岔撞","未依規定讓車","Y000","YZ00",1,2,2013-11-25,"珠浦西路","","金門縣金城鎮西門里宏德宮旁路口","118.3147803","24.4384226"