"年月","總編號","處理單位","處理編號","年","月","日","時","分","縣市","區","村里","鄰","街道","段","巷","弄","號","公尺處","街道.1","段.1","側","附近","道路","公里","公尺處.1","向","車道","平交道","公里.1","公尺處.2","附近.1","死","受傷","X2.30","天候","光線","道路類別","速限","道路型態","事故位置","路面鋪裝","路面狀態","路面缺陷","障礙物","視距","號誌種類","號誌動作","分向設施","快車道或一般車道間","快慢車道間","路面邊線","事故類型及型態","主要肇因","警局","分局","案件類別","事故類別","日期","道路1","道路2","概略位置","lon","lat"
10212,"10212Y00030003","YZA1","10212YZ000012",2013,12,6,12,20,"金門縣","金寧鄉","盤山村",NA,"伯玉路","二","",NA,"224","","","","","",NA,NA,NA,NA,NA,NA,NA,NA,NA,0,0,0,"晴","日間自然光線","其他",40,"廣場","其他","水泥","乾燥","無缺陷","無障礙物","良好","無號誌","無號誌","無分向設施","未繪設車道線","未繪設快慢車道分隔線","有","倒車撞","倒車未依規定","Y000","YZ00",1,3,2013-12-06,"伯玉路二段224號","","金門縣金寧鄉盤山村","118.3416148","24.4414563"
10212,"10212Y00020008","YZA1","10212YZ000013",2013,12,5,22,0,"金門縣","金寧鄉","",NA,"環島西路","二","",NA,"","","","","","3巷路口",NA,NA,NA,NA,NA,NA,NA,NA,NA,0,1,0,"晴","夜間（或隧道、地下道、涵洞）有照明","村里道路",40,"三岔路","交岔路口內","水泥","乾燥","有坑洞","道路工事（程）中","良好","無號誌","無號誌","無分向設施","未繪設車道線","未繪設快慢車道分隔線","有","撞工程施工","未注意車前狀態","Y000","YZ00",1,2,2013-12-05,"環島西路二段","","金門縣金寧鄉3巷路口","118.3148723","24.4566699"
10212,"10212Y00020010","YZA1","10212YZ000014",2013,12,6,18,25,"金門縣","金寧鄉","",NA,"環島北路","一","",NA,"","","","","","0041號路燈桿附近",NA,NA,NA,NA,NA,NA,NA,NA,NA,0,2,0,"晴","夜間（或隧道、地下道、涵洞）有照明","村里道路",50,"直路","一般車道（未劃分快慢車道）","柏油","乾燥","無缺陷","無障礙物","良好","無號誌","無號誌","無標記","未繪設車道線","未繪設快慢車道分隔線","有","同向通行中","未注意車前狀態","Y000","YZ00",1,2,2013-12-06,"環島北路一段","","金門縣金寧鄉0041號路燈桿附近","118.3283226","24.4462231"
10212,"10212Y00020011","YZA1","10212YZ000015",2013,12,7,9,50,"金門縣","金城鎮","",NA,"西海路","三","",NA,"","","","","","賢聚三角圓環",NA,NA,NA,NA,NA,NA,NA,NA,NA,0,1,0,"晴","日間自然光線","縣道",50,"三岔路","交岔路口內","柏油","乾燥","無缺陷","無障礙物","良好","無號誌","無號誌","無分向設施","未繪設車道線","未繪設快慢車道分隔線","有","側撞","未依規定讓車","Y000","YZ00",1,2,2013-12-07,"西海路三段","","金門縣金城鎮賢聚三角圓環","118.3124964","24.4226194"
10212,"10212Y00020012","YZA1","10212YZ000016",2013,12,7,13,25,"金門縣","金寧鄉","湖埔村",NA,"","","",NA,"","","","","","頂埔下73號旁產業道路口",NA,NA,NA,NA,NA,NA,NA,NA,NA,0,1,0,"晴","日間自然光線","村里道路",30,"四岔路","交岔路口內","柏油","乾燥","無缺陷","無障礙物","良好","無號誌","無號誌","無分向設施","未繪設車道線","未繪設快慢車道分隔線","無","路口交岔撞","未依規定讓車","Y000","YZ00",1,2,2013-12-07,"金門縣金寧鄉湖埔村頂埔下73號旁產業道路口","","金門縣金寧鄉湖埔村頂埔下73號旁產業道路口","118.3099021","24.4474013"
10212,"10212Y00020013","YZA1","10212YZ000017",2013,12,7,18,15,"金門縣","金城鎮","",NA,"環島西路","一","",NA,"","","","","","燦坤前路段",NA,NA,NA,NA,NA,NA,NA,NA,NA,0,1,0,"晴","夜間（或隧道、地下道、涵洞）有照明","村里道路",40,"直路","一般車道（未劃分快慢車道）","柏油","乾燥","無缺陷","無障礙物","良好","無號誌","無號誌","無標記","未繪設車道線","未繪設快慢車道分隔線","有","同向擦撞","未注意車前狀態","Y000","YZ00",1,2,2013-12-07,"環島西路一段","","金門縣金城鎮燦坤前路段","118.3184801","24.4172073"
10212,"10212Y00020022","YZA1","10212YZ000025",2013,12,10,13,48,"金門縣","金城鎮","金水里",NA,"西海路","一","",NA,"","","","","","07146號路燈桿前路段",NA,NA,NA,NA,NA,NA,NA,NA,NA,0,1,0,"晴","日間自然光線","村里道路",50,"三岔路","交岔路口內","柏油","乾燥","無缺陷","無障礙物","良好","無號誌","無號誌","無分向設施","未繪設車道線","未繪設快慢車道分隔線","有","側撞","未依規定讓車","Y000","YZ00",1,2,2013-12-10,"西海路一段","","金門縣金城鎮金水里07146號路燈桿前路段","118.2906709","24.4124946"
10212,"10212Y00020019","YZA1","10212YZ000027",2013,12,10,12,17,"金門縣","金城鎮","珠沙里",NA,"","","",NA,"","","","","","泗湖05543號電桿",NA,NA,NA,NA,NA,NA,NA,NA,NA,0,1,0,"晴","日間自然光線","鄉道",40,"彎曲路及附近","一般車道（未劃分快慢車道）","柏油","乾燥","無缺陷","無障礙物","彎道","無號誌","無號誌","附標記","未繪設車道線","未繪設快慢車道分隔線","有","對向擦撞","未保持行車安全間隔","Y000","YZ00",1,2,2013-12-10,"金門縣金城鎮珠沙里泗湖05543號電桿","","金門縣金城鎮珠沙里泗湖05543號電桿","118.33637","24.411853"
10212,"10212Y00020020","YZA1","10212YZ000028",2013,12,10,12,48,"金門縣","金寧鄉","湖埔村",NA,"","","",NA,"","","","","","頂埔下產業道",NA,NA,NA,NA,NA,NA,NA,NA,NA,0,2,0,"晴","日間自然光線","鄉道",40,"四岔路","交岔路口內","柏油","乾燥","無缺陷","其他障礙物","彎道","無號誌","無號誌","無分向設施","未繪設車道線","未繪設快慢車道分隔線","有","路口交岔撞","未依規定讓車","Y000","YZ00",1,2,2013-12-10,"金門縣金寧鄉湖埔村頂埔下產業道","","金門縣金寧鄉湖埔村頂埔下產業道","118.3099021","24.4474013"
10212,"10212Y00020024","YZA1","10212YZ000029",2013,12,11,8,58,"金門縣","金寧鄉","",NA,"伯玉路","二","",NA,"","","","","","盤果路口",NA,NA,NA,NA,NA,NA,NA,NA,NA,0,1,0,"陰","日間自然光線","村里道路",70,"四岔路","交岔路口內","柏油","乾燥","無缺陷","無障礙物","良好","行車管制號誌","正常","無分向設施","未繪設車道線","未繪設快慢車道分隔線","有","側撞","未依規定讓車","Y000","YZ00",1,2,2013-12-11,"伯玉路二段","","金門縣金寧鄉盤果路口","118.3416148","24.4414563"
10212,"","YZA1","10212YZ000032",2013,12,14,9,44,"金門縣","金寧鄉","",NA,"伯玉路","一","",NA,"","","","","","榜林圓環內",NA,NA,NA,NA,NA,NA,NA,NA,NA,0,0,0,"晴",NA,NA,40,NA,NA,NA,NA,NA,NA,NA,NA,NA,NA,NA,NA,NA,NA,NA,"Y000","YZ00",1,4,2013-12-14,"伯玉路一段","","金門縣金寧鄉榜林圓環內","118.3267756","24.4346914"
10212,"10212Y00020027","YZA1","10212YZ000033",2013,12,14,12,24,"金門縣","金城鎮","東門里",NA,"金山路","","",NA,"18","","","","","05667燈桿",NA,NA,NA,NA,NA,NA,NA,NA,NA,0,1,0,"晴","日間自然光線","村里道路",50,"直路","一般車道（未劃分快慢車道）","柏油","乾燥","無缺陷","無障礙物","良好","無號誌","無號誌","無標記","未繪設車道線","未繪設快慢車道分隔線","有","路上翻車、摔倒","未注意車前狀態","Y000","YZ00",1,2,2013-12-14,"金山路18號","","金門縣金城鎮東門里05667燈桿","118.3277754","24.4167689"
10212,"10212Y00020028","YZA1","10212YZ000034",2013,12,14,15,5,"金門縣","金寧鄉","",NA,"環島北路","二","",NA,"600","","","","","大慶鋁門窗",NA,NA,NA,NA,NA,NA,NA,NA,NA,0,1,0,"陰","日間自然光線","村里道路",60,"直路","一般車道（未劃分快慢車道）","柏油","乾燥","無缺陷","無障礙物","良好","無號誌","無號誌","無標記","未繪設車道線","未繪設快慢車道分隔線","有","追撞","未保持行車安全距離","Y000","YZ00",1,2,2013-12-14,"環島北路二段600號","","金門縣金寧鄉大慶鋁門窗","118.3537405","24.452631"
10212,"10212Y00020029","YZA1","10212YZ000035",2013,12,15,14,30,"金門縣","金寧鄉","",NA,"","","",NA,"","","","","","埔後03286號燈桿前",NA,NA,NA,NA,NA,NA,NA,NA,NA,0,2,0,"陰","日間自然光線","村里道路",40,"四岔路","交岔路口內","柏油","濕潤","無缺陷","無障礙物","良好","無號誌","無號誌","無分向設施","未繪設車道線","未繪設快慢車道分隔線","有","路口交岔撞","未依規定讓車","Y000","YZ00",1,2,2013-12-15,"金門縣金寧鄉埔後03286號燈桿前","","金門縣金寧鄉埔後03286號燈桿前","118.317029","24.442928"
10212,"10212Y00020030","YZA1","10212YZ000036",2013,12,15,16,10,"金門縣","金寧鄉","",NA,"環島北路","一","",NA,"","","林湖路","","","林湖路口",NA,NA,NA,NA,NA,NA,NA,NA,NA,0,1,0,"陰","日間自然光線","村里道路",50,"三岔路","交岔路口內","柏油","濕潤","無缺陷","無障礙物","良好","行車管制號誌","正常","無分向設施","未繪設車道線","未繪設快慢車道分隔線","有","側撞","未保持行車安全距離","Y000","YZ00",1,2,2013-12-15,"環島北路一段","林湖路","","118.3258302","24.4439927"
10212,"10212Y00020031","YZA1","10212YZ000037",2013,12,15,17,28,"金門縣","金寧鄉","",NA,"伯玉路","一","",NA,"","","","","","榜林圓環內路段",NA,NA,NA,NA,NA,NA,NA,NA,NA,0,1,0,"雨","晨或暮光","村里道路",40,"圓環","一般車道（未劃分快慢車道）","柏油","濕潤","無缺陷","無障礙物","良好","無號誌","無號誌","無分向設施","車道線（無標記）","未繪設快慢車道分隔線","有","路上翻車、摔倒","未依規定減速","Y000","YZ00",1,2,2013-12-15,"伯玉路一段","","金門縣金寧鄉榜林圓環內路段","118.3267756","24.4346914"
10212,"10212Y00020032","YZA1","10212YZ000039",2013,12,16,12,30,"金門縣","金城鎮","",NA,"莒光路","","",NA,"31","","","","","",NA,NA,NA,NA,NA,NA,NA,NA,NA,0,1,0,"雨","日間自然光線","村里道路",40,"三岔路","交岔口附近","其他鋪裝","濕潤","無缺陷","無障礙物","良好","無號誌","無號誌","無分向設施","未繪設車道線","未繪設快慢車道分隔線","有","其他","未保持行車安全距離","Y000","YZ00",1,2,2013-12-16,"莒光路31號","","金門縣金城鎮","118.3169343","24.432731"
10212,"10212Y00020033","YZA1","10212YZ000040",2013,12,16,15,56,"金門縣","金寧鄉","盤山村",NA,"大學路","","",NA,"1","","","","","金門大學理工大樓前",NA,NA,NA,NA,NA,NA,NA,NA,NA,0,2,0,"陰","日間自然光線","鄉道",40,"四岔路","交岔路口內","柏油","濕潤","無缺陷","無障礙物","良好","無號誌","無號誌","無分向設施","未繪設車道線","未繪設快慢車道分隔線","有","其他","倒車未依規定","Y000","YZ00",1,2,2013-12-16,"大學路1號","","金門縣金寧鄉盤山村金門大學理工大樓前","118.322848","24.447907"
10212,"10212Y00020035","YZA1","10212YZ000041",2013,12,16,17,1,"金門縣","金寧鄉","盤山村",NA,"伯玉路","二","",NA,"","","盤果路","","","",NA,NA,NA,NA,NA,NA,NA,NA,NA,0,1,0,"雨","日間自然光線","鄉道",60,"四岔路","交岔路口內","柏油","濕潤","無缺陷","無障礙物","良好","行車管制號誌","正常","無分向設施","未繪設車道線","未繪設快慢車道分隔線","有","側撞","右轉彎未依規定","Y000","YZ00",1,2,2013-12-16,"伯玉路二段","盤果路","","118.3402912","24.44112005"
10212,"10212Y00020034","YZA1","10212YZ000042",2013,12,16,16,32,"金門縣","金寧鄉","",NA,"","","",NA,"","","","","","埔後191號旁路口",NA,NA,NA,NA,NA,NA,NA,NA,NA,0,2,0,"雨","日間自然光線","村里道路",40,"四岔路","交岔路口內","柏油","濕潤","無缺陷","無障礙物","良好","無號誌","無號誌","無分向設施","未繪設車道線","未繪設快慢車道分隔線","有","路口交岔撞","未依規定讓車","Y000","YZ00",1,2,2013-12-16,"金門縣金寧鄉埔後191號旁路口","","金門縣金寧鄉埔後191號旁路口","118.317029","24.442928"
10212,"10212Y00030007","YZA1","10212YZ000047",2013,12,17,9,15,"金門縣","金寧鄉","",NA,"桃園路","","",NA,"","","盤果路","","","路口",NA,NA,NA,NA,NA,NA,NA,NA,NA,0,0,0,"雨","日間自然光線","村里道路",60,"四岔路","交岔路口內","柏油","濕潤","無缺陷","無障礙物","良好","行車管制號誌","正常","無分向設施","未繪設車道線","未繪設快慢車道分隔線","有","側撞","未依規定讓車","Y000","YZ00",1,3,2013-12-17,"桃園路","盤果路","","118.345675","24.43250455"
10212,"10212Y00030008","YZA1","10212YZ000048",2013,12,17,9,55,"金門縣","金城鎮","",NA,"民權路","","",NA,"","","珠浦北路","","","路口",NA,NA,NA,NA,NA,NA,NA,NA,NA,0,0,0,"雨","日間自然光線","村里道路",40,"四岔路","交岔路口內","柏油","濕潤","無缺陷","無障礙物","良好","行車管制號誌（附設行人專用號誌）","正常","無分向設施","未繪設車道線","未繪設快慢車道分隔線","有","側撞","未依規定讓車","Y000","YZ00",1,3,2013-12-17,"民權路","珠浦北路","","118.3161299","24.43473165"
10212,"10212Y00020036","YZA1","10212YZ000049",2013,12,18,10,25,"金門縣","金城鎮","",NA,"莒光路","","",NA,"146","","","","","",NA,NA,NA,NA,NA,NA,NA,NA,NA,0,2,0,"晴","日間自然光線","村里道路",40,"四岔路","交岔口附近","其他鋪裝","乾燥","無缺陷","路上有停車","路上停放車輛","無號誌","無號誌","無分向設施","未繪設車道線","未繪設快慢車道分隔線","無","穿越道路中","穿越道路未注意左右來車","Y000","YZ00",1,2,2013-12-18,"莒光路146號","","金門縣金城鎮","118.3169343","24.432731"
10212,"10212Y00020037","YZA1","10212YZ000051",2013,12,19,11,0,"金門縣","金城鎮","",NA,"民權路","","",NA,"188","","","","","",NA,NA,NA,NA,NA,NA,NA,NA,NA,0,2,0,"晴","日間自然光線","村里道路",50,"三岔路","交岔口附近","柏油","乾燥","無缺陷","無障礙物","良好","無號誌","無號誌","無標記","未繪設車道線","未繪設快慢車道分隔線","有","其他","起步未注意其他車（人）安全","Y000","YZ00",1,2,2013-12-19,"民權路188號","","金門縣金城鎮","118.3197267","24.4385954"
10212,"10212Y00020040","YZA1","10212YZ000054",2013,12,21,20,10,"金門縣","金城鎮","",NA,"民生路","","",NA,"","","","","","11巷口",NA,NA,NA,NA,NA,NA,NA,NA,NA,0,1,0,"晴","夜間（或隧道、地下道、涵洞）有照明","村里道路",50,"三岔路","交岔路口內","柏油","乾燥","無缺陷","無障礙物","良好","無號誌","無號誌","無分向設施","未繪設車道線","未繪設快慢車道分隔線","有","側撞","未依規定讓車","Y000","YZ00",1,2,2013-12-21,"民生路","","金門縣金城鎮11巷口","118.3190184","24.43575"
10212,"10212Y00020043","YZA1","10212YZ000057",2013,12,23,12,28,"金門縣","金城鎮","賢庵里",NA,"西海路","三","72",1,"7","","","","","",NA,NA,NA,NA,NA,NA,NA,NA,NA,0,1,0,"晴","日間自然光線","村里道路",40,"四岔路","交岔路口內","水泥","乾燥","無缺陷","無障礙物","良好","無號誌","無號誌","無分向設施","未繪設車道線","未繪設快慢車道分隔線","無","其他","未依規定讓車","Y000","YZ00",1,2,2013-12-23,"西海路三段72巷1弄7號","","金門縣金城鎮賢庵里","118.3124964","24.4226194"
10212,"10212Y00020044","YZA1","10212YZ000059",2013,12,24,17,50,"金門縣","金城鎮","",NA,"西海路","二","",NA,"","","","","","26756號燈桿",NA,NA,NA,NA,NA,NA,NA,NA,NA,0,1,0,"晴","夜間（或隧道、地下道、涵洞）有照明","縣道",50,"直路","一般車道（未劃分快慢車道）","柏油","乾燥","突出（高低）不平","道路工事（程）中","良好","無號誌","無號誌","無分向設施","未繪設車道線","未繪設快慢車道分隔線","有","對撞","酒醉（後）駕駛失控","Y000","YZ00",1,2,2013-12-24,"西海路二段","","金門縣金城鎮26756號燈桿","118.3041626","24.4144371"
10212,"10212Y00020046","YZA1","10212YZ000061",2013,12,25,19,50,"金門縣","金城鎮","",NA,"民權路","","",NA,"","","","","","莒光路路口",NA,NA,NA,NA,NA,NA,NA,NA,NA,0,2,0,"晴","夜間（或隧道、地下道、涵洞）有照明","村里道路",40,"三岔路","交岔路口內","柏油","乾燥","無缺陷","路上有停車","路上停放車輛","無號誌","無號誌","無分向設施","未繪設車道線","未繪設快慢車道分隔線","有","側撞","未依規定讓車","Y000","YZ00",1,2,2013-12-25,"民權路","","金門縣金城鎮莒光路路口","118.3168946","24.4355379"
10212,"10212Y00020047","YZA1","10212YZ000062",2013,12,26,8,15,"金門縣","金寧鄉","湖埔村",NA,"","","",NA,"130","","","","","",NA,NA,NA,NA,NA,NA,NA,NA,NA,0,1,0,"晴","日間自然光線","鄉道",40,"三岔路","交岔路口內","水泥","乾燥","無缺陷","無障礙物","良好","無號誌","無號誌","無分向設施","未繪設車道線","未繪設快慢車道分隔線","有","側撞","未依規定讓車","Y000","YZ00",1,2,2013-12-26,"金門縣金寧鄉湖埔村130","","金門縣金寧鄉湖埔村","118.3140488","24.4472977"
10212,"10212Y00020048","YZA1","10212YZ000063",2013,12,26,10,9,"金門縣","金寧鄉","盤山村",NA,"伯玉路","二","",NA,"","","盤果路","","","",NA,NA,NA,NA,NA,NA,NA,NA,NA,0,1,0,"晴","日間自然光線","鄉道",60,"四岔路","交岔路口內","柏油","乾燥","無缺陷","無障礙物","良好","行車管制號誌","正常","無分向設施","未繪設車道線","未繪設快慢車道分隔線","有","側撞","未依規定讓車","Y000","YZ00",1,2,2013-12-26,"伯玉路二段","盤果路","","118.3402912","24.44112005"
10212,"10212Y00020049","YZA1","10212YZ000064",2013,12,26,10,40,"金門縣","金城鎮","東門里",NA,"伯玉路","一","",NA,"","","桃園路","","","",NA,NA,NA,NA,NA,NA,NA,NA,NA,0,1,0,"晴","日間自然光線","鄉道",60,"四岔路","交岔路口內","柏油","乾燥","無缺陷","無障礙物","良好","行車管制號誌","正常","無分向設施","未繪設車道線","未繪設快慢車道分隔線","有","側撞","右轉彎未依規定","Y000","YZ00",1,2,2013-12-26,"伯玉路一段","桃園路","","118.3245732","24.4324356"
10212,"10212Y00020050","YZA1","10212YZ000065",2013,12,26,13,45,"金門縣","金城鎮","",NA,"民權路","","",NA,"178","","","","","地方法院前路段",NA,NA,NA,NA,NA,NA,NA,NA,NA,0,1,0,"晴","日間自然光線","村里道路",50,"三岔路","交岔路口內","柏油","乾燥","無缺陷","無障礙物","良好","無號誌","無號誌","無分向設施","未繪設車道線","未繪設快慢車道分隔線","有","側撞","未保持行車安全距離","Y000","YZ00",1,2,2013-12-26,"民權路178號","","金門縣金城鎮地方法院前路段","118.3185718","24.4373124"
10212,"10212Y00020051","YZA1","10212YZ000067",2013,12,26,16,34,"金門縣","金城鎮","",NA,"環島西路","一","",NA,"","","","","","吳厝路口仰峰宮前",NA,NA,NA,NA,NA,NA,NA,NA,NA,0,1,0,"晴","日間自然光線","村里道路",40,"三岔路","交岔路口內","柏油","乾燥","無缺陷","無障礙物","良好","無號誌","無號誌","無分向設施","未繪設車道線","未繪設快慢車道分隔線","有","其他","左轉彎未依規定","Y000","YZ00",1,2,2013-12-26,"環島西路一段","","金門縣金城鎮吳厝路口仰峰宮前","118.3184801","24.4172073"
10212,"10212Y00020052","YZA1","10212YZ000071",2013,12,27,11,13,"金門縣","金城鎮","",NA,"西海路","一","",NA,"","","","","","金水寺前路段",NA,NA,NA,NA,NA,NA,NA,NA,NA,0,2,0,"晴","日間自然光線","縣道",50,"四岔路","交岔口附近","柏油","乾燥","無缺陷","無障礙物","良好","無號誌","無號誌","無標記","未繪設車道線","未繪設快慢車道分隔線","有","同向擦撞","未保持行車安全間隔","Y000","YZ00",1,2,2013-12-27,"西海路一段","","金門縣金城鎮金水寺前路段","118.2906709","24.4124946"
10212,"10212Y00020053","YZA1","10212YZ000072",2013,12,27,11,48,"金門縣","金城鎮","",NA,"民生路","","",NA,"","","中興路","","","",NA,NA,NA,NA,NA,NA,NA,NA,NA,0,2,0,"晴","日間自然光線","鄉道",40,"四岔路","行人穿越道","柏油","乾燥","無缺陷","無障礙物","良好","行車管制號誌（附設行人專用號誌）","正常","無分向設施","未繪設車道線","未繪設快慢車道分隔線","有","穿越道路中","未依標誌、標線、號誌或手勢指揮穿越道路","Y000","YZ00",1,2,2013-12-27,"民生路","中興路","","118.319696","24.43433386"
10212,"10212Y00030011","YZA1","10212YZ000074",2013,12,28,20,35,"金門縣","金寧鄉","",NA,"桃園路","","",NA,"","","","","","金門酒廠大門口路段",NA,NA,NA,NA,NA,NA,NA,NA,NA,0,0,0,"晴","夜間（或隧道、地下道、涵洞）有照明","村里道路",60,"三岔路","交岔口附近","柏油","乾燥","無缺陷","無障礙物","良好","行車管制號誌","正常","附標記","車道線（附標記）","未繪設快慢車道分隔線","有","追撞","未注意車前狀態","Y000","YZ00",1,3,2013-12-28,"桃園路","","金門縣金寧鄉金門酒廠大門口路段","118.3446627","24.4317794"
10212,"10212Y00020057","YZA1","10212YZ000076",2013,12,29,15,47,"金門縣","金寧鄉","",NA,"環島西路","二","",NA,"","","瓊安路","","","",NA,NA,NA,NA,NA,NA,NA,NA,NA,0,1,0,"晴","日間自然光線","縣道",50,"三岔路","交岔口附近","柏油","乾燥","無缺陷","無障礙物","良好","無號誌","無號誌","無標記","未繪設車道線","未繪設快慢車道分隔線","有","撞路樹、電桿","未注意車前狀態","Y000","YZ00",1,2,2013-12-29,"環島西路二段","瓊安路","","118.3159615","24.45372536"
10212,"10212Y00020060","YZA1","10212YZ000081",2013,12,30,18,50,"金門縣","烈嶼鄉","",NA,"","","",NA,"","","","","","林湖村東林80號前路段",NA,NA,NA,NA,NA,NA,NA,NA,NA,0,1,0,"晴","夜間（或隧道、地下道、涵洞）有照明","村里道路",40,"直路","一般車道（未劃分快慢車道）","柏油","乾燥","無缺陷","無障礙物","良好","無號誌","無號誌","無標記","未繪設車道線","未繪設快慢車道分隔線","有","追撞","酒醉（後）駕駛失控","Y000","YZ00",1,2,2013-12-30,"金門縣烈嶼鄉林湖村東林80號前路段","","金門縣烈嶼鄉林湖村東林80號前路段","118.2455353","24.4288578"
10212,"10212Y00020061","YZA1","10212YZ000082",2013,12,31,18,5,"金門縣","金城鎮","",NA,"民生路","","",NA,"2","","","","","金城鎮公所前路段",NA,NA,NA,NA,NA,NA,NA,NA,NA,0,1,0,"晴","夜間（或隧道、地下道、涵洞）有照明","村里道路",40,"三岔路","交岔路口內","柏油","乾燥","無缺陷","無障礙物","良好","無號誌","無號誌","無分向設施","未繪設車道線","未繪設快慢車道分隔線","有","側撞","未依規定讓車","Y000","YZ00",1,2,2013-12-31,"民生路2號","","金門縣金城鎮金城鎮公所前路段","118.3209249","24.4326671"
10212,"10212Y00020062","YZA1","10212YZ000083",2013,12,31,20,55,"金門縣","金城鎮","西門里",NA,"民權路","","",NA,"188之1","","","","","",NA,NA,NA,NA,NA,NA,NA,NA,NA,0,2,0,"晴","夜間（或隧道、地下道、涵洞）有照明","村里道路",40,"直路","一般車道（未劃分快慢車道）","柏油","乾燥","無缺陷","無障礙物","良好","無號誌","無號誌","附標記","未繪設車道線","未繪設快慢車道分隔線","有","同向通行中","未注意車前狀態","Y000","YZ00",NA,NA,2013-12-31,"民權路188-1號","","金門縣金城鎮西門里","118.3168946","24.4355379"
10301,"","YYA1","10301YY000003",2014,1,1,15,30,"金門縣","金湖鎮","",NA,"伯玉路","五","",NA,"","","","","","魯王墓旁彎道路段",NA,NA,NA,NA,NA,NA,NA,NA,NA,0,0,0,"晴","日間自然光線","村里道路",50,"彎曲路及附近","一般車道（未劃分快慢車道）","柏油","乾燥","無缺陷","無障礙物","良好","無號誌","無號誌","窄式無柵欄","未繪設車道線","未繪設快慢車道分隔線","有","撞交通島","未依規定減速","Y000","YY00",3,3,2014-01-01,"伯玉路五段","","金門縣金湖鎮魯王墓旁彎道路段","118.3897645","24.4505133"
10301,"10301Y00020002","YYA1","10301YY000005",2014,1,4,19,25,"金門縣","金沙鎮","",NA,"環島北路","三","",NA,"","","","","","高坑候車亭路段",NA,NA,NA,NA,NA,NA,NA,NA,NA,0,1,0,"晴","夜間（或隧道、地下道、涵洞）有照明","村里道路",60,"三岔路","交岔口附近","柏油","乾燥","無缺陷","無障礙物","良好","無號誌","無號誌","無標記","未繪設車道線","未繪設快慢車道分隔線","有","追撞","酒醉（後）駕駛失控","Y000","YY00",1,2,2014-01-04,"環島北路三段","","金門縣金沙鎮高坑候車亭路段","118.388325","24.466263"
10301,"10301Y00020001","YYA1","10301YY000006",2014,1,4,8,22,"金門縣","金湖鎮","",NA,"環島南路","三","",NA,"","","中山路","","","機場圓環往金湖方向",NA,NA,NA,NA,NA,NA,NA,NA,NA,0,1,0,"晴","日間自然光線","村里道路",50,"圓環","一般車道（未劃分快慢車道）","柏油","乾燥","無缺陷","無障礙物","良好","閃光號誌","正常","無分向設施","車道線（無標記）","未繪設快慢車道分隔線","有","側撞","未保持行車安全間隔","Y000","YY00",1,2,2014-01-04,"環島南路三段","中山路","","118.36415","24.43852"
10301,"10301Y00030001","YYA1","10301YY000008",2014,1,2,11,0,"金門縣","金湖鎮","",NA,"環島北路","三","",NA,"","","","","","0136柱路燈桿屠宰場路段",NA,NA,NA,NA,NA,NA,NA,NA,NA,0,0,0,"晴","日間自然光線","村里道路",60,"彎曲路及附近","路肩、路緣","柏油","乾燥","無缺陷","無障礙物","良好","無號誌","無號誌","附標記","未繪設車道線","未繪設快慢車道分隔線","有","撞路樹、電桿","未注意車前狀態","Y000","YY00",1,3,2014-01-02,"環島北路三段","","金門縣金湖鎮0136柱路燈桿屠宰場路段","118.388325","24.466263"
10301,"10301Y00020006","YYA1","10301YY000011",2014,1,6,8,31,"金門縣","金湖鎮","",NA,"環島南路","三","",NA,"","","瓊徑路","","","",NA,NA,NA,NA,NA,NA,NA,NA,NA,0,1,0,"晴","日間自然光線","村里道路",50,"三岔路","交岔路口內","柏油","乾燥","無缺陷","無障礙物","良好","行車管制號誌","正常","無分向設施","未繪設車道線","未繪設快慢車道分隔線","有","側撞","未依規定讓車","Y000","YY00",1,2,2014-01-06,"環島南路三段","瓊徑路","","118.3917905","24.44048713"
10301,"10301Y00020008","YYA1","10301YY000013",2014,1,6,22,57,"金門縣","金湖鎮","",NA,"黃海路","","",NA,"","","","","","監理站前路段",NA,NA,NA,NA,NA,NA,NA,NA,NA,0,1,0,"晴","夜間（或隧道、地下道、涵洞）有照明","村里道路",60,"直路","一般車道（未劃分快慢車道）","柏油","乾燥","無缺陷","無障礙物","良好","無號誌","無號誌","無標記","未繪設車道線","未繪設快慢車道分隔線","有","路上翻車、摔倒","未注意車前狀態","Y000","YY00",1,2,2014-01-06,"黃海路","","金門縣金湖鎮監理站前路段","118.4256931","24.452032"
10301,"10301Y00020009","YYA1","10301YY000014",2014,1,7,7,5,"金門縣","金湖鎮","",NA,"三多路","","",NA,"","","南機路","","","",NA,NA,NA,NA,NA,NA,NA,NA,NA,0,1,0,"晴","日間自然光線","村里道路",50,"四岔路","交岔路口內","柏油","乾燥","突出（高低）不平","道路工事（程）中","良好","閃光號誌","無動作","無分向設施","未繪設車道線","未繪設快慢車道分隔線","無","路口交岔撞","未依規定讓車","Y000","YY00",1,2,2014-01-07,"三多路","南機路","","118.4406486","24.4439697"
10301,"10301Y00020013","YYA1","10301YY000017",2014,1,8,10,24,"金門縣","金湖鎮","新市里",NA,"復興路","","",NA,"24","","","","","",NA,NA,NA,NA,NA,NA,NA,NA,NA,0,1,0,"晴","日間自然光線","村里道路",50,"四岔路","交岔口附近","柏油","乾燥","無缺陷","無障礙物","良好","無號誌","無號誌","無標記","未繪設車道線","未繪設快慢車道分隔線","有","同向通行中","未注意車前狀態","Y000","YY00",1,2,2014-01-08,"復興路24號","","金門縣金湖鎮新市里","118.4161413","24.4412321"