"年月","總編號","處理單位","處理編號","年","月","日","時","分","縣市","區","村里","鄰","街道","段","巷","弄","號","公尺處","街道.1","段.1","側","附近","道路","公里","公尺處.1","向","車道","平交道","公里.1","公尺處.2","附近.1","死","受傷","X2.30","天候","光線","道路類別","速限","道路型態","事故位置","路面鋪裝","路面狀態","路面缺陷","障礙物","視距","號誌種類","號誌動作","分向設施","快車道或一般車道間","快慢車道間","路面邊線","事故類型及型態","主要肇因","警局","分局","案件類別","事故類別","日期","道路1","道路2","概略位置","lon","lat"
10301,"","YYA1","10301YY000020",2014,1,9,8,20,"金門縣","金湖鎮","",NA,"環島南路","四","",NA,"","","","","","夏興51號前",NA,NA,NA,NA,NA,NA,NA,NA,NA,0,0,0,"晴","日間自然光線","村里道路",50,"其他","一般車道（未劃分快慢車道）","柏油","乾燥","無缺陷","無障礙物","良好","無號誌","無號誌","無標記","未繪設車道線","未繪設快慢車道分隔線","有","撞工程施工","煞車失靈","Y000","YY00",4,3,2014-01-09,"環島南路四段","","金門縣金湖鎮夏興51號前","118.40101","24.438041"
10301,"10301Y00020015","YYA1","10301YY000021",2014,1,9,11,30,"金門縣","金湖鎮","",NA,"","","",NA,"","","","","","信義新村42號前",NA,NA,NA,NA,NA,NA,NA,NA,NA,0,1,0,"晴","日間自然光線","村里道路",40,"三岔路","交岔路口內","其他鋪裝","乾燥","無缺陷","無障礙物","良好","無號誌","無號誌","無分向設施","未繪設車道線","未繪設快慢車道分隔線","無","側撞","未注意車前狀態","Y000","YY00",1,2,2014-01-09,"金門縣金湖鎮信義新村42號前","","金門縣金湖鎮信義新村42號前","118.410361","24.435293"
10301,"","YYA1","10301YY000025",2014,1,10,16,59,"金門縣","金沙鎮","",NA,"","","",NA,"","","","","","忠孝新村511號前",NA,NA,NA,NA,NA,NA,NA,NA,NA,0,0,0,NA,NA,NA,0,NA,NA,NA,NA,NA,NA,NA,NA,NA,NA,NA,NA,NA,NA,NA,"Y000","YY00",1,4,2014-01-10,"金門縣金沙鎮忠孝新村511號前","","金門縣金沙鎮忠孝新村511號前","118.413013","24.493643"
10301,"10301Y00020031","YYA1","10301YY000042",2014,1,16,9,22,"金門縣","金湖鎮","",NA,"黃海路","","",NA,"90-1","","","","","",NA,NA,NA,NA,NA,NA,NA,NA,NA,0,1,0,"晴","日間自然光線","村里道路",40,"直路","一般車道（未劃分快慢車道）","柏油","乾燥","無缺陷","無障礙物","良好","無號誌","無號誌","無標記","未繪設車道線","未繪設快慢車道分隔線","有","穿越道路中","搶越行人穿越道","Y000","YY00",1,2,2014-01-16,"黃海路90-1號","","金門縣金湖鎮","118.4256931","24.452032"
10301,"","YYA1","10301YY000043",2014,1,16,15,58,"金門縣","金湖鎮","",NA,"環島南路","四","",NA,"","","","","","陶瓷廠大門口路段",NA,NA,NA,NA,NA,NA,NA,NA,NA,0,0,0,"晴","日間自然光線","村里道路",50,"直路","一般車道（未劃分快慢車道）","柏油","乾燥","無缺陷","無障礙物","良好","無號誌","無號誌","無分向設施","未繪設車道線","未繪設快慢車道分隔線","有","對向擦撞","未靠右行駛","Y000","YY00",1,4,2014-01-16,"環島南路四段","","金門縣金湖鎮陶瓷廠大門口路段","118.40101","24.438041"
10301,"10301Y00020058","YYA1","10301YY000044",2014,1,17,6,5,"金門縣","金湖鎮","",NA,"環島南路","四","",NA,"","","","","","夏興路段柱0587號路燈桿",NA,NA,NA,NA,NA,NA,NA,NA,NA,0,2,0,"晴","日間自然光線","村里道路",50,"彎曲路及附近","一般車道（未劃分快慢車道）","柏油","乾燥","無缺陷","無障礙物","良好","無號誌","無號誌","附標記","未繪設車道線","快慢車道分隔線","有","對向擦撞","超速失控","Y000","YY00",1,2,2014-01-17,"環島南路四段","","金門縣金湖鎮夏興路段柱0587號路燈桿","118.40101","24.438041"
10301,"","YYA1","10301YY000046",2014,1,18,9,0,"金門縣","金湖鎮","山外里",NA,"中興路","","",NA,"","","光武路","","","路口內",NA,NA,NA,NA,NA,NA,NA,NA,NA,0,0,0,"晴","日間自然光線","村里道路",40,"四岔路","交岔路口內","柏油","乾燥","無缺陷","無障礙物","良好","無號誌","無號誌","無分向設施","未繪設車道線","未繪設快慢車道分隔線","有","路口交岔撞","未依規定讓車","Y000","YY00",1,4,2014-01-18,"中興路","光武路","","118.4259582","24.45169024"
10301,"10301Y00020036","YYA1","10301YY000048",2014,1,19,14,12,"金門縣","金湖鎮","新湖里",NA,"太湖路","一","",NA,"","","","","","1479路燈桿前",NA,NA,NA,NA,NA,NA,NA,NA,NA,0,1,0,"晴","日間自然光線","村里道路",50,"直路","一般車道（未劃分快慢車道）","柏油","乾燥","無缺陷","無障礙物","良好","無號誌","無號誌","無標記","未繪設車道線","未繪設快慢車道分隔線","有","同向擦撞","未保持行車安全間隔","Y000","YY00",1,2,2014-01-19,"太湖路一段","","金門縣金湖鎮新湖里1479路燈桿前","118.4047483","24.4473343"
10301,"10301Y00020035","YYA1","10301YY000049",2014,1,19,13,13,"金門縣","金湖鎮","",NA,"伯玉路","五","",NA,"","","","","","魯王墓前路段",NA,NA,NA,NA,NA,NA,NA,NA,NA,0,2,0,"晴","日間自然光線","村里道路",50,"彎曲路及附近","一般車道（未劃分快慢車道）","柏油","乾燥","無缺陷","無障礙物","彎道","無號誌","無號誌","窄式無柵欄","未繪設車道線","未繪設快慢車道分隔線","有","路上翻車、摔倒","未依規定減速","Y000","YY00",1,2,2014-01-19,"伯玉路五段","","金門縣金湖鎮魯王墓前路段","118.3897645","24.4505133"
10301,"10301Y00020039","YYA1","10301YY000052",2014,1,22,4,22,"金門縣","金湖鎮","",NA,"黃海路","","",NA,"","","復興路","","","",NA,NA,NA,NA,NA,NA,NA,NA,NA,0,1,0,"陰","夜間（或隧道、地下道、涵洞）有照明","村里道路",40,"四岔路","交岔路口內","柏油","乾燥","無缺陷","無障礙物","良好","閃光號誌","正常","無分向設施","未繪設車道線","未繪設快慢車道分隔線","有","路口交岔撞","未依規定讓車","Y000","YY00",1,2,2014-01-22,"黃海路","復興路","","118.4143341","24.44234488"
10301,"","YYA1","10301YY000055",2014,1,22,15,58,"金門縣","金湖鎮","",NA,"環島北路","三","",NA,"","","","","","屠宰場前路段",NA,NA,NA,NA,NA,NA,NA,NA,NA,0,0,0,"晴","日間自然光線","村里道路",60,"直路","一般車道（未劃分快慢車道）","柏油","乾燥","無缺陷","無障礙物","良好","無號誌","無號誌","無標記","未繪設車道線","未繪設快慢車道分隔線","有","同向擦撞","違規停車或暫停不當而肇事","Y000","YY00",1,4,2014-01-22,"環島北路三段","","金門縣金湖鎮屠宰場前路段","118.388325","24.466263"
10301,"","YYA1","10301YY000056",2014,1,22,16,34,"金門縣","金湖鎮","新市里",NA,"林森路","","",NA,"","","","","","金湖國小前路段",NA,NA,NA,NA,NA,NA,NA,NA,NA,0,0,0,"晴","日間自然光線","村里道路",40,"直路","一般車道（未劃分快慢車道）","柏油","乾燥","無缺陷","無障礙物","良好","無號誌","無號誌","無標記","未繪設車道線","未繪設快慢車道分隔線","有","倒車撞","倒車未依規定","Y000","YY00",1,4,2014-01-22,"林森路","","金門縣金湖鎮新市里金湖國小前路段","118.4162571","24.4417488"
10301,"10301Y00020041","YYA1","10301YY000057",2014,1,23,7,45,"金門縣","金湖鎮","",NA,"伯玉路","五","",NA,"","","瓊徑路","","","",NA,NA,NA,NA,NA,NA,NA,NA,NA,0,1,0,"晴","日間自然光線","村里道路",60,"圓環","一般車道（未劃分快慢車道）","柏油","乾燥","無缺陷","無障礙物","良好","無號誌","無號誌","無分向設施","車道線（附標記）","未繪設快慢車道分隔線","有","其他","未依規定讓車","Y000","YY00",1,2,2014-01-23,"伯玉路五段","瓊徑路","","118.3851529","24.44734108"
10301,"10301Y00020043","YYA1","10301YY000060",2014,1,24,8,14,"金門縣","金湖鎮","",NA,"","","",NA,"","","","","","金湖鎮公所旁路段",NA,NA,NA,NA,NA,NA,NA,NA,NA,0,1,0,"晴","日間自然光線","村里道路",50,"四岔路","交岔口附近","柏油","乾燥","無缺陷","無障礙物","良好","無號誌","無號誌","無分向設施","未繪設車道線","未繪設快慢車道分隔線","有","其他","未注意車前狀態","Y000","YY00",1,2,2014-01-24,"金門縣金湖鎮金湖鎮公所旁路段","","金門縣金湖鎮金湖鎮公所旁路段","118.4168637","24.4415005"
10301,"10301Y00020042","YYA1","10301YY000061",2014,1,24,7,30,"金門縣","金沙鎮","",NA,"環島東路","一","",NA,"","","","","","金沙鎮公所前",NA,NA,NA,NA,NA,NA,NA,NA,NA,0,1,0,"晴","日間自然光線","村里道路",50,"直路","一般車道（未劃分快慢車道）","柏油","乾燥","無缺陷","無障礙物","良好","無號誌","無號誌","無標記","未繪設車道線","未繪設快慢車道分隔線","有","路口交岔撞","未注意車前狀態","Y000","YY00",1,2,2014-01-24,"環島東路一段","","金門縣金沙鎮金沙鎮公所前","118.4213083","24.4841071"
10301,"10301Y00030005","YYA1","10301YY000062",2014,1,24,11,30,"金門縣","金湖鎮","",NA,"","","",NA,"","","","","","尚義機場航廈旅客下車處",NA,NA,NA,NA,NA,NA,NA,NA,NA,0,0,0,"晴","日間自然光線","專用道路",50,"直路","一般車道（未劃分快慢車道）","水泥","乾燥","無缺陷","無障礙物","良好","無號誌","無號誌","無分向設施","車道線（無標記）","未繪設快慢車道分隔線","有","同向擦撞","開啟車門不當而肇事","Y000","YY00",1,3,2014-01-24,"金門縣金湖鎮尚義機場航廈旅客下車處","","金門縣金湖鎮尚義機場航廈旅客下車處","118.376631","24.437699"
10301,"10301Y00020053","YYA1","10301YY000063",2014,1,25,11,55,"金門縣","金湖鎮","",NA,"黃海路","","",NA,"","","南機路","","","",NA,NA,NA,NA,NA,NA,NA,NA,NA,0,1,0,"晴","日間自然光線","村里道路",60,"三岔路","交岔路口內","柏油","乾燥","無缺陷","無障礙物","良好","無號誌","無號誌","無分向設施","未繪設車道線","未繪設快慢車道分隔線","有","側撞","違規超車","Y000","YY00",1,2,2014-01-25,"黃海路","南機路","","118.4275278","24.4541466"
10301,"","YYA1","10301YY000070",2014,1,24,17,50,"金門縣","金沙鎮","",NA,"","","",NA,"","","","","","國中路2號前",NA,NA,NA,NA,NA,NA,NA,NA,NA,0,0,0,"晴","夜間（或隧道、地下道、涵洞）有照明","市區道路",60,"三岔路","交岔口附近","柏油","乾燥","無缺陷","無障礙物","良好","無號誌","無號誌","無標記","未繪設車道線","未繪設快慢車道分隔線","無","路上翻車、摔倒","酒醉（後）駕駛失控","Y000","YY00",1,4,2014-01-24,"金門縣金沙鎮國中路2號前","","金門縣金沙鎮國中路2號前","118.4143889","24.4891988"
10301,"10301Y00020047","YYA1","10301YY000072",2014,1,29,17,59,"金門縣","金沙鎮","",NA,"五福街","","",NA,"21","","","","","前路口",NA,NA,NA,NA,NA,NA,NA,NA,NA,0,1,0,"晴","晨或暮光","村里道路",40,"四岔路","交岔路口內","水泥","濕潤","無缺陷","無障礙物","其他","無號誌","無號誌","無分向設施","未繪設車道線","未繪設快慢車道分隔線","有","路口交岔撞","未依規定讓車","Y000","YY00",1,2,2014-01-29,"五福街21號","","金門縣金沙鎮前路口","118.4134282","24.488077"
10301,"","YYA1","10301YY000073",2014,1,30,5,39,"金門縣","金湖鎮","山外里",NA,"","","",NA,"","","","","","山外76之1號",NA,NA,NA,NA,NA,NA,NA,NA,NA,0,0,0,"晴","夜間（或隧道、地下道、涵洞）有照明","其他",40,"廣場","其他","其他鋪裝","乾燥","無缺陷","無障礙物","良好","無號誌","無號誌","無分向設施","未繪設車道線","未繪設快慢車道分隔線","無","倒車撞","起步未注意其他車（人）安全","Y000","YY00",1,4,2014-01-30,"金門縣金湖鎮山外里山外76之1號","","金門縣金湖鎮山外里山外76之1號","118.4162306","24.4418802"
10301,"10301Y00020048","YYA1","10301YY000074",2014,1,30,11,17,"金門縣","金湖鎮","",NA,"","","",NA,"","","","","","信義新村94號旁巷口",NA,NA,NA,NA,NA,NA,NA,NA,NA,0,1,0,"晴","日間自然光線","村里道路",40,"三岔路","交岔路口內","其他鋪裝","乾燥","無缺陷","無障礙物","良好","無號誌","無號誌","無分向設施","未繪設車道線","未繪設快慢車道分隔線","無","側撞","未靠右行駛","Y000","YY00",1,2,2014-01-30,"金門縣金湖鎮信義新村94號旁巷口","","金門縣金湖鎮信義新村94號旁巷口","118.410361","24.435293"
10301,"10301Y00020057","YZA1","10301YZ000001",2014,1,1,0,5,"金門縣","金寧鄉","",NA,"慈湖路","三","",NA,"","","","","","慈堤路段",NA,NA,NA,NA,NA,NA,NA,NA,NA,0,2,0,"晴","夜間（或隧道、地下道、涵洞）無照明","村里道路",50,"直路","一般車道（未劃分快慢車道）","柏油","乾燥","無缺陷","路上有停車","其他","無號誌","無號誌","附標記","未繪設車道線","未繪設快慢車道分隔線","有","其他","未注意車前狀態","Y000","YZ00",1,2,2014-01-01,"慈湖路三段","","金門縣金寧鄉慈堤路段","118.3001065","24.4637277"
10301,"","YZA1","10301YZ000002",2014,1,1,14,5,"金門縣","金寧鄉","",NA,"伯玉路","二","",NA,"","","","","","靠近榜林圓環",NA,NA,NA,NA,NA,NA,NA,NA,NA,0,0,0,"晴",NA,NA,70,NA,NA,NA,NA,NA,NA,NA,NA,NA,NA,NA,NA,NA,NA,NA,"Y000","YZ00",1,4,2014-01-01,"伯玉路二段","","金門縣金寧鄉靠近榜林圓環","118.3416148","24.4414563"
10301,"10301Y00030002","YZA1","10301YZ000004",2014,1,3,18,8,"金門縣","金城鎮","",NA,"中興路","","161",NA,"18","","","","","",NA,NA,NA,NA,NA,NA,NA,NA,NA,0,0,0,"晴","夜間（或隧道、地下道、涵洞）有照明","村里道路",30,"直路","一般車道（未劃分快慢車道）","柏油","乾燥","無缺陷","路上有停車","良好","無號誌","無號誌","無分向設施","未繪設車道線","未繪設快慢車道分隔線","有","其他","未注意車前狀態","Y000","YZ00",1,3,2014-01-03,"中興路161巷18號","","金門縣金城鎮","118.3184644","24.4344876"
10301,"10301Y00020004","YZA1","10301YZ000007",2014,1,5,13,45,"金門縣","金城鎮","東門里",NA,"北堤路","","9",NA,"7","","","","","",NA,NA,NA,NA,NA,NA,NA,NA,NA,0,1,0,"晴","日間自然光線","村里道路",40,"四岔路","交岔路口內","其他鋪裝","乾燥","無缺陷","路上有停車","路上停放車輛","無號誌","無號誌","無分向設施","未繪設車道線","未繪設快慢車道分隔線","無","路口交岔撞","未依規定讓車","Y000","YZ00",1,2,2014-01-05,"北堤路9巷7號","","金門縣金城鎮東門里","118.3167419","24.4294062"
10301,"10301Y00020005","YZA1","10301YZ000009",2014,1,5,20,27,"金門縣","金寧鄉","",NA,"頂林路","","",NA,"","","","","","07555號燈桿前",NA,NA,NA,NA,NA,NA,NA,NA,NA,0,1,0,"晴","夜間（或隧道、地下道、涵洞）有照明","村里道路",50,"三岔路","交岔路口內","柏油","乾燥","無缺陷","無障礙物","良好","無號誌","無號誌","無分向設施","未繪設車道線","未繪設快慢車道分隔線","有","側撞","未依規定讓車","Y000","YZ00",1,2,2014-01-05,"頂林路","","金門縣金寧鄉07555號燈桿前","118.3246113","24.4625018"
10301,"10301Y00020003","YZA1","10301YZ000010",2014,1,5,11,40,"金門縣","金寧鄉","",NA,"伯玉路","二","",NA,"","","","","","1055號燈桿前路段",NA,NA,NA,NA,NA,NA,NA,NA,NA,0,2,0,"晴","日間自然光線","縣道",70,"直路","慢車道","柏油","乾燥","無缺陷","無障礙物","良好","無號誌","無號誌","無標記","未繪設車道線","快慢車道分隔線","有","追撞","未保持行車安全距離","Y000","YZ00",1,2,2014-01-05,"伯玉路二段","","金門縣金寧鄉1055號燈桿前路段","118.3416148","24.4414563"
10301,"10301Y00020007","YZA1","10301YZ000012",2014,1,6,20,34,"金門縣","金城鎮","西門里",NA,"環島北路","一","",NA,"","","","","","統精加油站前",NA,NA,NA,NA,NA,NA,NA,NA,NA,0,1,0,"晴","夜間（或隧道、地下道、涵洞）有照明","縣道",50,"三岔路","交岔口附近","柏油","乾燥","無缺陷","無障礙物","良好","無號誌","無號誌","附標記","未繪設車道線","未繪設快慢車道分隔線","有","側撞","未保持行車安全距離","Y000","YZ00",1,2,2014-01-06,"環島北路一段","","金門縣金城鎮西門里統精加油站前","118.3283226","24.4462231"
10301,"10301Y00020010","YZA1","10301YZ000015",2014,1,7,13,1,"金門縣","金寧鄉","",NA,"伯玉路","一","",NA,"90","","","","","陳金福號旁空地",NA,NA,NA,NA,NA,NA,NA,NA,NA,0,1,0,"晴","日間自然光線","村里道路",60,"其他","其他","碎石","乾燥","無缺陷","無障礙物","良好","無號誌","無號誌","無分向設施","未繪設車道線","未繪設快慢車道分隔線","無","撞號誌、標誌桿","迴轉未依規定","Y000","YZ00",1,2,2014-01-07,"伯玉路一段90號","","金門縣金寧鄉陳金福號旁空地","118.3267756","24.4346914"
10301,"10301Y00020012","YZA1","10301YZ000016",2014,1,7,21,29,"金門縣","金寧鄉","",NA,"林湖路","","",NA,"315","","","","","",NA,NA,NA,NA,NA,NA,NA,NA,NA,0,1,0,"晴","夜間（或隧道、地下道、涵洞）有照明","村里道路",50,"直路","一般車道（未劃分快慢車道）","柏油","乾燥","無缺陷","無障礙物","良好","無號誌","無號誌","無標記","未繪設車道線","未繪設快慢車道分隔線","有","路上翻車、摔倒","未注意車前狀態","Y000","YZ00",1,2,2014-01-07,"林湖路315號","","金門縣金寧鄉","118.330303","24.4320985"
10301,"10301Y00020014","YZA1","10301YZ000018",2014,1,8,17,4,"金門縣","金城鎮","西門里",NA,"環島北路","","",NA,"88","","","","","",NA,NA,NA,NA,NA,NA,NA,NA,NA,0,1,0,"晴","日間自然光線","鄉道",50,"直路","一般車道（未劃分快慢車道）","柏油","乾燥","無缺陷","無障礙物","良好","無號誌","無號誌","附標記","未繪設車道線","未繪設快慢車道分隔線","有","同向擦撞","違規超車","Y000","YZ00",1,2,2014-01-08,"環島北路88號","","金門縣金城鎮西門里","118.322662","24.441264"
10301,"10301Y00020016","YZA1","10301YZ000022",2014,1,9,16,0,"金門縣","金寧鄉","湖埔村",NA,"","","",NA,"","","","","","埔后191號前路口",NA,NA,NA,NA,NA,NA,NA,NA,NA,0,2,0,"晴","日間自然光線","村里道路",40,"四岔路","交岔路口內","柏油","乾燥","無缺陷","無障礙物","建築物","無號誌","無號誌","無分向設施","未繪設車道線","未繪設快慢車道分隔線","有","路口交岔撞","未依規定讓車","Y000","YZ00",NA,NA,2014-01-09,"金門縣金寧鄉湖埔村埔后191號前路口","","金門縣金寧鄉湖埔村埔后191號前路口","118.3140488","24.4472977"
10301,"10301Y00020017","YZ00","10301YZ000023",2014,1,9,16,18,"金門縣","金城鎮","",NA,"中興路","","",NA,"48","","","","","",NA,NA,NA,NA,NA,NA,NA,NA,NA,0,1,0,"晴","日間自然光線","村里道路",40,"直路","一般車道（未劃分快慢車道）","水泥","乾燥","無缺陷","無障礙物","良好","無號誌","無號誌","無分向設施","未繪設車道線","未繪設快慢車道分隔線","無","穿越道路中","穿越道路未注意左右來車","Y000","YZ00",1,2,2014-01-09,"中興路48號","","金門縣金城鎮","118.3170477","24.432715"
10301,"10301Y00020011","YZA1","10301YZ000024",2014,1,7,17,42,"金門縣","金寧鄉","",NA,"林湖路","","",NA,"","","","","","宏濟殿前路段",NA,NA,NA,NA,NA,NA,NA,NA,NA,0,1,0,"晴","晨或暮光","村里道路",50,"三岔路","交岔路口內","柏油","乾燥","無缺陷","無障礙物","良好","無號誌","無號誌","無分向設施","未繪設車道線","未繪設快慢車道分隔線","有","側撞","未依規定讓車","Y000","YZ00",1,2,2014-01-07,"林湖路","","金門縣金寧鄉宏濟殿前路段","118.330303","24.4320985"
10301,"10301Y00020018","YZA1","10301YZ000026",2014,1,10,20,5,"金門縣","金寧鄉","",NA,"伯玉路","一","",NA,"","","","","","0941號燈桿前路段",NA,NA,NA,NA,NA,NA,NA,NA,NA,0,1,0,"晴","夜間（或隧道、地下道、涵洞）有照明","村里道路",60,"直路","一般車道（未劃分快慢車道）","柏油","乾燥","無缺陷","無障礙物","良好","無號誌","無號誌","無標記","未繪設車道線","快慢車道分隔線","有","路上翻車、摔倒","酒醉（後）駕駛失控","Y000","YZ00",1,2,2014-01-10,"伯玉路一段","","金門縣金寧鄉0941號燈桿前路段","118.3267756","24.4346914"
10301,"10301Y00020019","YZA1","10301YZ000027",2014,1,11,7,25,"金門縣","金寧鄉","",NA,"桃園路","","",NA,"","","","","","1322號燈桿前",NA,NA,NA,NA,NA,NA,NA,NA,NA,0,2,0,"晴","日間自然光線","村里道路",50,"直路","一般車道（未劃分快慢車道）","柏油","乾燥","無缺陷","無障礙物","良好","無號誌","無號誌","附標記","未繪設車道線","未繪設快慢車道分隔線","有","對向擦撞","違規超車","Y000","YZ00",1,2,2014-01-11,"桃園路","","金門縣金寧鄉1322號燈桿前","118.3446627","24.4317794"
10301,"10301Y00020020","YZA1","10301YZ000028",2014,1,11,18,28,"金門縣","金寧鄉","",NA,"伯玉路","一","",NA,"","","","","","0935號燈桿前路段",NA,NA,NA,NA,NA,NA,NA,NA,NA,0,2,0,"晴","夜間（或隧道、地下道、涵洞）有照明","縣道",60,"直路","慢車道","柏油","乾燥","無缺陷","無障礙物","良好","無號誌","無號誌","無標記","未繪設車道線","快慢車道分隔線","有","穿越道路中","未注意車前狀態","Y000","YZ00",1,2,2014-01-11,"伯玉路一段","","金門縣金寧鄉0935號燈桿前路段","118.3267756","24.4346914"
10301,"10301Y00020021","YZA1","10301YZ000029",2014,1,11,19,20,"金門縣","金城鎮","",NA,"","","",NA,"","","","","","環島北路29號前路段",NA,NA,NA,NA,NA,NA,NA,NA,NA,0,1,0,"晴","夜間（或隧道、地下道、涵洞）有照明","村里道路",60,"直路","一般車道（未劃分快慢車道）","柏油","乾燥","無缺陷","無障礙物","良好","無號誌","無號誌","無標記","未繪設車道線","未繪設快慢車道分隔線","有","其他","起步未注意其他車（人）安全","Y000","YZ00",1,2,2014-01-11,"金門縣金城鎮環島北路29號前路段","","金門縣金城鎮環島北路29號前路段","118.322662","24.441264"
10301,"10301Y00020022","YZA1","10301YZ000030",2014,1,12,7,8,"金門縣","金城鎮","西門里",NA,"環島北路","","38",2,"11","","","","","",NA,NA,NA,NA,NA,NA,NA,NA,NA,0,1,0,"晴","日間自然光線","鄉道",40,"四岔路","交岔路口內","柏油","乾燥","無缺陷","無障礙物","良好","無號誌","無號誌","無分向設施","未繪設車道線","未繪設快慢車道分隔線","無","路口交岔撞","未依規定讓車","Y000","YZ00",1,2,2014-01-12,"環島北路38巷2弄11號","","金門縣金城鎮西門里","118.322662","24.441264"
10301,"","YZA1","10301YZ000031",2014,1,12,7,30,"金門縣","金城鎮","西門里",NA,"民權路","","226",4,"22","","","","","",NA,NA,NA,NA,NA,NA,NA,NA,NA,0,0,0,NA,NA,NA,0,NA,NA,NA,NA,NA,NA,NA,NA,NA,NA,NA,NA,NA,NA,NA,"Y000","YZ00",1,4,2014-01-12,"民權路226巷4弄22號","","金門縣金城鎮西門里","118.3193849","24.4396401"
10301,"10301Y00020023","YZA1","10301YZ000032",2014,1,12,7,48,"金門縣","金城鎮","西門里",NA,"民權路","","",NA,"85","","","","","",NA,NA,NA,NA,NA,NA,NA,NA,NA,0,1,0,"晴","日間自然光線","村里道路",40,"直路","一般車道（未劃分快慢車道）","柏油","乾燥","無缺陷","其他障礙物","良好","無號誌","無號誌","附標記","未繪設車道線","未繪設快慢車道分隔線","有","同向通行中","未注意車前狀態","Y000","YZ00",1,2,2014-01-12,"民權路85號","","金門縣金城鎮西門里","118.3146864","24.4332883"
10301,"","YZA1","10301YZ000033",2014,1,12,16,10,"金門縣","金城鎮","",NA,"","","",NA,"","","","","","小西門591號旁道路",NA,NA,NA,NA,NA,NA,NA,NA,NA,0,0,0,"晴",NA,NA,4,NA,NA,NA,NA,NA,NA,NA,NA,NA,NA,NA,NA,NA,NA,NA,"Y000","YZ00",1,4,2014-01-12,"金門縣金城鎮小西門591號旁道路","","金門縣金城鎮小西門591號旁道路","118.328131","24.412812"
10301,"10301Y00020024","YZA1","10301YZ000034",2014,1,13,21,0,"金門縣","金寧鄉","",NA,"桃園路","","",NA,"","","","","","1333路燈桿旁",NA,NA,NA,NA,NA,NA,NA,NA,NA,0,1,0,"陰","日間自然光線","村里道路",50,"直路","其他","柏油","乾燥","無缺陷","無障礙物","良好","無號誌","無號誌","無標記","未繪設車道線","未繪設快慢車道分隔線","有","衝出路外","酒醉（後）駕駛失控","Y000","YZ00",1,2,2014-01-13,"桃園路","","金門縣金寧鄉1333路燈桿旁","118.3446627","24.4317794"
10301,"10301Y00020025","YZA1","10301YZ000035",2014,1,14,8,55,"金門縣","金城鎮","",NA,"民生路","","",NA,"","","","","","金城車站圓環",NA,NA,NA,NA,NA,NA,NA,NA,NA,0,1,0,"陰","日間自然光線","村里道路",40,"三岔路","交岔路口內","柏油","乾燥","無缺陷","無障礙物","良好","無號誌","無號誌","無分向設施","未繪設車道線","未繪設快慢車道分隔線","有","其他","起步未注意其他車（人）安全","Y000","YZ00",1,2,2014-01-14,"民生路","","金門縣金城鎮金城車站圓環","118.3190184","24.43575"
10301,"10301Y00020026","YZA1","10301YZ000036",2014,1,14,8,59,"金門縣","金寧鄉","榜林村",NA,"伯玉路","一","",NA,"","","","","","榜林圓環",NA,NA,NA,NA,NA,NA,NA,NA,NA,0,1,0,"晴","日間自然光線","縣道",60,"圓環","一般車道（未劃分快慢車道）","柏油","乾燥","無缺陷","無障礙物","良好","無號誌","無號誌","無分向設施","車道線（附標記）","未繪設快慢車道分隔線","有","其他","未依規定讓車","Y000","YZ00",1,2,2014-01-14,"伯玉路一段","","金門縣金寧鄉榜林村榜林圓環","118.3267756","24.4346914"
10301,"10301Y00020027","YZA1","10301YZ000037",2014,1,15,14,40,"金門縣","金寧鄉","",NA,"頂林路","","",NA,"","","林堡路","","","",NA,NA,NA,NA,NA,NA,NA,NA,NA,0,1,0,"晴","日間自然光線","村里道路",50,"四岔路","交岔路口內","柏油","乾燥","無缺陷","無障礙物","良好","無號誌","無號誌","無分向設施","未繪設車道線","未繪設快慢車道分隔線","有","路口交岔撞","未依規定讓車","Y000","YZ00",1,2,2014-01-15,"頂林路","林堡路","","118.3392044","24.4486849"
10301,"10301Y00020028","YZA1","10301YZ000038",2014,1,15,17,50,"金門縣","金城鎮","",NA,"民權路","","",NA,"188","","","","","",NA,NA,NA,NA,NA,NA,NA,NA,NA,0,1,0,"晴","夜間（或隧道、地下道、涵洞）有照明","村里道路",50,"直路","一般車道（未劃分快慢車道）","柏油","乾燥","無缺陷","無障礙物","良好","無號誌","無號誌","無標記","未繪設車道線","未繪設快慢車道分隔線","有","側撞","未依規定讓車","Y000","YZ00",1,2,2014-01-15,"民權路188號","","金門縣金城鎮","118.3197267","24.4385954"
10301,"10301Y00020029","YZA1","10301YZ000039",2014,1,16,7,55,"金門縣","金城鎮","",NA,"環島西路","一","",NA,"129","","","","","",NA,NA,NA,NA,NA,NA,NA,NA,NA,0,1,0,"晴","日間自然光線","村里道路",40,"三岔路","交岔路口內","柏油","乾燥","無缺陷","無障礙物","良好","無號誌","無號誌","無分向設施","未繪設車道線","未繪設快慢車道分隔線","有","側撞","未依規定讓車","Y000","YZ00",1,2,2014-01-16,"環島西路一段129號","","金門縣金城鎮","118.3184801","24.4172073"
10301,"10301Y00020030","YZA1","10301YZ000040",2014,1,16,8,35,"金門縣","金寧鄉","",NA,"","","",NA,"","","","","","榜林圓環內路段",NA,NA,NA,NA,NA,NA,NA,NA,NA,0,2,0,"晴","日間自然光線","村里道路",40,"圓環","一般車道（未劃分快慢車道）","柏油","乾燥","無缺陷","無障礙物","良好","無號誌","無號誌","無分向設施","未繪設車道線","未繪設快慢車道分隔線","有","其他","未依規定讓車","Y000","YZ00",1,2,2014-01-16,"金門縣金寧鄉榜林圓環內路段","","金門縣金寧鄉榜林圓環內路段","118.330294","24.438568"