"年月","總編號","處理單位","處理編號","年","月","日","時","分","縣市","區","村里","鄰","街道","段","巷","弄","號","公尺處","街道.1","段.1","側","附近","道路","公里","公尺處.1","向","車道","平交道","公里.1","公尺處.2","附近.1","死","受傷","X2.30","天候","光線","道路類別","速限","道路型態","事故位置","路面鋪裝","路面狀態","路面缺陷","障礙物","視距","號誌種類","號誌動作","分向設施","快車道或一般車道間","快慢車道間","路面邊線","事故類型及型態","主要肇因","警局","分局","案件類別","事故類別","日期","道路1","道路2","概略位置","lon","lat"
10301,"10301Y00020032","YZA1","10301YZ000041",2014,1,16,11,23,"金門縣","金城鎮","",NA,"伯玉路","一","",NA,"","","桃園路","","","",NA,NA,NA,NA,NA,NA,NA,NA,NA,0,1,0,"晴","日間自然光線","村里道路",60,"四岔路","交岔路口內","柏油","乾燥","無缺陷","無障礙物","良好","行車管制號誌","正常","無分向設施","未繪設車道線","未繪設快慢車道分隔線","有","側撞","右轉彎未依規定","Y000","YZ00",1,2,2014-01-16,"伯玉路一段","桃園路","","118.3245732","24.4324356"
10301,"10301Y00020033","YZA1","10301YZ000045",2014,1,17,10,22,"金門縣","金城鎮","西門里",NA,"民權路","","",NA,"","","","","","地方法院前路段",NA,NA,NA,NA,NA,NA,NA,NA,NA,0,1,0,"晴","日間自然光線","村里道路",40,"三岔路","交岔路口內","柏油","乾燥","無缺陷","無障礙物","良好","無號誌","無號誌","無分向設施","未繪設車道線","未繪設快慢車道分隔線","有","其他","未依規定讓車","Y000","YZ00",1,2,2014-01-17,"民權路","","金門縣金城鎮西門里地方法院前路段","118.3168946","24.4355379"
10301,"10301Y00020034","YZA1","10301YZ000047",2014,1,17,21,30,"金門縣","金城鎮","",NA,"珠水路","","",NA,"","","","","","金門城路口",NA,NA,NA,NA,NA,NA,NA,NA,NA,0,1,0,"晴","夜間（或隧道、地下道、涵洞）有照明","縣道",50,"四岔路","交岔路口內","柏油","乾燥","無缺陷","無障礙物","良好","閃光號誌","正常","無分向設施","未繪設車道線","未繪設快慢車道分隔線","有","路口交岔撞","未依規定讓車","Y000","YZ00",1,2,2014-01-17,"珠水路","","金門縣金城鎮金門城路口","118.3077405","24.4021607"
10301,"10301Y00020037","YZA1","10301YZ000050",2014,1,20,7,40,"金門縣","金城鎮","賢庵里",NA,"環島西路","一","",NA,"","","","","","庵前路口",NA,NA,NA,NA,NA,NA,NA,NA,NA,0,1,0,"晴","日間自然光線","村里道路",50,"四岔路","交岔口附近","柏油","乾燥","無缺陷","無障礙物","良好","閃光號誌","正常","無標記","未繪設車道線","未繪設快慢車道分隔線","有","其他","左轉彎未依規定","Y000","YZ00",1,2,2014-01-20,"環島西路一段","","金門縣金城鎮賢庵里庵前路口","118.3184801","24.4172073"
10301,"10301Y00020038","YZA1","10301YZ000051",2014,1,21,17,42,"金門縣","金寧鄉","",NA,"桃園路","","",NA,"","","","","","靠近伯玉路一段路口",NA,NA,NA,NA,NA,NA,NA,NA,NA,0,1,0,"晴","日間自然光線","村里道路",50,"四岔路","交岔口附近","柏油","乾燥","無缺陷","無障礙物","良好","行車管制號誌","正常","無標記","未繪設車道線","未繪設快慢車道分隔線","有","追撞","未保持行車安全距離","Y000","YZ00",1,2,2014-01-21,"桃園路","","金門縣金寧鄉靠近伯玉路一段路口","118.3446627","24.4317794"
10301,"10301Y00020040","YZA1","10301YZ000053",2014,1,22,9,25,"金門縣","金寧鄉","",NA,"","","",NA,"","","","","","頂埔下39號前路口",NA,NA,NA,NA,NA,NA,NA,NA,NA,0,2,0,"晴","日間自然光線","村里道路",40,"四岔路","交岔路口內","柏油","乾燥","無缺陷","無障礙物","建築物","無號誌","無號誌","無分向設施","未繪設車道線","未繪設快慢車道分隔線","有","路口交岔撞","未依規定讓車","Y000","YZ00",1,2,2014-01-22,"金門縣金寧鄉頂埔下39號前路口","","金門縣金寧鄉頂埔下39號前路口","118.3099021","24.4474013"
10301,"10301Y00020050","YZA1","10301YZ000054",2014,1,9,21,44,"金門縣","金寧鄉","盤山里",NA,"大學路","","",NA,"1","","","","","往環島西路二段機車停車場",NA,NA,NA,NA,NA,NA,NA,NA,NA,0,1,0,"陰","夜間（或隧道、地下道、涵洞）無照明","其他",50,"直路","一般車道（未劃分快慢車道）","柏油","濕潤","無缺陷","無障礙物","良好","無號誌","無號誌","寬式（50公分以上）","車道線（附標記）","未繪設快慢車道分隔線","有","路上翻車、摔倒","超速失控","Y000","YZ00",1,2,2014-01-09,"大學路1號","","金門縣金寧鄉盤山里往環島西路二段機車停車場","118.3148723","24.4566699"
10301,"10301Y00030003","YZA1","10301YZ000058",2014,1,23,13,45,"金門縣","金寧鄉","",NA,"","","",NA,"","","","","","埔邊22號",NA,NA,NA,NA,NA,NA,NA,NA,NA,0,0,0,"晴","日間自然光線","村里道路",40,"三岔路","一般車道（未劃分快慢車道）","柏油","乾燥","無缺陷","路上有停車","良好","無號誌","無號誌","無分向設施","未繪設車道線","未繪設快慢車道分隔線","有","對向擦撞","未保持行車安全間隔","Y000","YZ00",1,3,2014-01-23,"金門縣金寧鄉埔邊22號","","金門縣金寧鄉埔邊22號","118.317249","24.439896"
10301,"10301Y00030004","YZA1","10301YZ000059",2014,1,24,7,48,"金門縣","金寧鄉","",NA,"環島北路","一","",NA,"","","","","","0032號燈桿",NA,NA,NA,NA,NA,NA,NA,NA,NA,0,0,0,"晴","日間自然光線","村里道路",60,"直路","一般車道（未劃分快慢車道）","柏油","乾燥","無缺陷","無障礙物","良好","無號誌","無號誌","無標記","未繪設車道線","未繪設快慢車道分隔線","有","追撞","未保持行車安全距離","Y000","YZ00",NA,NA,2014-01-24,"環島北路一段","","金門縣金寧鄉0032號燈桿","118.3283226","24.4462231"
10301,"10301Y00020056","YZA1","10301YZ000064",2014,1,23,19,50,"金門縣","金城鎮","",NA,"金山路","","",NA,"","","","","","小西門05550號路燈桿前路段",NA,NA,NA,NA,NA,NA,NA,NA,NA,0,2,0,"晴","夜間（或隧道、地下道、涵洞）有照明","村里道路",50,"直路","一般車道（未劃分快慢車道）","柏油","乾燥","無缺陷","無障礙物","良好","無號誌","無號誌","無標記","未繪設車道線","未繪設快慢車道分隔線","有","撞路樹、電桿","超速失控","Y000","YZ00",1,2,2014-01-23,"金山路","","金門縣金城鎮小西門05550號路燈桿前路段","118.3277754","24.4167689"
10301,"10301Y00020054","YZA1","10301YZ000065",2014,1,26,8,50,"金門縣","烈嶼鄉","",NA,"","","",NA,"","","","","","庵頂往西宅09438號路燈桿前路段",NA,NA,NA,NA,NA,NA,NA,NA,NA,0,2,0,"晴","日間自然光線","村里道路",50,"坡路","一般車道（未劃分快慢車道）","水泥","乾燥","無缺陷","無障礙物","良好","無號誌","無號誌","無標記","未繪設車道線","未繪設快慢車道分隔線","有","路上翻車、摔倒","未注意車前狀態","Y000","YZ00",1,2,2014-01-26,"金門縣烈嶼鄉庵頂往西宅09438號路燈桿前路段","","金門縣烈嶼鄉庵頂往西宅09438號路燈桿前路段","118.248416","24.428949"
10301,"10301Y00020044","YZA1","10301YZ000066",2014,1,27,10,50,"金門縣","金城鎮","",NA,"北堤路","","",NA,"58","","","","","",NA,NA,NA,NA,NA,NA,NA,NA,NA,0,2,0,"晴","日間自然光線","村里道路",40,"直路","一般車道（未劃分快慢車道）","柏油","乾燥","無缺陷","無障礙物","良好","無號誌","無號誌","無標記","未繪設車道線","快慢車道分隔線","有","側撞","迴轉未依規定","Y000","YZ00",1,2,2014-01-27,"北堤路58號","","金門縣金城鎮","118.3167419","24.4294062"
10301,"10301Y00020045","YZ00","10301YZ000067",2014,1,27,15,5,"金門縣","金城鎮","北門里",NA,"中興路","","161",NA,"8","","","","","路段",NA,NA,NA,NA,NA,NA,NA,NA,NA,0,1,0,"晴","日間自然光線","村里道路",40,"直路","一般車道（未劃分快慢車道）","柏油","乾燥","無缺陷","無障礙物","良好","無號誌","無號誌","無分向設施","未繪設車道線","未繪設快慢車道分隔線","有","對撞","未注意車前狀態","Y000","YZ00",1,2,2014-01-27,"中興路161巷8號","","金門縣金城鎮北門里路段","118.3186301","24.4343327"
10301,"10301Y00020055","YZA1","10301YZ000068",2014,1,27,15,25,"金門縣","金寧鄉","盤山村",NA,"伯玉路","二","",NA,"","","","","","1076號路燈桿前路段",NA,NA,NA,NA,NA,NA,NA,NA,NA,0,1,0,"晴","日間自然光線","鄉道",60,"直路","慢車道","柏油","乾燥","無缺陷","無障礙物","良好","無號誌","無號誌","附標記","未繪設車道線","快慢車道分隔線","有","路上翻車、摔倒","未注意車前狀態","Y000","YZ00",1,2,2014-01-27,"伯玉路二段","","金門縣金寧鄉盤山村1076號路燈桿前路段","118.3416148","24.4414563"
10301,"10301Y00020046","YZA1","10301YZ000069",2014,1,28,17,30,"金門縣","金寧鄉","",NA,"伯玉路","一","",NA,"236","","","","","",NA,NA,NA,NA,NA,NA,NA,NA,NA,0,1,0,"晴","日間自然光線","村里道路",60,"三岔路","交岔路口內","柏油","乾燥","無缺陷","無障礙物","良好","無號誌","無號誌","無標記","未繪設車道線","快慢車道分隔線","有","側撞","右轉彎未依規定","Y000","YZ00",1,2,2014-01-28,"伯玉路一段236號","","金門縣金寧鄉","118.3267756","24.4346914"
10301,"10301Y00030006","YZA1","10301YZ000071",2014,1,29,12,57,"金門縣","金寧鄉","",NA,"伯玉路","二","",NA,"","","","","","聖祖貢糖前",NA,NA,NA,NA,NA,NA,NA,NA,NA,0,0,0,"晴","日間自然光線","縣道",70,"三岔路","交岔口附近","柏油","乾燥","無缺陷","無障礙物","良好","行車管制號誌","正常","附標記","未繪設車道線","快慢車道分隔線","有","追撞","未注意車前狀態","Y000","YZ00",1,3,2014-01-29,"伯玉路二段","","金門縣金寧鄉聖祖貢糖前","118.3416148","24.4414563"
10301,"10301Y00030007","YZA1","10301YZ000075",2014,1,16,12,40,"金門縣","金寧鄉","",NA,"","","",NA,"","","","","","頂埔下39號前路口",NA,NA,NA,NA,NA,NA,NA,NA,NA,0,0,0,"晴","日間自然光線","村里道路",40,"四岔路","交岔路口內","柏油","乾燥","無缺陷","無障礙物","建築物","無號誌","無號誌","無分向設施","未繪設車道線","未繪設快慢車道分隔線","有","路口交岔撞","未依規定讓車","Y000","YZ00",1,3,2014-01-16,"金門縣金寧鄉頂埔下39號前路口","","金門縣金寧鄉頂埔下39號前路口","118.3099021","24.4474013"
10301,"10301Y00020051","YZA1","10301YZ000076",2014,1,17,15,57,"金門縣","金城鎮","",NA,"","","",NA,"","","","","","東門圓環",NA,NA,NA,NA,NA,NA,NA,NA,NA,0,1,0,"陰","日間自然光線","縣道",40,"圓環","一般車道（未劃分快慢車道）","柏油","乾燥","無缺陷","無障礙物","良好","無號誌","無號誌","無分向設施","車道線（無標記）","未繪設快慢車道分隔線","有","其他","未依規定讓車","Y000","YZ00",1,2,2014-01-17,"金門縣金城鎮東門圓環","","金門縣金城鎮東門圓環","118.321386","24.431515"
10301,"10301Y00020049","YZA1","10301YZ000077",2014,1,31,8,55,"金門縣","金城鎮","",NA,"伯玉路","一","",NA,"","","","","","0909號路燈桿附近路段",NA,NA,NA,NA,NA,NA,NA,NA,NA,0,1,0,"晴","日間自然光線","村里道路",60,"直路","路肩、路緣","柏油","乾燥","無缺陷","無障礙物","良好","無號誌","無號誌","無標記","未繪設車道線","快慢車道分隔線","有","衝出路外","超速失控","Y000","YZ00",1,2,2014-01-31,"伯玉路一段","","金門縣金城鎮0909號路燈桿附近路段","118.3267756","24.4346914"
10301,"10301Y00020052","YZA1","10301YZ000078",2014,1,24,7,42,"金門縣","金城鎮","賢庵里",NA,"","","",NA,"","","","","","賢聚1之2號前路段",NA,NA,NA,NA,NA,NA,NA,NA,NA,0,1,0,"晴","日間自然光線","村里道路",40,"三岔路","交岔路口內","柏油","乾燥","無缺陷","其他障礙物","良好","無號誌","無號誌","無分向設施","未繪設車道線","未繪設快慢車道分隔線","有","路上翻車、摔倒","未注意車前狀態","Y000","YZ00",1,2,2014-01-24,"金門縣金城鎮賢庵里賢聚1之2號前路段","","金門縣金城鎮賢庵里賢聚1之2號前路段","118.3166667","24.4166667"
10302,"10302Y00020004","YYA1","10302YY000002",2014,2,1,14,36,"金門縣","金沙鎮","",NA,"","","",NA,"","","","","","劉澳21號前",NA,NA,NA,NA,NA,NA,NA,NA,NA,0,1,0,"晴","日間自然光線","村里道路",40,"直路","一般車道（未劃分快慢車道）","柏油","乾燥","無缺陷","無障礙物","建築物","無號誌","無號誌","無分向設施","未繪設車道線","未繪設快慢車道分隔線","無","穿越道路中","穿越道路未注意左右來車","Y000","YY00",1,2,2014-02-01,"金門縣金沙鎮劉澳21號前","","金門縣金沙鎮劉澳21號前","118.388685","24.482234"
10302,"10302Y00020005","YYA1","10302YY000005",2014,2,1,21,5,"金門縣","金湖鎮","",NA,"士校路","","",NA,"","","","","","太湖二橋橋頭",NA,NA,NA,NA,NA,NA,NA,NA,NA,0,1,0,"陰","夜間（或隧道、地下道、涵洞）有照明","村里道路",50,"四岔路","交岔路口內","柏油","乾燥","無缺陷","無障礙物","良好","無號誌","無號誌","無分向設施","未繪設車道線","未繪設快慢車道分隔線","有","撞護欄（樁）","未注意車前狀態","Y000","YY00",1,2,2014-02-01,"士校路","","金門縣金湖鎮太湖二橋橋頭","118.4271704","24.4453138"
10302,"10302Y00020008","YYA1","10302YY000008",2014,2,4,0,8,"金門縣","金湖鎮","",NA,"士校路","","",NA,"","","","","","幹訓班前路段",NA,NA,NA,NA,NA,NA,NA,NA,NA,0,1,0,"陰","夜間（或隧道、地下道、涵洞）有照明","村里道路",50,"三岔路","交岔口附近","柏油","乾燥","無缺陷","無障礙物","良好","無號誌","無號誌","附標記","未繪設車道線","未繪設快慢車道分隔線","有","撞路樹、電桿","酒醉（後）駕駛失控","Y000","YY00",1,2,2014-02-04,"士校路","","金門縣金湖鎮幹訓班前路段","118.4271704","24.4453138"
10302,"10302Y00030003","YYA1","10302YY000009",2014,2,3,14,5,"金門縣","金沙鎮","",NA,"光華路","一","",NA,"","","","","","山西22號前",NA,NA,NA,NA,NA,NA,NA,NA,NA,0,0,0,"晴","日間自然光線","村里道路",50,"直路","一般車道（未劃分快慢車道）","柏油","乾燥","無缺陷","無障礙物","良好","無號誌","無號誌","無標記","未繪設車道線","未繪設快慢車道分隔線","有","倒車撞","倒車未依規定","Y000","YY00",1,3,2014-02-03,"光華路一段","","金門縣金沙鎮山西22號前","118.428921","24.4909929"
10302,"10302Y00020011","YYA1","10302YY000014",2014,2,6,12,25,"金門縣","金沙鎮","",NA,"高陽路","","",NA,"","","","","","01891號燈桿斗門路段",NA,NA,NA,NA,NA,NA,NA,NA,NA,0,1,0,"雨","日間自然光線","村里道路",60,"直路","一般車道（未劃分快慢車道）","柏油","濕潤","無缺陷","無障礙物","良好","無號誌","無號誌","無標記","未繪設車道線","未繪設快慢車道分隔線","有","衝出路外","未注意車前狀態","Y000","YY00",1,2,2014-02-06,"高陽路","","金門縣金沙鎮01891號燈桿斗門路段","118.4078483","24.4727311"
10302,"","YYA1","10302YY000017",2014,2,6,20,30,"金門縣","金沙鎮","",NA,"","","",NA,"","","","","","忠孝新村2號旁路口",NA,NA,NA,NA,NA,NA,NA,NA,NA,0,0,0,"雨","夜間（或隧道、地下道、涵洞）無照明","村里道路",40,"四岔路","交岔路口內","其他鋪裝","濕潤","無缺陷","無障礙物","良好","無號誌","無號誌","無分向設施","未繪設車道線","未繪設快慢車道分隔線","無","路口交岔撞","未依規定讓車","Y000","YY00",1,4,2014-02-06,"金門縣金沙鎮忠孝新村2號旁路口","","金門縣金沙鎮忠孝新村2號旁路口","118.413013","24.493643"
10302,"10302Y00020030","YYA1","10302YY000018",2014,2,9,13,14,"金門縣","金湖鎮","",NA,"環島東路","四","",NA,"","","","","","農試所路段0368路燈附近",NA,NA,NA,NA,NA,NA,NA,NA,NA,0,1,0,"雨","日間自然光線","村里道路",60,"直路","一般車道（未劃分快慢車道）","柏油","濕潤","無缺陷","無障礙物","良好","無號誌","無號誌","無標記","未繪設車道線","未繪設快慢車道分隔線","有","衝出路外","酒醉（後）駕駛失控","Y000","YY00",1,2,2014-02-09,"環島東路四段","","金門縣金湖鎮農試所路段0368路燈附近","118.4527137","24.4487036"
10302,"","YYA1","10302YY000019",2014,2,9,8,24,"金門縣","金湖鎮","",NA,"自強路","","",NA,"","","中興路","","","",NA,NA,NA,NA,NA,NA,NA,NA,NA,0,0,0,NA,NA,NA,0,NA,NA,NA,NA,NA,NA,NA,NA,NA,NA,NA,NA,NA,NA,NA,"Y000","YY00",1,4,2014-02-09,"自強路","中興路","","118.4154511","24.44068118"
10302,"10302Y00020015","YYA1","10302YY000023",2014,2,11,18,10,"金門縣","金湖鎮","",NA,"環島北路","二","",NA,"","","","","","0108柱路燈桿路段",NA,NA,NA,NA,NA,NA,NA,NA,NA,0,1,0,"晴","晨或暮光","村里道路",60,"直路","路肩、路緣","柏油","乾燥","無缺陷","無障礙物","良好","無號誌","無號誌","附標記","未繪設車道線","未繪設快慢車道分隔線","有","追撞","未注意車前狀態","Y000","YY00",1,2,2014-02-11,"環島北路二段","","金門縣金湖鎮0108柱路燈桿路段","118.3537405","24.452631"
10302,"","YYA1","10302YY000027",2014,2,14,16,50,"金門縣","金湖鎮","",NA,"伯玉路","五","",NA,"","","瓊徑路","","","",NA,NA,NA,NA,NA,NA,NA,NA,NA,0,0,0,NA,NA,NA,0,NA,NA,NA,NA,NA,NA,NA,NA,NA,NA,NA,NA,NA,NA,NA,"Y000","YY00",1,4,2014-02-14,"伯玉路五段","瓊徑路","","118.3851529","24.44734108"
10302,"10302Y00030008","YYA1","10302YY000030",2014,2,16,19,27,"金門縣","金湖鎮","",NA,"環島南路","三","",NA,"","","","","","機場圓環地下道路段",NA,NA,NA,NA,NA,NA,NA,NA,NA,0,0,0,"晴","夜間（或隧道、地下道、涵洞）有照明","村里道路",50,"地下道","一般車道（未劃分快慢車道）","柏油","乾燥","無缺陷","路上有停車","路上停放車輛","無號誌","無號誌","無標記","未繪設車道線","未繪設快慢車道分隔線","有","同向擦撞","未注意車前狀態","Y000","YY00",1,3,2014-02-16,"環島南路三段","","金門縣金湖鎮機場圓環地下道路段","118.3757827","24.4398961"
10302,"10302Y00030009","YYA1","10302YY000032",2014,2,17,16,25,"金門縣","金湖鎮","",NA,"環島南路","三","",NA,"","","瓊義路","","","",NA,NA,NA,NA,NA,NA,NA,NA,NA,0,0,0,"晴","日間自然光線","村里道路",60,"四岔路","交岔口附近","柏油","乾燥","無缺陷","無障礙物","良好","行車管制號誌","正常","附標記","車道線（無標記）","未繪設快慢車道分隔線","有","衝出路外","未注意車前狀態","Y000","YY00",1,3,2014-02-17,"環島南路三段","瓊義路","","118.3762326","24.4440968"
10302,"10302Y00030001","YYA1","10302YY000037",2014,2,1,19,0,"金門縣","金湖鎮","",NA,"環中路","","",NA,"","","","","","擎天水庫路段",NA,NA,NA,NA,NA,NA,NA,NA,NA,0,0,0,"霧或煙","夜間（或隧道、地下道、涵洞）有照明","村里道路",50,"彎曲路及附近","路肩、路緣","柏油","乾燥","無缺陷","無障礙物","良好","無號誌","無號誌","附標記","未繪設車道線","未繪設快慢車道分隔線","有","撞號誌、標誌桿","未依規定減速","Y000","YY00",1,3,2014-02-01,"環中路","","金門縣金湖鎮擎天水庫路段","118.3912208","24.4595516"
10302,"","YYA1","10302YY000041",2014,2,22,16,44,"金門縣","金湖鎮","新市里",NA,"林森路","","",NA,"12","","","","","金湖國小大門前路口",NA,NA,NA,NA,NA,NA,NA,NA,NA,0,0,0,"晴","日間自然光線","村里道路",40,"四岔路","交岔路口內","柏油","乾燥","無缺陷","無障礙物","良好","無號誌","無號誌","無分向設施","未繪設車道線","未繪設快慢車道分隔線","有","路口交岔撞","未依規定讓車","Y000","YY00",1,4,2014-02-22,"林森路12號","","金門縣金湖鎮新市里金湖國小大門前路口","118.4161669","24.4419294"
10302,"10302Y00030011","YYA1","10302YY000042",2014,2,22,21,25,"金門縣","金湖鎮","",NA,"市港路","","",NA,"","","","","","湖前往新市圓環方向武德新莊第一個路口",NA,NA,NA,NA,NA,NA,NA,NA,NA,0,0,0,"晴","夜間（或隧道、地下道、涵洞）有照明","村里道路",50,"四岔路","交岔路口內","柏油","乾燥","無缺陷","無障礙物","良好","無號誌","無號誌","無分向設施","未繪設車道線","快慢車道分隔線","有","路口交岔撞","未依規定讓車","Y000","YY00",1,3,2014-02-22,"市港路","","金門縣金湖鎮湖前往新市圓環方向武德新莊第一個路口","118.4099121","24.4348324"
10302,"10302Y00020032","YYA1","10302YY000044",2014,2,23,19,0,"金門縣","金湖鎮","",NA,"","","",NA,"","","","","","新市圓環",NA,NA,NA,NA,NA,NA,NA,NA,NA,0,1,0,"晴","夜間（或隧道、地下道、涵洞）有照明","村里道路",50,"圓環","一般車道（未劃分快慢車道）","柏油","乾燥","無缺陷","無障礙物","良好","行車管制號誌","正常","無分向設施","車道線（無標記）","未繪設快慢車道分隔線","有","撞護欄（樁）","未注意車前狀態","Y000","YY00",1,2,2014-02-23,"金門縣金湖鎮新市圓環","","金門縣金湖鎮新市圓環","118.413173","24.44069"
10302,"10302Y00020025","YYA1","10302YY000045",2014,2,24,13,55,"金門縣","金湖鎮","",NA,"環島南路","四","",NA,"","","","","","0559柱路燈桿路段",NA,NA,NA,NA,NA,NA,NA,NA,NA,0,1,0,"晴","日間自然光線","村里道路",60,"直路","路肩、路緣","柏油","乾燥","無缺陷","無障礙物","良好","無號誌","無號誌","附標記","未繪設車道線","快慢車道分隔線","有","撞路樹、電桿","未依規定減速","Y000","YY00",1,2,2014-02-24,"環島南路四段","","金門縣金湖鎮0559柱路燈桿路段","118.40101","24.438041"
10302,"10302Y00030012","YYA1","10302YY000047",2014,2,25,16,50,"金門縣","金湖鎮","",NA,"三多路","","",NA,"","","南機路","","","",NA,NA,NA,NA,NA,NA,NA,NA,NA,0,0,0,"晴","日間自然光線","村里道路",50,"四岔路","交岔路口內","柏油","乾燥","無缺陷","無障礙物","其他","閃光號誌","不正常","無分向設施","未繪設車道線","未繪設快慢車道分隔線","有","路口交岔撞","未依規定讓車","Y000","YY00",1,3,2014-02-25,"三多路","南機路","","118.4406486","24.4439697"
10302,"10302Y00020029","YYA1","10302YY000052",2014,2,28,14,5,"金門縣","金沙鎮","光前里",NA,"陽沙路","","",NA,"","","","","","01718路燈桿安瀾國小路段",NA,NA,NA,NA,NA,NA,NA,NA,NA,0,1,0,"晴","日間自然光線","村里道路",60,"彎曲路及附近","一般車道（未劃分快慢車道）","柏油","乾燥","無缺陷","無障礙物","良好","無號誌","無號誌","無標記","未繪設車道線","未繪設快慢車道分隔線","有","衝出路外","未依規定減速","Y000","YY00",1,2,2014-02-28,"陽沙路","","金門縣金沙鎮光前里01718路燈桿安瀾國小路段","118.432385","24.4814738"
10302,"10302Y00020001","YZA1","10302YZ000001",2014,2,1,10,44,"金門縣","金寧鄉","盤山村",NA,"環島北路","二","",NA,"","","","","","0051號路燈桿",NA,NA,NA,NA,NA,NA,NA,NA,NA,0,1,0,"晴","日間自然光線","鄉道",50,"直路","一般車道（未劃分快慢車道）","柏油","乾燥","無缺陷","無障礙物","良好","無號誌","無號誌","附標記","未繪設車道線","未繪設快慢車道分隔線","有","路上翻車、摔倒","未注意車前狀態","Y000","YZ00",1,2,2014-02-01,"環島北路二段","","金門縣金寧鄉盤山村0051號路燈桿","118.3537405","24.452631"
10302,"10302Y00020003","YZA1","10302YZ000003",2014,2,1,12,34,"金門縣","金城鎮","賢庵里",NA,"西海路","三","22",22,"2","","","","","",NA,NA,NA,NA,NA,NA,NA,NA,NA,0,1,0,"晴","日間自然光線","村里道路",40,"四岔路","交岔路口內","柏油","乾燥","無缺陷","無障礙物","良好","無號誌","無號誌","無分向設施","未繪設車道線","未繪設快慢車道分隔線","有","路口交岔撞","未注意車前狀態","Y000","YZ00",1,2,2014-02-01,"西海路三段22巷22弄2號","","金門縣金城鎮賢庵里","118.3124964","24.4226194"
10302,"10302Y00020002","YZA1","10302YZ000004",2014,2,1,10,57,"金門縣","金城鎮","南門里",NA,"民族路","","",NA,"227","","","","","",NA,NA,NA,NA,NA,NA,NA,NA,NA,0,1,0,"晴","日間自然光線","村里道路",40,"四岔路","交岔路口內","柏油","乾燥","無缺陷","其他障礙物","良好","無號誌","無號誌","無分向設施","車道線（無標記）","未繪設快慢車道分隔線","有","側撞","未保持行車安全距離","Y000","YZ00",1,2,2014-02-01,"民族路227號","","金門縣金城鎮南門里","118.3157499","24.4302723"
10302,"10302Y00030002","YZA1","10302YZ000006",2014,2,2,13,20,"金門縣","金城鎮","",NA,"中興路","","146",NA,"29","","","","","",NA,NA,NA,NA,NA,NA,NA,NA,NA,0,0,0,"晴","日間自然光線","村里道路",40,"三岔路","交岔口附近","其他鋪裝","乾燥","無缺陷","無障礙物","良好","無號誌","無號誌","無分向設施","未繪設車道線","未繪設快慢車道分隔線","無","追撞","未注意車前狀態","Y000","YZ00",1,3,2014-02-02,"中興路146巷29號","","金門縣金城鎮","118.3198462","24.4331914"
10302,"10302Y00020006","YZA1","10302YZ000007",2014,2,3,16,10,"金門縣","金寧鄉","",NA,"伯玉路","二","",NA,"363","","","","","沈建宏建築師事務所前路段",NA,NA,NA,NA,NA,NA,NA,NA,NA,0,2,0,"晴","日間自然光線","村里道路",70,"直路","慢車道","水泥","乾燥","無缺陷","無障礙物","良好","無號誌","無號誌","無標記","未繪設車道線","快慢車道分隔線","有","衝出路外","未注意車前狀態","Y000","YZ00",1,2,2014-02-03,"伯玉路二段363號","","金門縣金寧鄉沈建宏建築師事務所前路段","118.3416148","24.4414563"
10302,"10302Y00020007","YZA1","10302YZ000010",2014,2,3,16,35,"金門縣","金寧鄉","",NA,"寧湖路","","",NA,"","","","","","古寧國小側門口",NA,NA,NA,NA,NA,NA,NA,NA,NA,0,1,0,"晴","日間自然光線","村里道路",40,"三岔路","交岔路口內","柏油","乾燥","無缺陷","無障礙物","良好","無號誌","無號誌","無分向設施","未繪設車道線","未繪設快慢車道分隔線","有","穿越道路中","穿越道路未注意左右來車","Y000","YZ00",1,2,2014-02-03,"寧湖路","","金門縣金寧鄉古寧國小側門口","118.3037454","24.4728141"
10302,"10302Y00030004","YZA1","10302YZ000011",2014,2,4,8,38,"金門縣","金寧鄉","",NA,"環島北路","二","",NA,"","","","","","后盤山路口",NA,NA,NA,NA,NA,NA,NA,NA,NA,0,0,0,"晴","日間自然光線","村里道路",60,"四岔路","交岔路口內","柏油","乾燥","無缺陷","無障礙物","良好","無號誌","無號誌","無分向設施","未繪設車道線","未繪設快慢車道分隔線","有","路口交岔撞","未依規定讓車","Y000","YZ00",1,3,2014-02-04,"環島北路二段","","金門縣金寧鄉后盤山路口","118.3537405","24.452631"
10302,"10302Y00020009","YZA1","10302YZ000012",2014,2,4,0,15,"金門縣","烈嶼鄉","",NA,"","","",NA,"","","","","","后宅往西方09393號路燈桿前路段",NA,NA,NA,NA,NA,NA,NA,NA,NA,0,1,0,"晴","夜間（或隧道、地下道、涵洞）有照明","鄉道",50,"彎曲路及附近","一般車道（未劃分快慢車道）","柏油","乾燥","無缺陷","無障礙物","良好","無號誌","無號誌","無標記","未繪設車道線","未繪設快慢車道分隔線","有","衝出路外","酒醉（後）駕駛失控","Y000","YZ00",1,2,2014-02-04,"金門縣烈嶼鄉后宅往西方09393號路燈桿前路段","","金門縣烈嶼鄉后宅往西方09393號路燈桿前路段","118.246147","24.439821"
10302,"10302Y00020010","YZA1","10302YZ000013",2014,2,4,13,28,"金門縣","金寧鄉","",NA,"伯玉路","二","",NA,"","","","","","浯洲一條根前路段",NA,NA,NA,NA,NA,NA,NA,NA,NA,0,1,0,"晴","日間自然光線","村里道路",70,"直路","快車道","水泥","乾燥","無缺陷","無障礙物","良好","無號誌","無號誌","無標記","未繪設車道線","快慢車道分隔線","有","側撞","未依規定讓車","Y000","YZ00",1,2,2014-02-04,"伯玉路二段","","金門縣金寧鄉浯洲一條根前路段","118.3416148","24.4414563"