"年月","總編號","處理單位","處理編號","年","月","日","時","分","縣市","區","村里","鄰","街道","段","巷","弄","號","公尺處","街道.1","段.1","側","附近","道路","公里","公尺處.1","向","車道","平交道","公里.1","公尺處.2","附近.1","死","受傷","X2.30","天候","光線","道路類別","速限","道路型態","事故位置","路面鋪裝","路面狀態","路面缺陷","障礙物","視距","號誌種類","號誌動作","分向設施","快車道或一般車道間","快慢車道間","路面邊線","事故類型及型態","主要肇因","警局","分局","案件類別","事故類別","日期","道路1","道路2","概略位置","lon","lat"
10302,"10302Y00020012","YZA1","10302YZ000015",2014,2,6,15,40,"金門縣","金寧鄉","",NA,"伯玉路","","",NA,"","","","","","榜林圓環",NA,NA,NA,NA,NA,NA,NA,NA,NA,0,1,0,"陰","日間自然光線","村里道路",50,"圓環","一般車道（未劃分快慢車道）","柏油","濕潤","無缺陷","無障礙物","良好","無號誌","無號誌","無分向設施","車道線（無標記）","未繪設快慢車道分隔線","有","其他","未依規定讓車","Y000","YZ00",1,2,2014-02-06,"伯玉路","","金門縣金寧鄉榜林圓環","118.3267756","24.4346914"
10302,"","YZA1","10302YZ000016",2014,2,6,20,45,"金門縣","金城鎮","",NA,"民族路","","",NA,"","","","","","體育館停車場出入口",NA,NA,NA,NA,NA,NA,NA,NA,NA,0,0,0,"晴",NA,NA,40,NA,NA,NA,NA,NA,NA,NA,NA,NA,NA,NA,NA,NA,NA,NA,"Y000","YZ00",1,4,2014-02-06,"民族路","","金門縣金城鎮體育館停車場出入口","118.3157499","24.4302723"
10302,"10302Y00020013","YZA1","10302YZ000020",2014,2,10,16,14,"金門縣","金城鎮","",NA,"西海路","二","",NA,"","","","","","賢聚叉路口",NA,NA,NA,NA,NA,NA,NA,NA,NA,0,1,0,"陰","日間自然光線","村里道路",50,"三岔路","交岔路口內","柏油","乾燥","無缺陷","無障礙物","良好","無號誌","無號誌","無分向設施","未繪設車道線","未繪設快慢車道分隔線","有","同向擦撞","違規超車","Y000","YZ00",1,2,2014-02-10,"西海路二段","","金門縣金城鎮賢聚叉路口","118.3041626","24.4144371"
10302,"10302Y00020014","YZA1","10302YZ000021",2014,2,10,17,45,"金門縣","金湖鎮","",NA,"","","",NA,"","","","","","新市圓環",NA,NA,NA,NA,NA,NA,NA,NA,NA,0,1,0,"晴","日間自然光線","村里道路",50,"圓環","一般車道（未劃分快慢車道）","柏油","乾燥","無缺陷","無障礙物","良好","行車管制號誌","正常","無分向設施","未繪設車道線","快慢車道分隔線","有","其他","未依規定讓車","Y000","YZ00",1,2,2014-02-10,"金門縣金湖鎮新市圓環","","金門縣金湖鎮新市圓環","118.413173","24.44069"
10302,"10302Y00030005","YZA1","10302YZ000022",2014,2,10,15,5,"金門縣","金城鎮","",NA,"西海路","二","",NA,"47","","","","","",NA,NA,NA,NA,NA,NA,NA,NA,NA,0,0,0,"晴","日間自然光線","村里道路",50,"直路","一般車道（未劃分快慢車道）","柏油","乾燥","無缺陷","無障礙物","良好","無號誌","無號誌","無標記","未繪設車道線","未繪設快慢車道分隔線","有","追撞","未保持行車安全距離","Y000","YZ00",1,3,2014-02-10,"西海路二段47號","","金門縣金城鎮","118.3041626","24.4144371"
10302,"10302Y00030006","YZA1","10302YZ000024",2014,2,12,5,28,"金門縣","金城鎮","",NA,"中興路","","",NA,"","","莒光路","","","",NA,NA,NA,NA,NA,NA,NA,NA,NA,0,0,0,"晴","夜間（或隧道、地下道、涵洞）有照明","村里道路",40,"四岔路","交岔路口內","水泥","乾燥","無缺陷","無障礙物","良好","無號誌","無號誌","無分向設施","未繪設車道線","未繪設快慢車道分隔線","無","路口交岔撞","未依規定讓車","Y000","YZ00",1,3,2014-02-12,"中興路","莒光路","","118.3169615","24.43272812"
10302,"10302Y00020016","YZA1","10302YZ000025",2014,2,12,7,38,"金門縣","金城鎮","",NA,"中興路","","",NA,"","","","","","金城鎮公所後方停車場前路段",NA,NA,NA,NA,NA,NA,NA,NA,NA,0,1,0,"晴","日間自然光線","村里道路",50,"三岔路","交岔路口內","柏油","乾燥","無缺陷","無障礙物","良好","無號誌","無號誌","無分向設施","未繪設車道線","未繪設快慢車道分隔線","有","側撞","未依規定讓車","Y000","YZ00",1,2,2014-02-12,"中興路","","金門縣金城鎮金城鎮公所後方停車場前路段","118.3209249","24.4326671"
10302,"10302Y00020017","YZA1","10302YZ000026",2014,2,12,11,19,"金門縣","金城鎮","珠沙里",NA,"金山路","","",NA,"","","","","","05653號路燈桿",NA,NA,NA,NA,NA,NA,NA,NA,NA,0,1,0,"晴","日間自然光線","鄉道",40,"直路","一般車道（未劃分快慢車道）","柏油","乾燥","無缺陷","無障礙物","良好","無號誌","無號誌","附標記","未繪設車道線","未繪設快慢車道分隔線","有","路上翻車、摔倒","未注意車前狀態","Y000","YZ00",1,2,2014-02-12,"金山路","","金門縣金城鎮珠沙里05653號路燈桿","118.3277754","24.4167689"
10302,"10302Y00030007","YZA1","10302YZ000028",2014,2,15,8,56,"金門縣","金城鎮","",NA,"民族路","","",NA,"","","環島西路","一","","",NA,NA,NA,NA,NA,NA,NA,NA,NA,0,0,0,"晴","日間自然光線","村里道路",50,"三岔路","交岔路口內","柏油","乾燥","無缺陷","無障礙物","良好","無號誌","無號誌","無分向設施","未繪設車道線","未繪設快慢車道分隔線","有","其他","逆向行駛","Y000","YZ00",1,3,2014-02-15,"民族路","環島西路一段","","118.321341","24.430973"
10302,"10302Y00020018","YZA1","10302YZ000029",2014,2,16,15,0,"金門縣","金寧鄉","",NA,"環島北路","一","",NA,"","","","","","大學路路口",NA,NA,NA,NA,NA,NA,NA,NA,NA,0,1,0,"陰","日間自然光線","村里道路",60,"三岔路","交岔口附近","柏油","乾燥","無缺陷","無障礙物","良好","行車管制號誌","正常","無標記","未繪設車道線","未繪設快慢車道分隔線","有","追撞","未保持行車安全距離","Y000","YZ00",1,2,2014-02-16,"環島北路一段","","金門縣金寧鄉大學路路口","118.3283226","24.4462231"
10302,"10302Y00020019","YZA1","10302YZ000031",2014,2,17,12,20,"金門縣","金寧鄉","",NA,"大學路","","",NA,"55-1","","","","","",NA,NA,NA,NA,NA,NA,NA,NA,NA,0,3,0,"雨","日間自然光線","村里道路",40,"直路","一般車道（未劃分快慢車道）","柏油","濕潤","無缺陷","無障礙物","良好","無號誌","無號誌","窄式無柵欄","未繪設車道線","未繪設快慢車道分隔線","有","同向通行中","未注意車前狀態","Y000","YZ00",1,2,2014-02-17,"大學路55-1號","","金門縣金寧鄉","118.325279","24.4466751"
10302,"10302Y00020020","YZA1","10302YZ000033",2014,2,17,17,40,"金門縣","金寧鄉","盤山村",NA,"林堡路","","",NA,"下堡2","","","","","",NA,NA,NA,NA,NA,NA,NA,NA,NA,0,1,0,"晴","日間自然光線","村里道路",50,"三岔路","交岔路口內","柏油","濕潤","無缺陷","無障礙物","良好","無號誌","無號誌","無分向設施","未繪設車道線","未繪設快慢車道分隔線","有","側撞","未依規定讓車","Y000","YZ00",1,2,2014-02-17,"金門縣金寧鄉盤山村下堡2號","","金門縣金寧鄉盤山村","118.3424309","24.4530326"
10302,"10302Y00020021","YZA1","10302YZ000034",2014,2,17,19,18,"金門縣","金寧鄉","",NA,"","","",NA,"","","","","","榜林圓環內",NA,NA,NA,NA,NA,NA,NA,NA,NA,0,1,0,"晴","夜間（或隧道、地下道、涵洞）有照明","村里道路",60,"圓環","一般車道（未劃分快慢車道）","柏油","乾燥","無缺陷","無障礙物","良好","無號誌","無號誌","無分向設施","未繪設車道線","快慢車道分隔線","有","其他","未依規定讓車","Y000","YZ00",1,2,2014-02-17,"金門縣金寧鄉榜林圓環內","","金門縣金寧鄉榜林圓環內","118.330294","24.438568"
10302,"10302Y00020022","YZA1","10302YZ000035",2014,2,18,11,20,"金門縣","金城鎮","",NA,"民權路","","",NA,"173","","","","","",NA,NA,NA,NA,NA,NA,NA,NA,NA,0,1,0,"晴","日間自然光線","村里道路",50,"四岔路","交岔路口內","柏油","乾燥","無缺陷","無障礙物","良好","無號誌","無號誌","無分向設施","未繪設車道線","未繪設快慢車道分隔線","有","同向擦撞","違規超車","Y000","YZ00",1,2,2014-02-18,"民權路173號","","金門縣金城鎮","118.3192898","24.4381016"
10302,"10302Y00020023","YZA1","10302YZ000036",2014,2,18,22,14,"金門縣","金城鎮","東門里",NA,"北堤路","","",NA,"","","","","","88巷1號",NA,NA,NA,NA,NA,NA,NA,NA,NA,0,1,0,"雨","夜間（或隧道、地下道、涵洞）有照明","鄉道",40,"直路","一般車道（未劃分快慢車道）","柏油","濕潤","無缺陷","路上有停車","路上停放車輛","無號誌","無號誌","附標記","未繪設車道線","快慢車道分隔線","有","其他","未注意車前狀態","Y000","YZ00",1,2,2014-02-18,"北堤路","","金門縣金城鎮東門里88巷1號","118.3167419","24.4294062"
10302,"10302Y00020024","YZA1","10302YZ000038",2014,2,21,18,5,"金門縣","金城鎮","",NA,"民生路","","",NA,"10","","","","","",NA,NA,NA,NA,NA,NA,NA,NA,NA,0,2,0,"晴","夜間（或隧道、地下道、涵洞）有照明","村里道路",40,"三岔路","交岔口附近","柏油","乾燥","無缺陷","無障礙物","良好","無號誌","無號誌","無標記","未繪設車道線","快慢車道分隔線","有","側撞","違反特定標誌（線）禁制","Y000","YZ00",1,2,2014-02-21,"民生路10號","","金門縣金城鎮","118.3190184","24.43575"
10302,"","YZA1","10302YZ000039",2014,2,21,17,50,"金門縣","金城鎮","珠沙里",NA,"","","",NA,"","","","","","和平社區7號前路段",NA,NA,NA,NA,NA,NA,NA,NA,NA,0,0,0,NA,NA,NA,0,NA,NA,NA,NA,NA,NA,NA,NA,NA,NA,NA,NA,NA,NA,NA,"Y000","YZ00",1,4,2014-02-21,"金門縣金城鎮珠沙里和平社區7號前路段","","金門縣金城鎮珠沙里和平社區7號前路段","118.32784","24.414351"
10302,"10302Y00030010","YZA1","10302YZ000040",2014,2,22,8,35,"金門縣","金寧鄉","",NA,"","","",NA,"","","","","","埔後03286號路燈桿旁路口",NA,NA,NA,NA,NA,NA,NA,NA,NA,0,0,0,"晴","日間自然光線","村里道路",40,"四岔路","交岔路口內","水泥","乾燥","無缺陷","無障礙物","良好","無號誌","無號誌","無分向設施","未繪設車道線","未繪設快慢車道分隔線","無","路口交岔撞","未依規定讓車","Y000","YZ00",1,3,2014-02-22,"金門縣金寧鄉埔後03286號路燈桿旁路口","","金門縣金寧鄉埔後03286號路燈桿旁路口","118.317029","24.442928"
10302,"10302Y00020031","YZA1","10302YZ000043",2014,2,23,17,10,"金門縣","金城鎮","",NA,"伯玉路","一","",NA,"15","","","","","",NA,NA,NA,NA,NA,NA,NA,NA,NA,0,3,0,"晴","日間自然光線","村里道路",60,"直路","一般車道（未劃分快慢車道）","柏油","乾燥","無缺陷","無障礙物","良好","無號誌","無號誌","無標記","未繪設車道線","快慢車道分隔線","有","側撞","未依規定讓車","Y000","YZ00",1,2,2014-02-23,"伯玉路一段15號","","金門縣金城鎮","118.3267756","24.4346914"
10302,"10302Y00020026","YZA1","10302YZ000046",2014,2,24,18,26,"金門縣","金寧鄉","湖埔村",NA,"","","",NA,"","","","","","東坑6號",NA,NA,NA,NA,NA,NA,NA,NA,NA,0,1,0,"晴","夜間（或隧道、地下道、涵洞）有照明","鄉道",40,"彎曲路及附近","一般車道（未劃分快慢車道）","柏油","乾燥","無缺陷","無障礙物","良好","無號誌","無號誌","無標記","未繪設車道線","未繪設快慢車道分隔線","有","路上翻車、摔倒","酒醉（後）駕駛失控","Y000","YZ00",1,2,2014-02-24,"金門縣金寧鄉湖埔村東坑6號","","金門縣金寧鄉湖埔村東坑6號","118.2333908","24.4422512"
10302,"10302Y00020027","YZA1","10302YZ000048",2014,2,25,16,39,"金門縣","金城鎮","東門里",NA,"西海路","三","",NA,"","","北堤路","","","浯江橋旁",NA,NA,NA,NA,NA,NA,NA,NA,NA,0,1,0,"晴","日間自然光線","鄉道",40,"四岔路","交岔路口內","柏油","乾燥","無缺陷","無障礙物","良好","行車管制號誌（附設行人專用號誌）","正常","無分向設施","未繪設車道線","未繪設快慢車道分隔線","有","同向通行中","搶越行人穿越道","Y000","YZ00",1,2,2014-02-25,"西海路三段","北堤路","","118.3155284","24.42927395"
10302,"10302Y00020033","YZA1","10302YZ000049",2014,2,24,17,15,"金門縣","金城鎮","",NA,"環島西路","一","",NA,"18","","","","","",NA,NA,NA,NA,NA,NA,NA,NA,NA,0,1,0,"晴","日間自然光線","村里道路",50,"直路","一般車道（未劃分快慢車道）","柏油","乾燥","無缺陷","無障礙物","良好","無號誌","無號誌","無標記","未繪設車道線","未繪設快慢車道分隔線","有","同向擦撞","未保持行車安全距離","Y000","YZ00",1,2,2014-02-24,"環島西路一段18號","","金門縣金城鎮","118.3184801","24.4172073"
10302,"","YZA1","10302YZ000050",2014,2,26,12,18,"金門縣","金城鎮","",NA,"光前路","","",NA,"60","","","","","",NA,NA,NA,NA,NA,NA,NA,NA,NA,0,0,0,NA,NA,NA,0,NA,NA,NA,NA,NA,NA,NA,NA,NA,NA,NA,NA,NA,NA,NA,"Y000","YZ00",4,2,2014-02-26,"光前路60號","","金門縣金城鎮","118.3142468","24.4339885"
10302,"10302Y00020028","YZA1","10302YZ000051",2014,2,26,17,38,"金門縣","金城鎮","西門里",NA,"莒光路","","",NA,"104","","","","","",NA,NA,NA,NA,NA,NA,NA,NA,NA,0,1,0,"陰","日間自然光線","村里道路",40,"四岔路","交岔路口內","柏油","濕潤","無缺陷","無障礙物","良好","無號誌","無號誌","無分向設施","未繪設車道線","未繪設快慢車道分隔線","無","路上翻車、摔倒","未注意車前狀態","Y000","YZ00",1,2,2014-02-26,"莒光路104號","","金門縣金城鎮西門里","118.3169343","24.432731"
10303,"","YYA1","10303YY000001",2014,3,1,15,31,"金門縣","金湖鎮","",NA,"太湖路","二","",NA,"","","復國路","","","",NA,NA,NA,NA,NA,NA,NA,NA,NA,0,0,0,NA,NA,NA,0,NA,NA,NA,NA,NA,NA,NA,NA,NA,NA,NA,NA,NA,NA,NA,"Y000","YY00",1,4,2014-03-01,"太湖路二段","復國路","","118.427356","24.436017"
10303,"10303Y00020002","YYA1","10303YY000003",2014,3,2,18,33,"金門縣","金湖鎮","瓊林里",NA,"環島北路","三","",NA,"","","","","","瓊林公車站前",NA,NA,NA,NA,NA,NA,NA,NA,NA,0,1,0,"晴","夜間（或隧道、地下道、涵洞）有照明","村里道路",60,"三岔路","交岔路口內","柏油","乾燥","無缺陷","無障礙物","良好","無號誌","無號誌","無分向設施","未繪設車道線","未繪設快慢車道分隔線","有","穿越道路中","未注意車前狀態","Y000","YY00",1,2,2014-03-02,"環島北路三段","","金門縣金湖鎮瓊林里瓊林公車站前","118.388325","24.466263"
10303,"10303Y00020005","YYA1","10303YY000005",2014,3,3,17,5,"金門縣","金湖鎮","",NA,"環島南路","四","",NA,"","","","","","漁村路口",NA,NA,NA,NA,NA,NA,NA,NA,NA,0,2,0,"晴","日間自然光線","村里道路",50,"四岔路","交岔路口內","柏油","乾燥","無缺陷","無障礙物","良好","無號誌","無號誌","無分向設施","未繪設車道線","未繪設快慢車道分隔線","有","側撞","右轉彎未依規定","Y000","YY00",1,2,2014-03-03,"環島南路四段","","金門縣金湖鎮漁村路口","118.40101","24.438041"
10303,"10303Y00020006","YYA1","10303YY000006",2014,3,5,12,10,"金門縣","金沙鎮","",NA,"","","",NA,"","","","","","忠孝新村511號前路口",NA,NA,NA,NA,NA,NA,NA,NA,NA,0,1,0,"晴","日間自然光線","村里道路",40,"四岔路","交岔路口內","其他鋪裝","乾燥","無缺陷","無障礙物","良好","無號誌","無號誌","無分向設施","未繪設車道線","未繪設快慢車道分隔線","無","路口交岔撞","未依規定讓車","Y000","YY00",1,2,2014-03-05,"金門縣金沙鎮忠孝新村511號前路口","","金門縣金沙鎮忠孝新村511號前路口","118.413013","24.493643"
10303,"","YYA1","10303YY000007",2014,3,5,14,14,"金門縣","金湖鎮","",NA,"環島南路","四","",NA,"","","","","","168加油站前路段",NA,NA,NA,NA,NA,NA,NA,NA,NA,0,0,0,NA,NA,NA,50,NA,NA,NA,NA,NA,NA,NA,NA,NA,NA,NA,NA,NA,NA,NA,"Y000","YY00",1,4,2014-03-05,"環島南路四段","","金門縣金湖鎮168加油站前路段","118.40101","24.438041"
10303,"10303Y00020008","YYA1","10303YY000012",2014,3,5,17,20,"金門縣","金湖鎮","下莊里",NA,"光武路","","",NA,"","","士校路","","","",NA,NA,NA,NA,NA,NA,NA,NA,NA,0,1,0,"晴","日間自然光線","村里道路",50,"三岔路","交岔路口內","柏油","乾燥","無缺陷","其他障礙物","其他","無號誌","無號誌","無分向設施","未繪設車道線","未繪設快慢車道分隔線","有","側撞","未依規定讓車","Y000","YY00",1,2,2014-03-05,"光武路","士校路","","118.4295533","24.4493768"
10303,"10303Y00030002","YYA1","10303YY000014",2014,3,6,16,7,"金門縣","金湖鎮","正義里",NA,"經武路","","",NA,"","","","","","1189號路燈近陳仔山路口",NA,NA,NA,NA,NA,NA,NA,NA,NA,0,0,0,"晴","日間自然光線","村里道路",60,"彎曲路及附近","一般車道（未劃分快慢車道）","柏油","乾燥","無缺陷","無障礙物","良好","無號誌","無號誌","無標記","未繪設車道線","未繪設快慢車道分隔線","有","撞路樹、電桿","未注意車前狀態","Y000","YY00",1,3,2014-03-06,"經武路","","金門縣金湖鎮正義里1189號路燈近陳仔山路口","118.3875082","24.4434136"
10303,"10303Y00020013","YYA1","10303YY000017",2014,3,7,9,25,"金門縣","金湖鎮","新市里",NA,"太湖路","一","",NA,"","","","","","新市圓環內",NA,NA,NA,NA,NA,NA,NA,NA,NA,0,1,0,"晴","日間自然光線","村里道路",50,"圓環","一般車道（未劃分快慢車道）","柏油","乾燥","無缺陷","無障礙物","良好","無號誌","無號誌","無標記","車道線（無標記）","未繪設快慢車道分隔線","有","同向擦撞","未保持行車安全間隔","Y000","YY00",1,2,2014-03-07,"太湖路一段","","金門縣金湖鎮新市里新市圓環內","118.4047483","24.4473343"
10303,"10303Y00020014","YYA1","10303YY000018",2014,3,7,9,38,"金門縣","金沙鎮","光前里",NA,"環島東路","一","",NA,"","","","","","光前里活動中心右前路口",NA,NA,NA,NA,NA,NA,NA,NA,NA,0,2,0,"晴","日間自然光線","村里道路",60,"四岔路","交岔路口內","柏油","乾燥","無缺陷","無障礙物","良好","無號誌","無號誌","無分向設施","未繪設車道線","未繪設快慢車道分隔線","有","同向擦撞","違規超車","Y000","YY00",1,2,2014-03-07,"環島東路一段","","金門縣金沙鎮光前里光前里活動中心右前路口","118.4213083","24.4841071"
10303,"10303Y00020047","YYA1","10303YY000023",2014,3,5,18,35,"金門縣","金湖鎮","",NA,"三多路","","",NA,"","","","","","將臺水泥預拌廠01509號路燈桿處",NA,NA,NA,NA,NA,NA,NA,NA,NA,0,1,0,"晴","夜間（或隧道、地下道、涵洞）有照明","村里道路",50,"直路","一般車道（未劃分快慢車道）","水泥","乾燥","無缺陷","無障礙物","良好","無號誌","無號誌","無分向設施","未繪設車道線","未繪設快慢車道分隔線","有","撞路樹、電桿","酒醉（後）駕駛失控","Y000","YY00",1,2,2014-03-05,"三多路","","金門縣金湖鎮將臺水泥預拌廠01509號路燈桿處","118.4374297","24.441638"
10303,"10303Y00020019","YYA1","10303YY000026",2014,3,10,11,30,"金門縣","金湖鎮","",NA,"環島南路","二","",NA,"","","","","","機場地下道路段",NA,NA,NA,NA,NA,NA,NA,NA,NA,0,1,0,"晴","夜間（或隧道、地下道、涵洞）有照明","村里道路",50,"地下道","一般車道（未劃分快慢車道）","柏油","乾燥","無缺陷","無障礙物","良好","無號誌","無號誌","無標記","未繪設車道線","未繪設快慢車道分隔線","有","撞護欄（樁）","未依規定減速","Y000","YY00",1,2,2014-03-10,"環島南路二段","","金門縣金湖鎮機場地下道路段","118.3542572","24.4312377"
10303,"","YYA1","10303YY000030",2014,3,12,16,50,"金門縣","金湖鎮","正義里",NA,"","","",NA,"","","","","","金門尚義機場貨運站停車格",NA,NA,NA,NA,NA,NA,NA,NA,NA,0,0,0,"雨","日間自然光線","其他",40,"其他","其他","柏油","濕潤","無缺陷","無障礙物","良好","無號誌","無號誌","無分向設施","未繪設車道線","未繪設快慢車道分隔線","無","同向擦撞","起步未注意其他車（人）安全","Y000","YY00",1,4,2014-03-12,"金門縣金湖鎮正義里金門尚義機場貨運站停車格","","金門縣金湖鎮正義里金門尚義機場貨運站停車格","118.376631","24.437699"
10303,"10303Y00020027","YYA1","10303YY000037",2014,3,15,11,6,"金門縣","金湖鎮","",NA,"","","",NA,"","","","","","武德新莊紅龍餐",NA,NA,NA,NA,NA,NA,NA,NA,NA,0,0,0,NA,NA,NA,0,NA,NA,NA,NA,NA,NA,NA,NA,NA,NA,NA,NA,NA,NA,NA,"","",NA,NA,2014-03-15,"金門縣金湖鎮武德新莊紅龍餐","","金門縣金湖鎮武德新莊紅龍餐","118.41389","24.439779"
10303,"","YYA1","10303YY000040",2014,3,21,11,40,"金門縣","金湖鎮","",NA,"","","",NA,"","","","","","金門醫院停車場",NA,NA,NA,NA,NA,NA,NA,NA,NA,0,0,0,NA,NA,NA,0,NA,NA,NA,NA,NA,NA,NA,NA,NA,NA,NA,NA,NA,NA,NA,"Y000","YY00",1,4,2014-03-21,"金門縣金湖鎮金門醫院停車場","","金門縣金湖鎮金門醫院停車場","118.3240498","24.4479631"
10303,"10303Y00020045","YYA1","10303YY000043",2014,3,22,13,50,"金門縣","金湖鎮","",NA,"太湖路","一","",NA,"","","","","","1480號路燈桿處重劃區路段",NA,NA,NA,NA,NA,NA,NA,NA,NA,0,1,0,"晴","日間自然光線","村里道路",50,"三岔路","交岔路口內","柏油","乾燥","無缺陷","無障礙物","良好","無號誌","無號誌","無分向設施","未繪設車道線","未繪設快慢車道分隔線","有","追撞","未保持行車安全距離","Y000","YY00",1,2,2014-03-22,"太湖路一段","","金門縣金湖鎮1480號路燈桿處重劃區路段","118.4047483","24.4473343"
10303,"10303Y00020046","YYA1","10303YY000046",2014,3,23,7,40,"金門縣","金湖鎮","",NA,"瓊徑路","","",NA,"","","經武路","","","",NA,NA,NA,NA,NA,NA,NA,NA,NA,0,1,0,"晴","日間自然光線","村里道路",50,"四岔路","交岔路口內","柏油","乾燥","無缺陷","無障礙物","良好","無號誌","無號誌","無分向設施","未繪設車道線","未繪設快慢車道分隔線","有","側撞","未依規定讓車","Y000","YY00",1,2,2014-03-23,"瓊徑路","經武路","","118.3880485","24.44342822"
10303,"10303Y00020034","YYA1","10303YY000048",2014,3,23,14,59,"金門縣","金湖鎮","",NA,"環島南路","五","",NA,"","","復國路","","","",NA,NA,NA,NA,NA,NA,NA,NA,NA,0,1,0,"晴","日間自然光線","村里道路",50,"三岔路","交岔路口內","柏油","乾燥","無缺陷","無障礙物","良好","無號誌","無號誌","無分向設施","未繪設車道線","未繪設快慢車道分隔線","有","追撞","未保持行車安全距離","Y000","YY00",1,2,2014-03-23,"環島南路五段","復國路","","118.424448","24.432061"
10303,"10303Y00030006","YYA1","10303YY000049",2014,3,23,16,46,"金門縣","金沙鎮","汶沙里",NA,"沙青路","","",NA,"","","","","","02034路燈前",NA,NA,NA,NA,NA,NA,NA,NA,NA,0,0,0,"晴","日間自然光線","村里道路",60,"直路","一般車道（未劃分快慢車道）","柏油","乾燥","無缺陷","無障礙物","良好","無號誌","無號誌","無標記","未繪設車道線","未繪設快慢車道分隔線","有","撞路樹、電桿","未注意車前狀態","Y000","YY00",1,3,2014-03-23,"沙青路","","金門縣金沙鎮汶沙里02034路燈前","118.4130838","24.5066188"
10303,"","YYA1","10303YY000051",2014,3,24,13,40,"金門縣","金湖鎮","",NA,"光武路","","",NA,"","","士校路","","","",NA,NA,NA,NA,NA,NA,NA,NA,NA,0,0,0,NA,NA,NA,0,NA,NA,NA,NA,NA,NA,NA,NA,NA,NA,NA,NA,NA,NA,NA,"Y000","YY00",1,4,2014-03-24,"光武路","士校路","","118.4295533","24.4493768"
10303,"","YYA1","10303YY000056",2014,3,26,22,28,"金門縣","金湖鎮","新市里",NA,"","","",NA,"","","","","","新市圓環內車道",NA,NA,NA,NA,NA,NA,NA,NA,NA,0,0,0,"晴","夜間（或隧道、地下道、涵洞）有照明","村里道路",50,"圓環","一般車道（未劃分快慢車道）","柏油","乾燥","無缺陷","無障礙物","良好","閃光號誌","正常","無分向設施","車道線（無標記）","未繪設快慢車道分隔線","有","其他","未依規定減速","Y000","YY00",1,4,2014-03-26,"金門縣金湖鎮新市里新市圓環內車道","","金門縣金湖鎮新市里新市圓環內車道","118.413173","24.44069"
10303,"","YYA1","10303YY000058",2014,3,27,17,47,"金門縣","金湖鎮","新市里",NA,"復興路","","",NA,"84","","","","","",NA,NA,NA,NA,NA,NA,NA,NA,NA,0,0,0,NA,NA,NA,50,NA,NA,NA,NA,NA,NA,NA,NA,NA,NA,NA,NA,NA,NA,NA,"Y000","YY00",1,4,2014-03-27,"復興路84號","","金門縣金湖鎮新市里","118.4161413","24.4412321"
10303,"10303Y00020041","YYA1","10303YY000060",2014,3,29,19,5,"金門縣","金沙鎮","",NA,"環島北路","三","",NA,"","","","","","斗門路段",NA,NA,NA,NA,NA,NA,NA,NA,NA,0,3,0,"晴","夜間（或隧道、地下道、涵洞）有照明","村里道路",50,"四岔路","交岔口附近","柏油","乾燥","無缺陷","無障礙物","良好","無號誌","無號誌","無標記","未繪設車道線","未繪設快慢車道分隔線","有","其他","起步未注意其他車（人）安全","Y000","YY00",1,2,2014-03-29,"環島北路三段","","金門縣金沙鎮斗門路段","118.388325","24.466263"
10303,"10303Y00020001","YZA1","10303YZ000002",2014,3,1,0,11,"金門縣","金寧鄉","",NA,"林湖路","","",NA,"","","","","","靠近環島南路",NA,NA,NA,NA,NA,NA,NA,NA,NA,0,1,0,"晴","夜間（或隧道、地下道、涵洞）有照明","村里道路",40,"直路","一般車道（未劃分快慢車道）","水泥","乾燥","無缺陷","無障礙物","良好","無號誌","無號誌","無標記","未繪設車道線","未繪設快慢車道分隔線","有","衝出路外","酒醉（後）駕駛失控","Y000","YZ00",1,2,2014-03-01,"林湖路","","金門縣金寧鄉靠近環島南路","118.330303","24.4320985"
10303,"10303Y00020003","YZA1","10303YZ000004",2014,3,3,7,35,"金門縣","金城鎮","",NA,"環島西路","一","",NA,"","","","","","東門圓環",NA,NA,NA,NA,NA,NA,NA,NA,NA,0,1,0,"陰","日間自然光線","縣道",40,"圓環","一般車道（未劃分快慢車道）","柏油","乾燥","無缺陷","無障礙物","良好","無號誌","無號誌","無分向設施","車道線（無標記）","未繪設快慢車道分隔線","有","其他","未保持行車安全距離","Y000","YZ00",1,2,2014-03-03,"環島西路一段","","金門縣金城鎮東門圓環","118.3184801","24.4172073"
10303,"10303Y00020007","YZA1","10303YZ000008",2014,3,5,17,8,"金門縣","金寧鄉","盤山村",NA,"伯玉路","一","",NA,"232-2","","","","","",NA,NA,NA,NA,NA,NA,NA,NA,NA,0,1,0,"晴","日間自然光線","鄉道",60,"直路","慢車道","柏油","乾燥","無缺陷","無障礙物","良好","無號誌","無號誌","附標記","未繪設車道線","快慢車道分隔線","有","側撞","右轉彎未依規定","Y000","YZ00",1,2,2014-03-05,"伯玉路一段232-2號","","金門縣金寧鄉盤山村","118.3267756","24.4346914"
10303,"10303Y00020009","YZA1","10303YZ000009",2014,3,5,18,50,"金門縣","金城鎮","",NA,"民生路","","",NA,"","","","","","00538號燈桿前路段",NA,NA,NA,NA,NA,NA,NA,NA,NA,0,1,0,"晴","夜間（或隧道、地下道、涵洞）有照明","村里道路",40,"三岔路","交岔口附近","柏油","乾燥","無缺陷","無障礙物","良好","無號誌","無號誌","無標記","未繪設車道線","未繪設快慢車道分隔線","有","其他","起步未注意其他車（人）安全","Y000","YZ00",1,2,2014-03-05,"民生路","","金門縣金城鎮00538號燈桿前路段","118.3190184","24.43575"