"年月","總編號","處理單位","處理編號","年","月","日","時","分","縣市","區","村里","鄰","街道","段","巷","弄","號","公尺處","街道.1","段.1","側","附近","道路","公里","公尺處.1","向","車道","平交道","公里.1","公尺處.2","附近.1","死","受傷","X2.30","天候","光線","道路類別","速限","道路型態","事故位置","路面鋪裝","路面狀態","路面缺陷","障礙物","視距","號誌種類","號誌動作","分向設施","快車道或一般車道間","快慢車道間","路面邊線","事故類型及型態","主要肇因","警局","分局","案件類別","事故類別","日期","道路1","道路2","概略位置","lon","lat"
10303,"10303Y00030001","YZA1","10303YZ000010",2014,3,5,21,30,"金門縣","金城鎮","",NA,"民權路","","",NA,"82","","","","","",NA,NA,NA,NA,NA,NA,NA,NA,NA,0,0,0,"晴","夜間（或隧道、地下道、涵洞）有照明","鄉道",40,"直路","一般車道（未劃分快慢車道）","柏油","乾燥","有坑洞","道路工事（程）中","良好","無號誌","無號誌","無標記","未繪設車道線","未繪設快慢車道分隔線","有","撞工程施工","未注意車前狀態","Y000","YZ00",1,3,2014-03-05,"民權路82號","","金門縣金城鎮","118.3142259","24.4328116"
10303,"10303Y00020004","YZA1","10303YZ000011",2014,3,3,10,10,"金門縣","金寧鄉","",NA,"環島西路","二","",NA,"","","大學路","","","",NA,NA,NA,NA,NA,NA,NA,NA,NA,0,1,0,"晴","日間自然光線","村里道路",50,"三岔路","交岔口附近","柏油","乾燥","無缺陷","無障礙物","良好","無號誌","無號誌","無標記","未繪設車道線","未繪設快慢車道分隔線","有","同向擦撞","不明原因肇事","Y000","YZ00",1,2,2014-03-03,"環島西路二段","大學路","","118.319604","24.444293"
10303,"10303Y00020010","YZA1","10303YZ000013",2014,3,6,12,30,"金門縣","金城鎮","",NA,"民權路","","",NA,"","","","","","民生路口",NA,NA,NA,NA,NA,NA,NA,NA,NA,0,1,0,"陰","日間自然光線","村里道路",40,"四岔路","交岔路口內","柏油","乾燥","無缺陷","無障礙物","良好","行車管制號誌（附設行人專用號誌）","正常","無分向設施","未繪設車道線","未繪設快慢車道分隔線","有","其他","未保持行車安全間隔","Y000","YZ00",1,2,2014-03-06,"民權路","","金門縣金城鎮民生路口","118.3168946","24.4355379"
10303,"10303Y00030003","YZA1","10303YZ000015",2014,3,6,19,11,"金門縣","金寧鄉","",NA,"伯玉路","二","",NA,"","","","","","榜林圓環",NA,NA,NA,NA,NA,NA,NA,NA,NA,0,0,0,"陰","夜間（或隧道、地下道、涵洞）有照明","村里道路",60,"圓環","一般車道（未劃分快慢車道）","柏油","濕潤","無缺陷","無障礙物","良好","無號誌","無號誌","無分向設施","車道線（無標記）","未繪設快慢車道分隔線","有","追撞","未保持行車安全距離","Y000","YZ00",1,3,2014-03-06,"伯玉路二段","","金門縣金寧鄉榜林圓環","118.3416148","24.4414563"
10303,"10303Y00020011","YZA1","10303YZ000016",2014,3,6,18,5,"金門縣","金城鎮","西門里",NA,"民生路","","",NA,"","","","","","05805路燈桿前路段",NA,NA,NA,NA,NA,NA,NA,NA,NA,0,1,0,"陰","晨或暮光","鄉道",40,"四岔路","交岔路口內","柏油","乾燥","無缺陷","無障礙物","良好","無號誌","無號誌","無分向設施","未繪設車道線","未繪設快慢車道分隔線","有","路口交岔撞","未依規定讓車","Y000","YZ00",1,2,2014-03-06,"民生路","","金門縣金城鎮西門里05805路燈桿前路段","118.3190184","24.43575"
10303,"10303Y00020012","YZA1","10303YZ000019",2014,3,7,7,21,"金門縣","金城鎮","",NA,"西海路","一","",NA,"150-1","","","","","",NA,NA,NA,NA,NA,NA,NA,NA,NA,0,1,0,"陰","日間自然光線","村里道路",50,"彎曲路及附近","一般車道（未劃分快慢車道）","柏油","濕潤","無缺陷","無障礙物","良好","無號誌","無號誌","無標記","未繪設車道線","未繪設快慢車道分隔線","有","路上翻車、摔倒","未依規定減速","Y000","YZ00",1,2,2014-03-07,"西海路一段150-1號","","金門縣金城鎮","118.2906709","24.4124946"
10303,"10303Y00030004","YZA1","10303YZ000020",2014,3,7,15,34,"金門縣","金寧鄉","湖埔村",NA,"","","",NA,"","","","","","埔后58號前路口",NA,NA,NA,NA,NA,NA,NA,NA,NA,0,0,0,"晴","日間自然光線","村里道路",40,"四岔路","交岔路口內","柏油","乾燥","無缺陷","無障礙物","建築物","無號誌","無號誌","無分向設施","未繪設車道線","未繪設快慢車道分隔線","有","路口交岔撞","未依規定讓車","Y000","YZ00",1,3,2014-03-07,"金門縣金寧鄉湖埔村埔后58號前路口","","金門縣金寧鄉湖埔村埔后58號前路口","118.3140488","24.4472977"
10303,"10303Y00020015","YZA1","10303YZ000021",2014,3,7,18,25,"金門縣","金寧鄉","湖埔村",NA,"環島西路","二","",NA,"","","","","","0813號路燈桿",NA,NA,NA,NA,NA,NA,NA,NA,NA,0,1,0,"晴","夜間（或隧道、地下道、涵洞）有照明","鄉道",50,"直路","一般車道（未劃分快慢車道）","柏油","乾燥","無缺陷","無障礙物","良好","無號誌","無號誌","附標記","未繪設車道線","未繪設快慢車道分隔線","有","對向通行中","未注意車前狀態","Y000","YZ00",1,2,2014-03-07,"環島西路二段","","金門縣金寧鄉湖埔村0813號路燈桿","118.3148723","24.4566699"
10303,"","YZA1","10303YZ000022",2014,3,8,9,45,"金門縣","金寧鄉","",NA,"伯玉路","一","220",NA,"6","","","","","後方路口",NA,NA,NA,NA,NA,NA,NA,NA,NA,0,0,0,"雨",NA,NA,30,NA,NA,NA,NA,NA,NA,NA,NA,NA,NA,NA,NA,NA,NA,NA,"Y000","YZ00",1,4,2014-03-08,"伯玉路一段220巷6號","","金門縣金寧鄉後方路口","118.3267756","24.4346914"
10303,"10303Y00020016","YZA1","10303YZ000024",2014,3,9,9,5,"金門縣","金城鎮","",NA,"民權路","","",NA,"228","","","","","",NA,NA,NA,NA,NA,NA,NA,NA,NA,0,1,0,"晴","日間自然光線","村里道路",50,"四岔路","交岔口附近","柏油","乾燥","無缺陷","無障礙物","良好","無號誌","無號誌","附標記","未繪設車道線","未繪設快慢車道分隔線","有","側撞","違規超車","Y000","YZ00",1,2,2014-03-09,"民權路228號","","金門縣金城鎮","118.3203705","24.4392567"
10303,"10303Y00020017","YZA1","10303YZ000025",2014,3,9,13,45,"金門縣","金城鎮","",NA,"民權路","","",NA,"182","","","","","",NA,NA,NA,NA,NA,NA,NA,NA,NA,0,2,0,"晴","日間自然光線","縣道",40,"四岔路","交岔口附近","柏油","乾燥","無缺陷","無障礙物","良好","無號誌","無號誌","附標記","未繪設車道線","未繪設快慢車道分隔線","有","側撞","未保持行車安全距離","Y000","YZ00",1,2,2014-03-09,"民權路182號","","金門縣金城鎮","118.3192898","24.4381016"
10303,"10303Y00020018","YZA1","10303YZ000027",2014,3,10,9,9,"金門縣","金寧鄉","湖埔村",NA,"","","",NA,"135","","","","","埔後供水站",NA,NA,NA,NA,NA,NA,NA,NA,NA,0,2,0,"晴","日間自然光線","村里道路",40,"四岔路","交岔路口內","柏油","乾燥","無缺陷","無障礙物","良好","無號誌","無號誌","無分向設施","未繪設車道線","未繪設快慢車道分隔線","無","路口交岔撞","未依規定讓車","Y000","YZ00",1,2,2014-03-10,"金門縣金寧鄉湖埔村135","","金門縣金寧鄉湖埔村埔後供水站","118.317029","24.442928"
10303,"10303Y00020020","YZA1","10303YZ000028",2014,3,11,12,38,"金門縣","金城鎮","東門里",NA,"伯玉路","一","",NA,"218-1","","","","","",NA,NA,NA,NA,NA,NA,NA,NA,NA,0,1,0,"雨","日間自然光線","鄉道",60,"三岔路","交岔路口內","柏油","濕潤","無缺陷","無障礙物","良好","無號誌","無號誌","無分向設施","未繪設車道線","未繪設快慢車道分隔線","有","側撞","未依規定讓車","Y000","YZ00",1,2,2014-03-11,"伯玉路一段218-1號","","金門縣金城鎮東門里","118.3267756","24.4346914"
10303,"10303Y00020021","YZA1","10303YZ000029",2014,3,11,16,15,"金門縣","金城鎮","西門里",NA,"民生路","","",NA,"72","","","","","",NA,NA,NA,NA,NA,NA,NA,NA,NA,0,1,0,"陰","日間自然光線","鄉道",40,"四岔路","交岔路口內","柏油","濕潤","無缺陷","無障礙物","良好","無號誌","無號誌","無分向設施","未繪設車道線","未繪設快慢車道分隔線","有","路口交岔撞","未依規定讓車","Y000","YZ00",1,2,2014-03-11,"民生路72號","","金門縣金城鎮西門里","118.3190184","24.43575"
10303,"10303Y00020022","YZA1","10303YZ000031",2014,3,13,7,22,"金門縣","金城鎮","賢庵里",NA,"西海路","三","",NA,"","","","","","空大前路段",NA,NA,NA,NA,NA,NA,NA,NA,NA,0,1,0,"霧或煙","晨或暮光","村里道路",60,"直路","一般車道（未劃分快慢車道）","柏油","濕潤","無缺陷","其他障礙物","良好","無號誌","無號誌","無標記","未繪設車道線","未繪設快慢車道分隔線","有","其他","拋錨未採安全措施","Y000","YZ00",1,2,2014-03-13,"西海路三段","","金門縣金城鎮賢庵里空大前路段","118.3124964","24.4226194"
10303,"10303Y00020023","YZA1","10303YZ000032",2014,3,13,17,28,"金門縣","金城鎮","西門里",NA,"環島西路","二","",NA,"","","","","","13168路燈桿前",NA,NA,NA,NA,NA,NA,NA,NA,NA,0,1,0,"晴","日間自然光線","鄉道",40,"三岔路","交岔路口內","柏油","乾燥","無缺陷","其他障礙物","良好","無號誌","無號誌","無分向設施","未繪設車道線","未繪設快慢車道分隔線","有","路上翻車、摔倒","未依規定減速","Y000","YZ00",1,2,2014-03-13,"環島西路二段","","金門縣金城鎮西門里13168路燈桿前","118.3148723","24.4566699"
10303,"10303Y00020024","YZA1","10303YZ000033",2014,3,14,11,45,"金門縣","金寧鄉","",NA,"","","",NA,"","","","","","金寶來飯店前路口",NA,NA,NA,NA,NA,NA,NA,NA,NA,0,1,0,"陰","日間自然光線","村里道路",40,"四岔路","交岔路口內","水泥","乾燥","無缺陷","無障礙物","良好","無號誌","無號誌","無分向設施","未繪設車道線","未繪設快慢車道分隔線","有","路口交岔撞","未依規定讓車","Y000","YZ00",1,2,2014-03-14,"金門縣金寧鄉金寶來飯店前路口","","金門縣金寧鄉金寶來飯店前路口","118.312619","24.440298"
10303,"10303Y00020026","YZA1","10303YZ000034",2014,3,14,19,45,"金門縣","金城鎮","北門里",NA,"民生路","","",NA,"37-2","","","","","",NA,NA,NA,NA,NA,NA,NA,NA,NA,0,1,0,"晴","夜間（或隧道、地下道、涵洞）有照明","村里道路",40,"直路","一般車道（未劃分快慢車道）","柏油","乾燥","無缺陷","無障礙物","良好","無號誌","無號誌","附標記","未繪設車道線","未繪設快慢車道分隔線","有","其他","起步未注意其他車（人）安全","Y000","YZ00",1,2,2014-03-14,"民生路37-2號","","金門縣金城鎮北門里","118.3190184","24.43575"
10303,"10303Y00020025","YZA1","10303YZ000035",2014,3,14,17,20,"金門縣","金城鎮","",NA,"民生路","","",NA,"","","","","","05805號電桿前",NA,NA,NA,NA,NA,NA,NA,NA,NA,0,2,0,"晴","日間自然光線","鄉道",40,"四岔路","交岔路口內","柏油","乾燥","無缺陷","無障礙物","良好","無號誌","無號誌","無分向設施","未繪設車道線","未繪設快慢車道分隔線","無","路口交岔撞","未依規定讓車","Y000","YZ00",1,2,2014-03-14,"民生路","","金門縣金城鎮05805號電桿前","118.3190184","24.43575"
10303,"10303Y00030005","YZA1","10303YZ000036",2014,3,15,1,22,"金門縣","金城鎮","",NA,"光前路","","",NA,"74","","","","","",NA,NA,NA,NA,NA,NA,NA,NA,NA,0,0,0,"晴","夜間（或隧道、地下道、涵洞）有照明","縣道",40,"直路","一般車道（未劃分快慢車道）","其他鋪裝","乾燥","無缺陷","無障礙物","良好","無號誌","無號誌","無分向設施","未繪設車道線","未繪設快慢車道分隔線","有","其他","未注意車前狀態","Y000","YZ00",1,3,2014-03-15,"光前路74號","","金門縣金城鎮","118.3142468","24.4339885"
10303,"10303Y00020028","YZA1","10303YZ000038",2014,3,17,8,20,"金門縣","金寧鄉","",NA,"環島西路","二","",NA,"","","","","","03321號路燈桿前路段",NA,NA,NA,NA,NA,NA,NA,NA,NA,0,1,0,"晴","日間自然光線","鄉道",40,"彎曲路及附近","一般車道（未劃分快慢車道）","水泥","乾燥","無缺陷","無障礙物","良好","無號誌","無號誌","無分向設施","未繪設車道線","未繪設快慢車道分隔線","無","路上翻車、摔倒","未注意車前狀態","Y000","YZ00",1,2,2014-03-17,"環島西路二段","","金門縣金寧鄉03321號路燈桿前路段","118.3148723","24.4566699"
10303,"10303Y00020029","YZA1","10303YZ000039",2014,3,21,12,5,"金門縣","金寧鄉","",NA,"環島北路","二","",NA,"600","","","","","大慶鋁門窗前路段",NA,NA,NA,NA,NA,NA,NA,NA,NA,0,1,0,"晴","日間自然光線","村里道路",60,"直路","路肩、路緣","柏油","乾燥","無缺陷","無障礙物","良好","無號誌","無號誌","無標記","未繪設車道線","未繪設快慢車道分隔線","有","撞路樹、電桿","未注意車前狀態","Y000","YZ00",1,2,2014-03-21,"環島北路二段600號","","金門縣金寧鄉大慶鋁門窗前路段","118.3537405","24.452631"
10303,"","YZA1","10303YZ000041",2014,3,21,15,43,"金門縣","金城鎮","",NA,"民權路","","226",4,"16","","","","","",NA,NA,NA,NA,NA,NA,NA,NA,NA,0,0,0,"晴",NA,NA,40,NA,NA,NA,NA,NA,NA,NA,NA,NA,NA,NA,NA,NA,NA,NA,"Y000","YZ00",1,4,2014-03-21,"民權路226巷4弄16號","","金門縣金城鎮","118.3193849","24.4396401"
10303,"10303Y00020030","YZA1","10303YZ000042",2014,3,22,13,20,"金門縣","金寧鄉","",NA,"環島西路","二","",NA,"","","","","","0836號燈桿前路段",NA,NA,NA,NA,NA,NA,NA,NA,NA,0,1,0,"晴","日間自然光線","縣道",50,"直路","一般車道（未劃分快慢車道）","柏油","乾燥","無缺陷","無障礙物","良好","無號誌","無號誌","無標記","未繪設車道線","未繪設快慢車道分隔線","有","路上翻車、摔倒","未注意車前狀態","Y000","YZ00",1,2,2014-03-22,"環島西路二段","","金門縣金寧鄉0836號燈桿前路段","118.3148723","24.4566699"
10303,"10303Y00020031","YZA1","10303YZ000044",2014,3,22,18,42,"金門縣","金寧鄉","",NA,"環島西路","二","",NA,"","","","","","0823號路燈桿前路段",NA,NA,NA,NA,NA,NA,NA,NA,NA,0,1,0,"晴","夜間（或隧道、地下道、涵洞）有照明","村里道路",50,"直路","一般車道（未劃分快慢車道）","柏油","乾燥","無缺陷","無障礙物","良好","無號誌","無號誌","無標記","未繪設車道線","未繪設快慢車道分隔線","有","其他","貨物超長、寬、高而肇事","Y000","YZ00",1,2,2014-03-22,"環島西路二段","","金門縣金寧鄉0823號路燈桿前路段","118.3148723","24.4566699"
10303,"10303Y00020032","YZA1","10303YZ000045",2014,3,22,19,40,"金門縣","金城鎮","",NA,"珠浦北路","","5",12,"6","","","","","",NA,NA,NA,NA,NA,NA,NA,NA,NA,0,2,0,"晴","夜間（或隧道、地下道、涵洞）有照明","村里道路",40,"坡路","一般車道（未劃分快慢車道）","柏油","乾燥","無缺陷","無障礙物","良好","無號誌","無號誌","無分向設施","未繪設車道線","未繪設快慢車道分隔線","有","其他","違規停車或暫停不當而肇事","Y000","YZ00",1,2,2014-03-22,"珠浦北路5巷12弄6號","","金門縣金城鎮","118.3192542","24.4333251"
10303,"10303Y00020033","YZA1","10303YZ000047",2014,3,23,10,56,"金門縣","金城鎮","",NA,"民族路","","",NA,"302","","","","","",NA,NA,NA,NA,NA,NA,NA,NA,NA,0,2,0,"晴","日間自然光線","鄉道",40,"三岔路","交岔口附近","柏油","乾燥","無缺陷","無障礙物","良好","無號誌","無號誌","無標記","未繪設車道線","未繪設快慢車道分隔線","有","其他","迴轉未依規定","Y000","YZ00",1,2,2014-03-23,"民族路302號","","金門縣金城鎮","118.3157499","24.4302723"
10303,"10303Y00020036","YZA1","10303YZ000050",2014,3,24,11,21,"金門縣","金城鎮","",NA,"民權路","","",NA,"","","","","","民生路口",NA,NA,NA,NA,NA,NA,NA,NA,NA,0,2,0,"晴","日間自然光線","村里道路",40,"四岔路","交岔路口內","柏油","乾燥","無缺陷","無障礙物","良好","行車管制號誌（附設行人專用號誌）","正常","無分向設施","未繪設車道線","未繪設快慢車道分隔線","有","同向擦撞","未保持行車安全間隔","Y000","YZ00",1,2,2014-03-24,"民權路","","金門縣金城鎮民生路口","118.3168946","24.4355379"
10303,"","YZA1","10303YZ000052",2014,3,25,7,58,"金門縣","金寧鄉","",NA,"","","",NA,"","","","","","埔後65號",NA,NA,NA,NA,NA,NA,NA,NA,NA,0,0,0,"晴",NA,NA,40,NA,NA,NA,NA,NA,NA,NA,NA,NA,NA,NA,NA,NA,NA,NA,"Y000","YZ00",1,4,2014-03-25,"金門縣金寧鄉埔後65號","","金門縣金寧鄉埔後65號","118.317029","24.442928"
10303,"10303Y00020037","YZA1","10303YZ000053",2014,3,25,8,24,"金門縣","金城鎮","",NA,"西海路","一","",NA,"","","","","","水頭碼頭T字路口",NA,NA,NA,NA,NA,NA,NA,NA,NA,0,2,0,"陰","日間自然光線","縣道",50,"多岔路","交岔路口內","柏油","乾燥","無缺陷","無障礙物","良好","無號誌","無號誌","無標記","未繪設車道線","未繪設快慢車道分隔線","有","側撞","左轉彎未依規定","Y000","YZ00",1,2,2014-03-25,"西海路一段","","金門縣金城鎮水頭碼頭T字路口","118.2906709","24.4124946"
10303,"10303Y00020038","YZA1","10303YZ000054",2014,3,25,20,2,"金門縣","金城鎮","賢庵里",NA,"西海路","三","22",22,"2","","","","","",NA,NA,NA,NA,NA,NA,NA,NA,NA,0,1,0,"晴","夜間（或隧道、地下道、涵洞）有照明","村里道路",40,"四岔路","交岔路口內","柏油","乾燥","無缺陷","無障礙物","良好","無號誌","無號誌","無分向設施","未繪設車道線","未繪設快慢車道分隔線","有","路口交岔撞","未依規定讓車","Y000","YZ00",1,2,2014-03-25,"西海路三段22巷22弄2號","","金門縣金城鎮賢庵里","118.3124964","24.4226194"
10303,"10303Y00020039","YZA1","10303YZ000055",2014,3,26,9,28,"金門縣","金城鎮","",NA,"西海路","三","2",NA,"","","","","","",NA,NA,NA,NA,NA,NA,NA,NA,NA,0,1,0,"晴","日間自然光線","村里道路",50,"三岔路","交岔路口內","柏油","乾燥","無缺陷","無障礙物","良好","無號誌","無號誌","無分向設施","未繪設車道線","未繪設快慢車道分隔線","有","側撞","未依規定讓車","Y000","YZ00",1,2,2014-03-26,"西海路三段2巷","","金門縣金城鎮","118.3124964","24.4226194"
10303,"10303Y00020035","YZA1","10303YZ000057",2014,3,23,22,10,"金門縣","金城鎮","北門里",NA,"民生路","","",NA,"","","","","","金城車站旁",NA,NA,NA,NA,NA,NA,NA,NA,NA,0,1,0,"晴","夜間（或隧道、地下道、涵洞）有照明","鄉道",40,"四岔路","交岔路口內","柏油","乾燥","無缺陷","無障礙物","良好","無號誌","無號誌","無分向設施","未繪設車道線","未繪設快慢車道分隔線","有","路口交岔撞","違反特定標誌（線）禁制","Y000","YZ00",1,2,2014-03-23,"民生路","","金門縣金城鎮北門里金城車站旁","118.3190184","24.43575"
10303,"10303Y00020040","YZA1","10303YZ000059",2014,3,28,11,45,"金門縣","金城鎮","",NA,"西海路","二","",NA,"","","","","","03730號燈桿前",NA,NA,NA,NA,NA,NA,NA,NA,NA,0,3,0,"晴","日間自然光線","縣道",50,"直路","一般車道（未劃分快慢車道）","柏油","乾燥","無缺陷","無障礙物","良好","無號誌","無號誌","無標記","未繪設車道線","未繪設快慢車道分隔線","有","對撞","超速失控","Y000","YZ00",1,2,2014-03-28,"西海路二段","","金門縣金城鎮03730號燈桿前","118.3041626","24.4144371"
10303,"10303Y00020042","YZA1","10303YZ000061",2014,3,30,11,28,"金門縣","金寧鄉","盤山村",NA,"環島北路","一","",NA,"","","大學路","","","",NA,NA,NA,NA,NA,NA,NA,NA,NA,0,1,0,"晴","日間自然光線","鄉道",50,"三岔路","交岔口附近","柏油","乾燥","無缺陷","無障礙物","良好","行車管制號誌","正常","附標記","未繪設車道線","未繪設快慢車道分隔線","有","追撞","未保持行車安全距離","Y000","YZ00",1,2,2014-03-30,"環島北路一段","大學路","","118.326867","24.44495544"
10303,"10303Y00020043","YZA1","10303YZ000062",2014,3,31,8,20,"金門縣","金城鎮","",NA,"民生路","","",NA,"","","","","","大同之家旁路口",NA,NA,NA,NA,NA,NA,NA,NA,NA,0,1,0,"雨","日間自然光線","鄉道",40,"四岔路","交岔路口內","柏油","濕潤","無缺陷","無障礙物","良好","無號誌","無號誌","無分向設施","未繪設車道線","未繪設快慢車道分隔線","有","路口交岔撞","未依規定讓車","Y000","YZ00",1,2,2014-03-31,"民生路","","金門縣金城鎮大同之家旁路口","118.3190184","24.43575"
10303,"10303Y00020044","YZA1","10303YZ000063",2014,3,31,16,37,"金門縣","金城鎮","",NA,"民生路","","",NA,"60","","","","","",NA,NA,NA,NA,NA,NA,NA,NA,NA,0,2,0,"陰","日間自然光線","鄉道",40,"三岔路","交岔路口內","柏油","乾燥","無缺陷","無障礙物","良好","無號誌","無號誌","無分向設施","未繪設車道線","未繪設快慢車道分隔線","有","側撞","未依規定讓車","Y000","YZ00",1,2,2014-03-31,"民生路60號","","金門縣金城鎮","118.3190184","24.43575"
10304,"10304Y00020002","YYA1","10304YY000002",2014,4,1,14,28,"金門縣","金湖鎮","",NA,"環島南路","五","",NA,"","","士校路","","","",NA,NA,NA,NA,NA,NA,NA,NA,NA,0,2,0,"晴","日間自然光線","村里道路",60,"四岔路","交岔路口內","柏油","乾燥","無缺陷","無障礙物","良好","行車管制號誌","正常","無分向設施","未繪設車道線","未繪設快慢車道分隔線","有","其他","未注意車前狀態","Y000","YY00",1,2,2014-04-01,"環島南路五段","士校路","","118.418513","24.434034"
10304,"10304Y00020003","YYA1","10304YY000003",2014,4,2,7,18,"金門縣","金沙鎮","",NA,"國中路","","",NA,"51","","","","","",NA,NA,NA,NA,NA,NA,NA,NA,NA,0,1,0,"晴","日間自然光線","村里道路",50,"直路","一般車道（未劃分快慢車道）","柏油","乾燥","無缺陷","無障礙物","良好","無號誌","無號誌","無標記","未繪設車道線","未繪設快慢車道分隔線","有","其他","未注意車前狀態","Y000","YY00",1,2,2014-04-02,"國中路51號","","金門縣金沙鎮","118.4143889","24.4891988"
10304,"10304Y00010001","YYA1","10304YY000005",2014,4,2,13,43,"金門縣","金沙鎮","",NA,"","","",NA,"","","","","","后水頭73號旁產業道路后水頭至斗門之產業道路路口",NA,NA,NA,NA,NA,NA,NA,NA,NA,1,0,0,"陰","日間自然光線","其他",40,"四岔路","交岔路口內","水泥","濕潤","突出（高低）不平","無障礙物","良好","無號誌","無號誌","無分向設施","未繪設車道線","未繪設快慢車道分隔線","無","路口交岔撞","未依規定讓車","Y000","YY00",1,1,2014-04-02,"金門縣金沙鎮后水頭73號旁產業道路后水頭至斗門之產業道路路口","","金門縣金沙鎮后水頭73號旁產業道路后水頭至斗門之產業道路路口","118.4137179","24.4821177"
10304,"10304Y00020045","YYA1","10304YY000008",2014,4,4,13,25,"金門縣","金湖鎮","新市里",NA,"中正路","","",NA,"","","","","","與復興路口",NA,NA,NA,NA,NA,NA,NA,NA,NA,0,1,0,"晴","日間自然光線","村里道路",40,"四岔路","交岔路口內","柏油","乾燥","無缺陷","無障礙物","良好","無號誌","無號誌","無分向設施","未繪設車道線","未繪設快慢車道分隔線","有","路口交岔撞","未依規定讓車","Y000","YY00",1,2,2014-04-04,"中正路","","金門縣金湖鎮新市里與復興路口","118.4156249","24.4409009"
10304,"10304Y00020004","YYA1","10304YY000011",2014,4,5,18,3,"金門縣","金湖鎮","",NA,"環島南路","三","",NA,"","","","","","象德宮路段",NA,NA,NA,NA,NA,NA,NA,NA,NA,0,1,0,"晴","晨或暮光","村里道路",60,"坡路","路肩、路緣","柏油","乾燥","無缺陷","無障礙物","良好","無號誌","無號誌","附標記","未繪設車道線","未繪設快慢車道分隔線","有","其他","未依規定減速","Y000","YY00",1,2,2014-04-05,"環島南路三段","","金門縣金湖鎮象德宮路段","118.3757827","24.4398961"
10304,"","YYA1","10304YY000013",2014,4,4,11,0,"金門縣","金沙鎮","",NA,"環島北路","四","",NA,"","","","","","洋山路口",NA,NA,NA,NA,NA,NA,NA,NA,NA,0,0,0,NA,NA,NA,0,NA,NA,NA,NA,NA,NA,NA,NA,NA,NA,NA,NA,NA,NA,NA,"Y000","YY00",1,4,2014-04-04,"環島北路四段","","金門縣金沙鎮洋山路口","118.4045085","24.4840105"
10304,"10304Y00020012","YYA1","10304YY000016",2014,4,10,15,56,"金門縣","金湖鎮","正義里",NA,"環島南路","四","",NA,"","","","","","夏興往成功路口下坡處",NA,NA,NA,NA,NA,NA,NA,NA,NA,0,2,0,"晴","日間自然光線","村里道路",50,"坡路","一般車道（未劃分快慢車道）","柏油","乾燥","無缺陷","無障礙物","良好","無號誌","無號誌","無標記","未繪設車道線","快慢車道分隔線","有","其他","未依規定減速","Y000","YY00",1,2,2014-04-10,"環島南路四段","","金門縣金湖鎮正義里夏興往成功路口下坡處","118.40101","24.438041"
10304,"","YYA1","10304YY000024",2014,4,11,14,30,"金門縣","金湖鎮","新市里",NA,"復興路","","",NA,"","","","","","台灣銀行對面停車場",NA,NA,NA,NA,NA,NA,NA,NA,NA,0,0,0,"晴","日間自然光線","其他",20,"其他","其他","水泥","乾燥","無缺陷","無障礙物","良好","無號誌","無號誌","無分向設施","未繪設車道線","未繪設快慢車道分隔線","無","倒車撞","倒車未依規定","Y000","YY00",1,4,2014-04-11,"復興路","","金門縣金湖鎮新市里台灣銀行對面停車場","118.4161413","24.4412321"
10304,"","YYA1","10304YY000029",2014,4,15,12,30,"金門縣","金湖鎮","",NA,"伯玉路","四","",NA,"","","","","","1163號路燈桿前",NA,NA,NA,NA,NA,NA,NA,NA,NA,0,0,0,NA,NA,NA,0,NA,NA,NA,NA,NA,NA,NA,NA,NA,NA,NA,NA,NA,NA,NA,"Y000","YY00",1,4,2014-04-15,"伯玉路四段","","金門縣金湖鎮1163號路燈桿前","118.3798588","24.4470039"
10304,"10304Y00020047","YYA1","10304YY000032",2014,4,15,22,14,"金門縣","金湖鎮","正義里",NA,"環島南路","四","",NA,"","","瓊徑路","","","",NA,NA,NA,NA,NA,NA,NA,NA,NA,0,1,0,"晴","夜間（或隧道、地下道、涵洞）有照明","村里道路",50,"直路","路肩、路緣","柏油","乾燥","無缺陷","無障礙物","良好","無號誌","無號誌","無標記","未繪設車道線","快慢車道分隔線","有","撞護欄（樁）","未注意車前狀態","Y000","YY00",1,2,2014-04-15,"環島南路四段","瓊徑路","","118.3917905","24.44048713"
10304,"10304Y00020030","YYA1","10304YY000035",2014,4,17,17,45,"金門縣","金湖鎮","",NA,"市港路","","",NA,"","","","","","好口味餐廳",NA,NA,NA,NA,NA,NA,NA,NA,NA,0,1,0,"晴","日間自然光線","村里道路",50,"三岔路","交岔路口內","柏油","乾燥","無缺陷","無障礙物","良好","無號誌","無號誌","無分向設施","未繪設車道線","快慢車道分隔線","有","側撞","違規超車","Y000","YY00",1,2,2014-04-17,"市港路","","金門縣金湖鎮好口味餐廳","118.4099121","24.4348324"
10304,"10304Y00020027","YYA1","10304YY000040",2014,4,20,9,54,"金門縣","金湖鎮","",NA,"太湖路","一","",NA,"","","","","","新市圓環",NA,NA,NA,NA,NA,NA,NA,NA,NA,0,1,0,"晴","日間自然光線","村里道路",50,"圓環","一般車道（未劃分快慢車道）","柏油","乾燥","無缺陷","無障礙物","良好","行車管制號誌","正常","無分向設施","車道線（無標記）","未繪設快慢車道分隔線","有","其他","右轉彎未依規定","Y000","YY00",1,2,2014-04-20,"太湖路一段","","金門縣金湖鎮新市圓環","118.4047483","24.4473343"
10304,"10304Y00020031","YYA1","10304YY000047",2014,4,26,7,30,"金門縣","金湖鎮","",NA,"經武路","","",NA,"","","","","","1182柱路燈",NA,NA,NA,NA,NA,NA,NA,NA,NA,0,1,0,"陰","日間自然光線","村里道路",60,"三岔路","交岔口附近","柏油","乾燥","無缺陷","無障礙物","良好","無號誌","無號誌","無標記","未繪設車道線","未繪設快慢車道分隔線","有","側撞","違規超車","Y000","YY00",1,2,2014-04-26,"經武路","","金門縣金湖鎮1182柱路燈","118.3875082","24.4434136"