"年月","總編號","處理單位","處理編號","年","月","日","時","分","縣市","區","村里","鄰","街道","段","巷","弄","號","公尺處","街道.1","段.1","側","附近","道路","公里","公尺處.1","向","車道","平交道","公里.1","公尺處.2","附近.1","死","受傷","X2.30","天候","光線","道路類別","速限","道路型態","事故位置","路面鋪裝","路面狀態","路面缺陷","障礙物","視距","號誌種類","號誌動作","分向設施","快車道或一般車道間","快慢車道間","路面邊線","事故類型及型態","主要肇因","警局","分局","案件類別","事故類別","日期","道路1","道路2","概略位置","lon","lat"
10304,"10304Y00020033","YYA1","10304YY000048",2014,4,26,16,50,"金門縣","金湖鎮","",NA,"環島南路","四","",NA,"","","","","","漁村路口",NA,NA,NA,NA,NA,NA,NA,NA,NA,0,2,0,"雨","日間自然光線","村里道路",50,"四岔路","交岔路口內","柏油","濕潤","無缺陷","無障礙物","良好","無號誌","無號誌","無分向設施","未繪設車道線","未繪設快慢車道分隔線","有","追撞","不明原因肇事","Y000","YY00",1,2,2014-04-26,"環島南路四段","","金門縣金湖鎮漁村路口","118.40101","24.438041"
10304,"10304Y00020032","YYA1","10304YY000049",2014,4,27,10,16,"金門縣","金沙鎮","",NA,"環島北路","四","",NA,"","","","","","榮湖取水站路段",NA,NA,NA,NA,NA,NA,NA,NA,NA,0,1,0,"晴","日間自然光線","村里道路",50,"三岔路","交岔路口內","柏油","乾燥","無缺陷","無障礙物","良好","無號誌","無號誌","無分向設施","未繪設車道線","未繪設快慢車道分隔線","有","側撞","未保持行車安全距離","Y000","YY00",1,2,2014-04-27,"環島北路四段","","金門縣金沙鎮榮湖取水站路段","118.4045085","24.4840105"
10304,"10304Y00020034","YYA1","10304YY000050",2014,4,28,7,29,"金門縣","金湖鎮","",NA,"環島南路","四","",NA,"","","","","","漁村路口",NA,NA,NA,NA,NA,NA,NA,NA,NA,0,2,0,"晴","日間自然光線","村里道路",50,"三岔路","交岔路口內","柏油","乾燥","無缺陷","無障礙物","良好","無號誌","無號誌","無分向設施","未繪設車道線","未繪設快慢車道分隔線","有","側撞","未依規定讓車","Y000","YY00",1,2,2014-04-28,"環島南路四段","","金門縣金湖鎮漁村路口","118.40101","24.438041"
10304,"10304Y00020035","YYA1","10304YY000052",2014,4,29,21,38,"金門縣","金湖鎮","",NA,"伯玉路","四","",NA,"","","","","","小徑侯車亭路段",NA,NA,NA,NA,NA,NA,NA,NA,NA,0,1,0,"晴","夜間（或隧道、地下道、涵洞）有照明","村里道路",70,"直路","路肩、路緣","柏油","乾燥","無缺陷","無障礙物","良好","無號誌","無號誌","附標記","車道線（附標記）","未繪設快慢車道分隔線","無","其他","未注意車前狀態","Y000","YY00",1,2,2014-04-29,"伯玉路四段","","金門縣金湖鎮小徑侯車亭路段","118.3798588","24.4470039"
10304,"10304Y00020036","YYA1","10304YY000053",2014,4,30,15,20,"金門縣","金沙鎮","",NA,"高陽路","","",NA,"","","","","","蔡厝路段D1879號燈桿",NA,NA,NA,NA,NA,NA,NA,NA,NA,0,3,0,"晴","日間自然光線","村里道路",60,"直路","一般車道（未劃分快慢車道）","柏油","濕潤","無缺陷","無障礙物","良好","無號誌","無號誌","無標記","未繪設車道線","未繪設快慢車道分隔線","有","路上翻車、摔倒","未注意車前狀態","Y000","YY00",1,2,2014-04-30,"高陽路","","金門縣金沙鎮蔡厝路段D1879號燈桿","118.4078483","24.4727311"
10304,"10304Y00030001","YYA1","10304YY000054",2014,4,30,18,6,"金門縣","金湖鎮","",NA,"黃海路","","",NA,"79","","","","","",NA,NA,NA,NA,NA,NA,NA,NA,NA,0,0,0,"晴","日間自然光線","村里道路",50,"直路","一般車道（未劃分快慢車道）","柏油","乾燥","無缺陷","無障礙物","良好","無號誌","無號誌","無標記","未繪設車道線","未繪設快慢車道分隔線","有","側撞","酒醉（後）駕駛失控","Y000","YY00",1,3,2014-04-30,"黃海路79號","","金門縣金湖鎮","118.4256931","24.452032"
10304,"10304Y00020001","YZA1","10304YZ000001",2014,4,1,13,0,"金門縣","金城鎮","",NA,"珠浦西路","","",NA,"10","","","","","野宴燒烤前",NA,NA,NA,NA,NA,NA,NA,NA,NA,0,1,0,"陰","日間自然光線","村里道路",40,"直路","一般車道（未劃分快慢車道）","柏油","乾燥","無缺陷","無障礙物","良好","無號誌","無號誌","無標記","未繪設車道線","未繪設快慢車道分隔線","有","其他","穿越道路未注意左右來車","Y000","YZ00",1,2,2014-04-01,"珠浦西路10號","","金門縣金城鎮野宴燒烤前","118.3147803","24.4384226"
10304,"10304Y00020005","YZA1","10304YZ000004",2014,4,2,12,43,"金門縣","金城鎮","",NA,"西海路","一","",NA,"","","","","","水頭村路口",NA,NA,NA,NA,NA,NA,NA,NA,NA,0,1,0,"陰","日間自然光線","村里道路",50,"三岔路","交岔口附近","柏油","乾燥","無缺陷","無障礙物","良好","無號誌","無號誌","附標記","未繪設車道線","未繪設快慢車道分隔線","有","路上翻車、摔倒","未依規定減速","Y000","YZ00",1,2,2014-04-02,"西海路一段","","金門縣金城鎮水頭村路口","118.2906709","24.4124946"
10304,"10304Y00020006","YZA1","10304YZ000006",2014,4,2,23,50,"金門縣","金城鎮","",NA,"民權路","","",NA,"","","民生路","","","",NA,NA,NA,NA,NA,NA,NA,NA,NA,0,1,0,"陰","夜間（或隧道、地下道、涵洞）有照明","村里道路",50,"四岔路","交岔路口內","柏油","濕潤","無缺陷","無障礙物","良好","閃光號誌","正常","無分向設施","未繪設車道線","未繪設快慢車道分隔線","有","側撞","未依規定讓車","Y000","YZ00",1,2,2014-04-02,"民權路","民生路","","118.318387","24.437086"
10304,"10304Y00020020","YZA1","10304YZ000007",2014,4,4,13,40,"金門縣","金城鎮","",NA,"珠浦東路","","",NA,"15","","","","","",NA,NA,NA,NA,NA,NA,NA,NA,NA,0,1,0,"晴","日間自然光線","村里道路",40,"四岔路","交岔路口內","其他鋪裝","乾燥","無缺陷","無障礙物","建築物","無號誌","無號誌","無分向設施","未繪設車道線","未繪設快慢車道分隔線","無","路口交岔撞","未依規定讓車","Y000","YZ00",1,2,2014-04-04,"珠浦東路15號","","金門縣金城鎮","118.3189755","24.4310564"
10304,"10304Y00020007","YZA1","10304YZ000009",2014,4,4,7,52,"金門縣","金城鎮","",NA,"民生路","","",NA,"7","","","","","金城車站前",NA,NA,NA,NA,NA,NA,NA,NA,NA,0,2,0,"晴","日間自然光線","鄉道",40,"三岔路","交岔路口內","柏油","乾燥","無缺陷","無障礙物","良好","無號誌","無號誌","無分向設施","未繪設車道線","未繪設快慢車道分隔線","有","側撞","未保持行車安全距離","Y000","YZ00",1,2,2014-04-04,"民生路7號","","金門縣金城鎮金城車站前","118.25711","24.426885"
10304,"10304Y00020018","YZA1","10304YZ000010",2014,4,4,19,15,"金門縣","金寧鄉","",NA,"環島西路","二","",NA,"","","","","","香格里拉公車站牌旁路段",NA,NA,NA,NA,NA,NA,NA,NA,NA,0,2,0,"陰","夜間（或隧道、地下道、涵洞）有照明","村里道路",60,"三岔路","交岔路口內","柏油","乾燥","無缺陷","無障礙物","良好","無號誌","無號誌","無標記","未繪設車道線","未繪設快慢車道分隔線","有","側撞","未依規定讓車","Y000","YZ00",1,2,2014-04-04,"環島西路二段","","金門縣金寧鄉香格里拉公車站牌旁路段","118.3148723","24.4566699"
10304,"10304Y00020046","YZA1","10304YZ000012",2014,4,4,14,50,"金門縣","烈嶼鄉","",NA,"","","",NA,"","","","","","紅山段09246路燈桿旁路段",NA,NA,NA,NA,NA,NA,NA,NA,NA,0,2,0,"晴","日間自然光線","村里道路",50,"彎曲路及附近","一般車道（未劃分快慢車道）","柏油","乾燥","無缺陷","無障礙物","良好","無號誌","無號誌","附標記","未繪設車道線","未繪設快慢車道分隔線","有","衝出路外","未依規定減速","Y000","YZ00",1,2,2014-04-04,"金門縣烈嶼鄉紅山段09246路燈桿旁路段","","金門縣烈嶼鄉紅山段09246路燈桿旁路段","118.2351192","24.4279737"
10304,"10304Y00020008","YZA1","10304YZ000014",2014,4,7,12,0,"金門縣","金寧鄉","",NA,"林湖路","","",NA,"","","","","","00438燈桿前",NA,NA,NA,NA,NA,NA,NA,NA,NA,0,1,0,"陰","日間自然光線","鄉道",40,"三岔路","交岔路口內","柏油","濕潤","無缺陷","無障礙物","良好","無號誌","無號誌","附標記","未繪設車道線","未繪設快慢車道分隔線","有","追撞","未保持行車安全距離","Y000","YZ00",1,2,2014-04-07,"林湖路","","金門縣金寧鄉00438燈桿前","118.330303","24.4320985"
10304,"10304Y00020009","YZA1","10304YZ000015",2014,4,8,11,53,"金門縣","金城鎮","",NA,"民生路","","",NA,"","","","","","中興路口",NA,NA,NA,NA,NA,NA,NA,NA,NA,0,1,0,"晴","日間自然光線","村里道路",40,"四岔路","交岔路口內","柏油","乾燥","無缺陷","無障礙物","良好","行車管制號誌","正常","無分向設施","未繪設車道線","未繪設快慢車道分隔線","有","追撞","未保持行車安全距離","Y000","YZ00",1,2,2014-04-08,"民生路","","金門縣金城鎮中興路口","118.3190184","24.43575"
10304,"10304Y00020010","YZA1","10304YZ000017",2014,4,10,19,20,"金門縣","金寧鄉","",NA,"伯玉路","二","",NA,"","","","","","路燈編號0982前路段",NA,NA,NA,NA,NA,NA,NA,NA,NA,0,1,0,"晴","晨或暮光","縣道",70,"直路","一般車道（未劃分快慢車道）","其他鋪裝","乾燥","無缺陷","道路工事（程）中","其他","無號誌","無號誌","無標記","未繪設車道線","快慢車道分隔線","無","追撞","未保持行車安全距離","Y000","YZ00",1,2,2014-04-10,"伯玉路二段","","金門縣金寧鄉路燈編號0982前路段","118.3416148","24.4414563"
10304,"10304Y00020037","YZA1","10304YZ000018",2014,4,9,17,21,"金門縣","金寧鄉","",NA,"伯玉路","二","",NA,"","","","","","前厝段",NA,NA,NA,NA,NA,NA,NA,NA,NA,0,1,0,"晴","日間自然光線","縣道",70,"直路","一般車道（未劃分快慢車道）","其他鋪裝","乾燥","突出（高低）不平","道路工事（程）中","其他","無號誌","無號誌","附標記","未繪設車道線","快慢車道分隔線","無","路上翻車、摔倒","未注意車前狀態","Y000","YZ00",1,2,2014-04-09,"伯玉路二段","","金門縣金寧鄉前厝段","118.3416148","24.4414563"
10304,"","YZA1","10304YZ000019",2014,4,9,11,38,"金門縣","金城鎮","",NA,"中興路","","205",NA,"1","","","","","",NA,NA,NA,NA,NA,NA,NA,NA,NA,0,0,0,"晴",NA,NA,40,NA,NA,NA,NA,NA,NA,NA,NA,NA,NA,NA,NA,NA,NA,NA,"Y000","YZ00",1,4,2014-04-09,"中興路205巷1號","","金門縣金城鎮","118.3202368","24.4345419"
10304,"10304Y00020016","YZA1","10304YZ000020",2014,4,9,19,5,"金門縣","金寧鄉","",NA,"環島西路","二","",NA,"","","","","","0812號燈桿前路段",NA,NA,NA,NA,NA,NA,NA,NA,NA,0,2,0,"晴","夜間（或隧道、地下道、涵洞）有照明","縣道",50,"直路","一般車道（未劃分快慢車道）","柏油","乾燥","無缺陷","無障礙物","其他","無號誌","無號誌","附標記","未繪設車道線","未繪設快慢車道分隔線","有","同向通行中","未注意車前狀態","Y000","YZ00",1,2,2014-04-09,"環島西路二段","","金門縣金寧鄉0812號燈桿前路段","118.3148723","24.4566699"
10304,"10304Y00020011","YZA1","10304YZ000021",2014,4,10,16,19,"金門縣","金寧鄉","盤山村",NA,"伯玉路","一","",NA,"","","","","","金門加油站",NA,NA,NA,NA,NA,NA,NA,NA,NA,0,1,0,"晴","日間自然光線","縣道",60,"直路","一般車道（未劃分快慢車道）","柏油","乾燥","無缺陷","無障礙物","良好","無號誌","無號誌","附標記","未繪設車道線","快慢車道分隔線","有","追撞","未保持行車安全距離","Y000","YZ00",1,2,2014-04-10,"伯玉路一段","","金門縣金寧鄉盤山村金門加油站","118.3267756","24.4346914"
10304,"10304Y00020017","YZA1","10304YZ000022",2014,4,10,17,29,"金門縣","金城鎮","東門里",NA,"模範街","","",NA,"","","","","","前縣商會",NA,NA,NA,NA,NA,NA,NA,NA,NA,0,1,0,"晴","日間自然光線","縣道",40,"彎曲路及附近","一般車道（未劃分快慢車道）","其他鋪裝","乾燥","無缺陷","路上有停車","路上停放車輛","無號誌","無號誌","無分向設施","未繪設車道線","未繪設快慢車道分隔線","有","追撞","未保持行車安全距離","Y000","YZ00",1,2,2014-04-10,"模範街","","金門縣金城鎮東門里前縣商會","118.3190685","24.4316459"
10304,"10304Y00020019","YZA1","10304YZ000023",2014,4,11,16,19,"金門縣","金城鎮","",NA,"環島北路","一","",NA,"88","","","","","",NA,NA,NA,NA,NA,NA,NA,NA,NA,0,3,0,"晴","日間自然光線","縣道",50,"四岔路","交岔口附近","柏油","乾燥","無缺陷","無障礙物","良好","無號誌","無號誌","附標記","未繪設車道線","未繪設快慢車道分隔線","有","側撞","左轉彎未依規定","Y000","YZ00",1,2,2014-04-11,"環島北路一段88號","","金門縣金城鎮","118.3283226","24.4462231"
10304,"10304Y00020013","YZA1","10304YZ000025",2014,4,12,20,24,"金門縣","金城鎮","東門里",NA,"環島西路","一","",NA,"","","","","","北堤路口",NA,NA,NA,NA,NA,NA,NA,NA,NA,0,2,0,"晴","日間自然光線","縣道",40,"四岔路","交岔口附近","柏油","乾燥","無缺陷","無障礙物","良好","閃光號誌","正常","無標記","未繪設車道線","未繪設快慢車道分隔線","有","對撞","逆向行駛","Y000","YZ00",1,2,2014-04-12,"環島西路一段","","金門縣金城鎮東門里北堤路口","118.3184801","24.4172073"
10304,"10304Y00020021","YZA1","10304YZ000026",2014,4,12,15,19,"金門縣","金寧鄉","",NA,"頂林路","","",NA,"","","","","","07561燈桿",NA,NA,NA,NA,NA,NA,NA,NA,NA,0,1,0,"晴","日間自然光線","縣道",50,"直路","一般車道（未劃分快慢車道）","柏油","乾燥","無缺陷","無障礙物","良好","無號誌","無號誌","附標記","車道線（附標記）","未繪設快慢車道分隔線","有","路上翻車、摔倒","未注意車前狀態","Y000","YZ00",1,2,2014-04-12,"頂林路","","金門縣金寧鄉07561燈桿","118.3246113","24.4625018"
10304,"10304Y00020038","YZA1","10304YZ000027",2014,4,12,17,19,"金門縣","金寧鄉","",NA,"慈湖路","","",NA,"","","","","","下埔下路段",NA,NA,NA,NA,NA,NA,NA,NA,NA,0,3,0,"晴","日間自然光線","村里道路",50,"直路","一般車道（未劃分快慢車道）","柏油","乾燥","無缺陷","無障礙物","良好","無號誌","無號誌","附標記","未繪設車道線","未繪設快慢車道分隔線","有","同向擦撞","違規超車","Y000","YZ00",1,2,2014-04-12,"慈湖路","","金門縣金寧鄉下埔下路段","118.3001065","24.4637277"
10304,"10304Y00020014","YZA1","10304YZ000028",2014,4,14,14,28,"金門縣","金城鎮","",NA,"民權路","","",NA,"178","","","","","金門地方法院前",NA,NA,NA,NA,NA,NA,NA,NA,NA,0,1,0,"晴","日間自然光線","村里道路",40,"三岔路","交岔路口內","柏油","乾燥","無缺陷","無障礙物","良好","無號誌","無號誌","無分向設施","未繪設車道線","未繪設快慢車道分隔線","有","側撞","未保持行車安全間隔","Y000","YZ00",1,2,2014-04-14,"民權路178號","","金門縣金城鎮金門地方法院前","118.3185718","24.4373124"
10304,"10304Y00020022","YZA1","10304YZ000030",2014,4,15,18,5,"金門縣","金城鎮","北門里",NA,"民生路","","45",NA,"口","","","","","前三叉路口",NA,NA,NA,NA,NA,NA,NA,NA,NA,0,1,0,"晴","晨或暮光","村里道路",40,"三岔路","交岔路口內","柏油","乾燥","無缺陷","無障礙物","良好","無號誌","無號誌","無分向設施","未繪設車道線","未繪設快慢車道分隔線","有","追撞","右轉彎未依規定","Y000","YZ00",1,2,2014-04-15,"金門縣金城鎮北門里口","","金門縣金城鎮北門里前三叉路口","118.3166667","24.4166667"
10304,"10304Y00020015","YZA1","10304YZ000031",2014,4,15,14,12,"金門縣","金寧鄉","",NA,"","","",NA,"","","","","","埔後活動中心前路口",NA,NA,NA,NA,NA,NA,NA,NA,NA,0,1,0,"晴","日間自然光線","村里道路",40,"四岔路","交岔路口內","柏油","乾燥","無缺陷","無障礙物","良好","無號誌","無號誌","無分向設施","未繪設車道線","未繪設快慢車道分隔線","有","路口交岔撞","未依規定讓車","Y000","YZ00",1,2,2014-04-15,"金門縣金寧鄉埔後活動中心前路口","","金門縣金寧鄉埔後活動中心前路口","118.317029","24.442928"
10304,"10304Y00020023","YZA1","10304YZ000033",2014,4,16,7,44,"金門縣","金城鎮","",NA,"西海路","一","",NA,"","","","","","水頭港T字路口",NA,NA,NA,NA,NA,NA,NA,NA,NA,0,1,0,"晴","日間自然光線","村里道路",40,"三岔路","交岔路口內","柏油","乾燥","無缺陷","無障礙物","良好","無號誌","無號誌","無分向設施","未繪設車道線","未繪設快慢車道分隔線","有","路上翻車、摔倒","未依規定減速","Y000","YZ00",1,2,2014-04-16,"西海路一段","","金門縣金城鎮水頭港T字路口","118.2906709","24.4124946"
10304,"10304Y00020024","YZA1","10304YZ000034",2014,4,16,8,35,"金門縣","金城鎮","",NA,"民族路","","",NA,"","","環島西路","一","","",NA,NA,NA,NA,NA,NA,NA,NA,NA,0,1,0,"晴","日間自然光線","鄉道",50,"三岔路","交岔路口內","柏油","乾燥","無缺陷","無障礙物","良好","無號誌","無號誌","無分向設施","未繪設車道線","未繪設快慢車道分隔線","有","側撞","未依規定讓車","Y000","YZ00",1,2,2014-04-16,"民族路","環島西路一段","","118.321341","24.430973"
10304,"10304Y00020029","YZA1","10304YZ000036",2014,4,17,14,16,"金門縣","金寧鄉","",NA,"桃園路","","",NA,"","","","","","往東湖路1300柱前",NA,NA,NA,NA,NA,NA,NA,NA,NA,0,2,0,"晴","日間自然光線","縣道",60,"三岔路","交岔路口內","柏油","乾燥","無缺陷","無障礙物","良好","無號誌","無號誌","無分向設施","車道線（無標記）","未繪設快慢車道分隔線","有","側撞","左轉彎未依規定","Y000","YZ00",1,2,2014-04-17,"桃園路","","金門縣金寧鄉往東湖路1300柱前","118.3446627","24.4317794"
10304,"10304Y00020025","YZA1","10304YZ000037",2014,4,18,14,40,"金門縣","金寧鄉","",NA,"伯玉路","一","",NA,"","","","","","榜林圓環",NA,NA,NA,NA,NA,NA,NA,NA,NA,0,2,0,"晴","日間自然光線","縣道",60,"圓環","一般車道（未劃分快慢車道）","柏油","乾燥","無缺陷","無障礙物","良好","無號誌","無號誌","無分向設施","車道線（無標記）","未繪設快慢車道分隔線","有","追撞","酒醉（後）駕駛失控","Y000","YZ00",1,2,2014-04-18,"伯玉路一段","","金門縣金寧鄉榜林圓環","118.3267756","24.4346914"
10304,"10304Y00020026","YZA1","10304YZ000038",2014,4,18,19,58,"金門縣","金城鎮","",NA,"環島北路","一","",NA,"","","","","","文化局前",NA,NA,NA,NA,NA,NA,NA,NA,NA,0,1,0,"晴","晨或暮光","縣道",60,"直路","一般車道（未劃分快慢車道）","柏油","乾燥","無缺陷","無障礙物","良好","無號誌","無號誌","無標記","未繪設車道線","未繪設快慢車道分隔線","有","側撞","右轉彎未依規定","Y000","YZ00",1,2,2014-04-18,"環島北路一段","","金門縣金城鎮文化局前","118.3283226","24.4462231"
10304,"10304Y00010002","YZA1","10304YZ000039",2014,4,19,2,44,"金門縣","金城鎮","",NA,"民生路","","",NA,"","","","","","東門圓環",NA,NA,NA,NA,NA,NA,NA,NA,NA,1,1,0,"晴","夜間（或隧道、地下道、涵洞）有照明","村里道路",40,"直路","一般車道（未劃分快慢車道）","柏油","乾燥","無缺陷","無障礙物","良好","無號誌","無號誌","無標記","未繪設車道線","未繪設快慢車道分隔線","有","對向擦撞","未依規定減速","Y000","YZ00",1,1,2014-04-19,"民生路","","金門縣金城鎮東門圓環","118.3190184","24.43575"
10304,"10304Y00020028","YZA1","10304YZ000041",2014,4,20,12,25,"金門縣","金城鎮","",NA,"環島北路","一","",NA,"38","","","","","",NA,NA,NA,NA,NA,NA,NA,NA,NA,0,1,0,"晴","日間自然光線","鄉道",60,"三岔路","交岔路口內","柏油","乾燥","無缺陷","無障礙物","良好","無號誌","無號誌","無標記","未繪設車道線","未繪設快慢車道分隔線","有","側撞","左轉彎未依規定","Y000","YZ00",1,2,2014-04-20,"環島北路一段38號","","金門縣金城鎮","118.3283226","24.4462231"
10304,"10304Y00020039","YZA1","10304YZ000042",2014,4,21,17,42,"金門縣","金寧鄉","",NA,"瓊安路","","",NA,"","","","","","山灶路段07465號路燈桿",NA,NA,NA,NA,NA,NA,NA,NA,NA,0,2,0,"晴","日間自然光線","鄉道",60,"彎曲路及附近","一般車道（未劃分快慢車道）","柏油","乾燥","無缺陷","無障礙物","良好","無號誌","無號誌","無標記","未繪設車道線","未繪設快慢車道分隔線","有","路上翻車、摔倒","未依規定減速","Y000","YZ00",1,2,2014-04-21,"瓊安路","","金門縣金寧鄉山灶路段07465號路燈桿","118.343873","24.4603508"
10304,"10304Y00020044","YZA1","10304YZ000043",2014,4,18,11,10,"金門縣","金寧鄉","",NA,"大學路","","",NA,"55-1","","","","","",NA,NA,NA,NA,NA,NA,NA,NA,NA,0,1,0,"晴","日間自然光線","縣道",50,"直路","一般車道（未劃分快慢車道）","柏油","乾燥","無缺陷","無障礙物","良好","無號誌","無號誌","寬式（50公分以上）","未繪設車道線","未繪設快慢車道分隔線","有","路上翻車、摔倒","未注意車前狀態","Y000","YZ00",1,2,2014-04-18,"大學路55-1號","","金門縣金寧鄉","118.325279","24.4466751"
10304,"10304Y00020040","YZA1","10304YZ000044",2014,4,22,22,40,"金門縣","金城鎮","",NA,"珠浦南路","","75",NA,"3","","","","","",NA,NA,NA,NA,NA,NA,NA,NA,NA,0,1,0,"晴","夜間（或隧道、地下道、涵洞）有照明","其他",40,"直路","一般車道（未劃分快慢車道）","無鋪裝","乾燥","有坑洞","其他障礙物","坡道","無號誌","無號誌","無分向設施","未繪設車道線","未繪設快慢車道分隔線","無","路上翻車、摔倒","酒醉（後）駕駛失控","Y000","YZ00",1,2,2014-04-22,"珠浦南路75巷3號","","金門縣金城鎮","118.3143581","24.4317252"
10304,"10304Y00020041","YZA1","10304YZ000045",2014,4,24,12,19,"金門縣","金寧鄉","盤山村",NA,"環島北路","二","",NA,"711","","頂林路","","","",NA,NA,NA,NA,NA,NA,NA,NA,NA,0,1,0,"晴","日間自然光線","縣道",60,"四岔路","交岔路口內","柏油","乾燥","無缺陷","無障礙物","良好","行車管制號誌","正常","無分向設施","未繪設車道線","未繪設快慢車道分隔線","有","路口交岔撞","違反號誌管制或指揮","Y000","YZ00",1,2,2014-04-24,"環島北路二段711號","頂林路","","118.3444116","24.4493316"
10304,"10304Y00030002","YZA1","10304YZ000046",2014,4,24,20,14,"金門縣","金寧鄉","",NA,"桃園路","","",NA,"","","東湖路","","","柱1304號前燈桿",NA,NA,NA,NA,NA,NA,NA,NA,NA,0,0,0,"晴","夜間（或隧道、地下道、涵洞）有照明","縣道",60,"三岔路","交岔路口內","柏油","乾燥","無缺陷","無障礙物","良好","無號誌","無號誌","無分向設施","未繪設車道線","未繪設快慢車道分隔線","無","其他","未依規定減速","Y000","YZ00",1,3,2014-04-24,"桃園路","東湖路","","118.3409757","24.4297648"
10304,"10304Y00020043","YZA1","10304YZ000051",2014,4,28,17,35,"金門縣","金城鎮","",NA,"民權路","","",NA,"","","珠浦西路","","","路口",NA,NA,NA,NA,NA,NA,NA,NA,NA,0,2,0,"晴","日間自然光線","鄉道",50,"四岔路","交岔口附近","柏油","乾燥","無缺陷","無障礙物","良好","行車管制號誌（附設行人專用號誌）","正常","無標記","未繪設車道線","未繪設快慢車道分隔線","有","追撞","未注意車前狀態","Y000","YZ00",1,2,2014-04-28,"民權路","珠浦西路","","118.3161782","24.4357325"
10304,"10304Y00020042","YZA1","10304YZ000055",2014,4,28,2,20,"金門縣","金城鎮","",NA,"環島北路","一","",NA,"","","","","","文化局前路段",NA,NA,NA,NA,NA,NA,NA,NA,NA,0,1,0,"晴","夜間（或隧道、地下道、涵洞）有照明","縣道",60,"直路","一般車道（未劃分快慢車道）","柏油","乾燥","無缺陷","無障礙物","良好","無號誌","無號誌","無標記","未繪設車道線","未繪設快慢車道分隔線","有","撞動物","未注意車前狀態","Y000","YZ00",1,2,2014-04-28,"環島北路一段","","金門縣金城鎮文化局前路段","118.3283226","24.4462231"
10305,"","YYA1","10305YY000002",2014,5,2,7,55,"金門縣","金湖鎮","新市里",NA,"太湖路","二","",NA,"","","","","","1489路燈前路段",NA,NA,NA,NA,NA,NA,NA,NA,NA,0,0,0,"晴","日間自然光線","村里道路",50,"直路","一般車道（未劃分快慢車道）","柏油","乾燥","無缺陷","無障礙物","良好","無號誌","無號誌","無標記","未繪設車道線","未繪設快慢車道分隔線","有","追撞","未保持行車安全距離","Y000","YY00",1,4,2014-05-02,"太湖路二段","","金門縣金湖鎮新市里1489路燈前路段","118.4170143","24.4394812"
10305,"10305Y00020004","YYA1","10305YY000006",2014,5,3,21,50,"金門縣","金湖鎮","",NA,"環島南路","四","",NA,"","","","","","漁村路口",NA,NA,NA,NA,NA,NA,NA,NA,NA,0,1,0,"晴","夜間（或隧道、地下道、涵洞）有照明","村里道路",50,"四岔路","交岔口附近","柏油","乾燥","無缺陷","無障礙物","良好","無號誌","無號誌","附標記","車道線（無標記）","未繪設快慢車道分隔線","有","側撞","變換車道或方向不當","Y000","YY00",1,2,2014-05-03,"環島南路四段","","金門縣金湖鎮漁村路口","118.40101","24.438041"
10305,"10305Y00020005","YYA1","10305YY000008",2014,5,4,13,20,"金門縣","金沙鎮","",NA,"浦華路","","",NA,"","","環島東路","","","",NA,NA,NA,NA,NA,NA,NA,NA,NA,0,1,0,"雨","日間自然光線","村里道路",50,"四岔路","交岔路口內","柏油","濕潤","無缺陷","無障礙物","良好","閃光號誌","正常","無分向設施","未繪設車道線","未繪設快慢車道分隔線","有","路口交岔撞","未依規定讓車","Y000","YY00",1,2,2014-05-04,"浦華路","環島東路","","118.4462076","24.45419698"
10305,"","YYA1","10305YY000009",2014,5,4,20,24,"金門縣","金湖鎮","",NA,"市港路","","",NA,"","","","","","66號前路口",NA,NA,NA,NA,NA,NA,NA,NA,NA,0,0,0,NA,NA,NA,0,NA,NA,NA,NA,NA,NA,NA,NA,NA,NA,NA,NA,NA,NA,NA,"Y000","YY00",1,4,2014-05-04,"市港路","","金門縣金湖鎮66號前路口","118.4099121","24.4348324"
10305,"10305Y00020006","YYA1","10305YY000010",2014,5,5,10,17,"金門縣","金湖鎮","",NA,"環島南路","四","",NA,"","","","","","夏興11號前",NA,NA,NA,NA,NA,NA,NA,NA,NA,0,1,0,"晴","日間自然光線","村里道路",40,"彎曲路及附近","一般車道（未劃分快慢車道）","柏油","乾燥","無缺陷","無障礙物","良好","無號誌","無號誌","附標記","未繪設車道線","快慢車道分隔線","無","同向擦撞","變換車道或方向不當","Y000","YY00",1,2,2014-05-05,"環島南路四段","","金門縣金湖鎮夏興11號前","118.40101","24.438041"
10305,"10305Y00020044","YYA1","10305YY000014",2014,5,6,18,34,"金門縣","金沙鎮","",NA,"環中路","","",NA,"","","","","","象山金剛寺前路段",NA,NA,NA,NA,NA,NA,NA,NA,NA,0,1,0,"晴","夜間（或隧道、地下道、涵洞）有照明","村里道路",50,"坡路","一般車道（未劃分快慢車道）","柏油","乾燥","無缺陷","無障礙物","良好","無號誌","無號誌","無標記","未繪設車道線","未繪設快慢車道分隔線","有","撞動物","未注意車前狀態","Y000","YY00",1,2,2014-05-06,"環中路","","金門縣金沙鎮象山金剛寺前路段","118.3912208","24.4595516"