"年月","總編號","處理單位","處理編號","年","月","日","時","分","縣市","區","村里","鄰","街道","段","巷","弄","號","公尺處","街道.1","段.1","側","附近","道路","公里","公尺處.1","向","車道","平交道","公里.1","公尺處.2","附近.1","死","受傷","X2.30","天候","光線","道路類別","速限","道路型態","事故位置","路面鋪裝","路面狀態","路面缺陷","障礙物","視距","號誌種類","號誌動作","分向設施","快車道或一般車道間","快慢車道間","路面邊線","事故類型及型態","主要肇因","警局","分局","案件類別","事故類別","日期","道路1","道路2","概略位置","lon","lat"
10305,"10305Y00020009","YYA1","10305YY000015",2014,5,6,20,45,"金門縣","金沙鎮","光前里",NA,"環島東路","一","",NA,"","","","","","光前里活動中心右前路口",NA,NA,NA,NA,NA,NA,NA,NA,NA,0,1,0,"晴","夜間（或隧道、地下道、涵洞）有照明","村里道路",60,"四岔路","交岔路口內","柏油","乾燥","無缺陷","無障礙物","良好","無號誌","無號誌","無分向設施","未繪設車道線","未繪設快慢車道分隔線","有","側撞","未依規定讓車","Y000","YY00",1,2,2014-05-06,"環島東路一段","","金門縣金沙鎮光前里光前里活動中心右前路口","118.4213083","24.4841071"
10305,"10305Y00020012","YYA1","10305YY000017",2014,5,7,16,38,"金門縣","金湖鎮","",NA,"太湖路","二","",NA,"","","","","","護國寺路口",NA,NA,NA,NA,NA,NA,NA,NA,NA,0,2,0,"陰","日間自然光線","村里道路",50,"三岔路","交岔路口內","柏油","乾燥","無缺陷","無障礙物","良好","無號誌","無號誌","無分向設施","未繪設車道線","未繪設快慢車道分隔線","有","側撞","迴轉未依規定","Y000","YY00",1,2,2014-05-07,"太湖路二段","","金門縣金湖鎮護國寺路口","118.4170143","24.4394812"
10305,"10305Y00020013","YYA1","10305YY000020",2014,5,8,7,26,"金門縣","金湖鎮","",NA,"士校路","","",NA,"","","南機路","","","路口",NA,NA,NA,NA,NA,NA,NA,NA,NA,0,2,0,"晴","日間自然光線","村里道路",50,"四岔路","交岔路口內","柏油","濕潤","無缺陷","無障礙物","良好","無號誌","無號誌","無分向設施","未繪設車道線","未繪設快慢車道分隔線","有","路口交岔撞","未依規定減速","Y000","YY00",1,2,2014-05-08,"士校路","南機路","","118.4326247","24.4500123"
10305,"10305Y00020057","YYA1","10305YY000027",2014,5,9,22,20,"金門縣","金沙鎮","",NA,"環島北路","四","",NA,"","","","","","自來水廠路段",NA,NA,NA,NA,NA,NA,NA,NA,NA,0,3,0,"晴","夜間（或隧道、地下道、涵洞）有照明","村里道路",60,"三岔路","交岔口附近","柏油","乾燥","無缺陷","無障礙物","良好","無號誌","無號誌","附標記","未繪設車道線","未繪設快慢車道分隔線","有","對向擦撞","違規超車","Y000","YY00",1,2,2014-05-09,"環島北路四段","","金門縣金沙鎮自來水廠路段","118.4045085","24.4840105"
10305,"10305Y00020015","YYA1","10305YY000033",2014,5,11,9,20,"金門縣","金沙鎮","",NA,"光華路","一","",NA,"","","","","","01776號路燈",NA,NA,NA,NA,NA,NA,NA,NA,NA,0,1,0,"陰","日間自然光線","村里道路",50,"三岔路","交岔口附近","柏油","乾燥","無缺陷","無障礙物","良好","無號誌","無號誌","無標記","未繪設車道線","未繪設快慢車道分隔線","有","衝出路外","未注意車前狀態","Y000","YY00",1,2,2014-05-11,"光華路一段","","金門縣金沙鎮01776號路燈","118.428921","24.4909929"
10305,"","YYA1","10305YY000037",2014,5,11,18,55,"金門縣","金湖鎮","新市里",NA,"復興路","","",NA,"","","","","","土地銀行前路口",NA,NA,NA,NA,NA,NA,NA,NA,NA,0,0,0,"雨","夜間（或隧道、地下道、涵洞）有照明","村里道路",50,"四岔路","交岔路口內","柏油","濕潤","無缺陷","無障礙物","良好","無號誌","無號誌","無分向設施","未繪設車道線","未繪設快慢車道分隔線","有","倒車撞","倒車未依規定","Y000","YY00",1,4,2014-05-11,"復興路","","金門縣金湖鎮新市里土地銀行前路口","118.4161413","24.4412321"
10305,"10305Y00030003","YYA1","10305YY000042",2014,5,14,4,50,"金門縣","金湖鎮","",NA,"環島南路","五","",NA,"","","","","","星宿王朝路段",NA,NA,NA,NA,NA,NA,NA,NA,NA,0,0,0,"霧或煙","晨或暮光","村里道路",60,"三岔路","交岔路口內","柏油","濕潤","無缺陷","無障礙物","良好","無號誌","無號誌","無分向設施","未繪設車道線","未繪設快慢車道分隔線","有","衝出路外","酒醉（後）駕駛失控","Y000","YY00",1,3,2014-05-14,"環島南路五段","","金門縣金湖鎮星宿王朝路段","118.4239844","24.4324232"
10305,"10305Y00020016","YYA1","10305YY000043",2014,5,14,7,53,"金門縣","金湖鎮","",NA,"環島東路","三","",NA,"","","","","","0348柱燈桿林務所路段",NA,NA,NA,NA,NA,NA,NA,NA,NA,0,1,0,"霧或煙","日間自然光線","村里道路",60,"直路","一般車道（未劃分快慢車道）","柏油","濕潤","無缺陷","無障礙物","良好","無號誌","無號誌","附標記","未繪設車道線","未繪設快慢車道分隔線","有","其他","動物竄出","Y000","YY00",1,2,2014-05-14,"環島東路三段","","金門縣金湖鎮0348柱燈桿林務所路段","118.4412269","24.4597558"
10305,"10305Y00020026","YYA1","10305YY000047",2014,5,16,3,50,"金門縣","金湖鎮","山外里",NA,"士校路","","",NA,"","","","","","幹訓班右前轉彎處路段",NA,NA,NA,NA,NA,NA,NA,NA,NA,0,1,0,"晴","夜間（或隧道、地下道、涵洞）有照明","村里道路",50,"彎曲路及附近","一般車道（未劃分快慢車道）","柏油","乾燥","無缺陷","無障礙物","良好","無號誌","無號誌","無標記","未繪設車道線","未繪設快慢車道分隔線","有","撞護欄（樁）","未依規定減速","Y000","YY00",1,2,2014-05-16,"士校路","","金門縣金湖鎮山外里幹訓班右前轉彎處路段","118.4271704","24.4453138"
10305,"10305Y00020027","YYA1","10305YY000052",2014,5,17,22,0,"金門縣","金湖鎮","",NA,"太湖路","二","",NA,"","","國順街","","","路口",NA,NA,NA,NA,NA,NA,NA,NA,NA,0,1,0,"霧或煙","夜間（或隧道、地下道、涵洞）有照明","村里道路",50,"三岔路","交岔路口內","柏油","乾燥","無缺陷","無障礙物","其他","無號誌","無號誌","無分向設施","未繪設車道線","未繪設快慢車道分隔線","有","穿越道路中","未依規定減速","Y000","YY00",1,2,2014-05-17,"太湖路二段","國順街","","118.4166746","24.43960129"
10305,"10305Y00020041","YYA1","10305YY000055",2014,5,18,12,56,"金門縣","金沙鎮","",NA,"環島北路","四","",NA,"","","","","","金沙水庫路口",NA,NA,NA,NA,NA,NA,NA,NA,NA,0,6,0,"雨","日間自然光線","村里道路",40,"四岔路","交岔路口內","柏油","濕潤","無缺陷","無障礙物","良好","無號誌","無號誌","無分向設施","未繪設車道線","未繪設快慢車道分隔線","有","側撞","未依規定讓車","Y000","YY00",1,2,2014-05-18,"環島北路四段","","金門縣金沙鎮金沙水庫路口","118.4045085","24.4840105"
10305,"10305Y00020017","YYA1","10305YY000057",2014,5,19,12,30,"金門縣","金湖鎮","",NA,"太湖路","二","",NA,"","","國順街","","","路口",NA,NA,NA,NA,NA,NA,NA,NA,NA,0,1,0,"晴","日間自然光線","村里道路",50,"三岔路","交岔路口內","柏油","乾燥","無缺陷","無障礙物","良好","無號誌","無號誌","無分向設施","未繪設車道線","未繪設快慢車道分隔線","有","側撞","左轉彎未依規定","Y000","YY00",1,2,2014-05-19,"太湖路二段","國順街","","118.4166746","24.43960129"
10305,"","YYA1","10305YY000060",2014,5,20,11,22,"金門縣","金湖鎮","",NA,"環島南路","三","",NA,"","","","","","機場圓環路段",NA,NA,NA,NA,NA,NA,NA,NA,NA,0,0,0,NA,NA,NA,0,NA,NA,NA,NA,NA,NA,NA,NA,NA,NA,NA,NA,NA,NA,NA,"Y000","YY00",1,4,2014-05-20,"環島南路三段","","金門縣金湖鎮機場圓環路段","118.3757827","24.4398961"
10305,"10305Y00030009","YYA1","10305YY000061",2014,5,20,11,32,"金門縣","金湖鎮","",NA,"","","",NA,"","","","","","西峰路1735號路燈桿前路段",NA,NA,NA,NA,NA,NA,NA,NA,NA,0,0,0,"晴","日間自然光線","村里道路",40,"三岔路","交岔路口內","柏油","乾燥","無缺陷","無障礙物","良好","無號誌","無號誌","無分向設施","未繪設車道線","未繪設快慢車道分隔線","有","側撞","未保持行車安全間隔","Y000","YY00",1,3,2014-05-20,"金門縣金湖鎮西峰路1735號路燈桿前路段","","金門縣金湖鎮西峰路1735號路燈桿前路段","118.4504593","24.4273377"
10305,"10305Y00020031","YYA1","10305YY000062",2014,5,21,7,45,"金門縣","金沙鎮","",NA,"三民路","","",NA,"","","復興街","","","",NA,NA,NA,NA,NA,NA,NA,NA,NA,0,1,0,"雨","日間自然光線","村里道路",40,"四岔路","交岔路口內","柏油","濕潤","無缺陷","無障礙物","其他","無號誌","無號誌","無分向設施","未繪設車道線","未繪設快慢車道分隔線","有","路口交岔撞","未依規定讓車","Y000","YY00",1,2,2014-05-21,"三民路","復興街","","118.4135735","24.48897055"
10305,"10305Y00020030","YYA1","10305YY000064",2014,5,21,7,28,"金門縣","金湖鎮","",NA,"環島南路","三","",NA,"","","中山路","","","尚義機場圓環",NA,NA,NA,NA,NA,NA,NA,NA,NA,0,1,0,"雨","日間自然光線","村里道路",60,"圓環","一般車道（未劃分快慢車道）","柏油","濕潤","無缺陷","無障礙物","其他","閃光號誌","正常","無分向設施","未繪設車道線","未繪設快慢車道分隔線","有","其他","未依規定讓車","Y000","YY00",1,2,2014-05-21,"環島南路三段","中山路","","118.36415","24.43852"
10305,"","YYA1","10305YY000075",2014,5,27,17,50,"金門縣","金沙鎮","",NA,"環島東路","一","",NA,"","","復興街","","","",NA,NA,NA,NA,NA,NA,NA,NA,NA,0,0,0,"晴","日間自然光線","村里道路",50,"四岔路","交岔口附近","其他鋪裝","乾燥","無缺陷","無障礙物","良好","無號誌","無號誌","附標記","未繪設車道線","未繪設快慢車道分隔線","有","其他","左轉彎未依規定","Y000","YY00",1,4,2014-05-27,"環島東路一段","復興街","","118.413114","24.488629"
10305,"10305Y00030011","YYA1","10305YY000076",2014,5,27,20,30,"金門縣","金湖鎮","",NA,"士校路","","",NA,"","","","","","下莊 路段28210號路燈桿處",NA,NA,NA,NA,NA,NA,NA,NA,NA,0,0,0,"晴","夜間（或隧道、地下道、涵洞）無照明","村里道路",50,"彎曲路及附近","一般車道（未劃分快慢車道）","柏油","乾燥","無缺陷","無障礙物","良好","無號誌","無號誌","無標記","未繪設車道線","未繪設快慢車道分隔線","有","對向擦撞","逆向行駛","Y000","YY00",1,3,2014-05-27,"士校路","","金門縣金湖鎮下莊 路段28210號路燈桿處","118.4271704","24.4453138"
10305,"10305Y00020042","YYA1","10305YY000077",2014,5,29,7,50,"金門縣","金湖鎮","溪湖里",NA,"環島東路","四","",NA,"","","士校路","","","下新厝路口",NA,NA,NA,NA,NA,NA,NA,NA,NA,0,2,0,"晴","日間自然光線","村里道路",50,"四岔路","交岔路口內","柏油","乾燥","無缺陷","無障礙物","良好","閃光號誌","無動作","無分向設施","未繪設車道線","未繪設快慢車道分隔線","有","路口交岔撞","未依規定讓車","Y000","YY00",1,2,2014-05-29,"環島東路四段","士校路","","118.4462076","24.45419698"
10305,"10305Y00020043","YYA1","10305YY000078",2014,5,30,8,42,"金門縣","金湖鎮","",NA,"黃海路","","",NA,"","","","","","金湖國小側門前路段",NA,NA,NA,NA,NA,NA,NA,NA,NA,0,1,0,"晴","日間自然光線","村里道路",50,"三岔路","交岔口附近","柏油","乾燥","無缺陷","無障礙物","良好","無號誌","無號誌","附標記","未繪設車道線","未繪設快慢車道分隔線","有","同向擦撞","未保持行車安全間隔","Y000","YY00",1,2,2014-05-30,"黃海路","","金門縣金湖鎮金湖國小側門前路段","118.4256931","24.452032"
10305,"10305Y00020001","YZA1","10305YZ000001",2014,5,1,14,40,"金門縣","金寧鄉","",NA,"大學路","","",NA,"","","","","","金門大學綜合行政大樓前路口",NA,NA,NA,NA,NA,NA,NA,NA,NA,0,1,0,"陰","日間自然光線","其他",50,"三岔路","交岔路口內","柏油","濕潤","無缺陷","無障礙物","良好","無號誌","無號誌","無分向設施","未繪設車道線","未繪設快慢車道分隔線","有","側撞","未依規定讓車","Y000","YZ00",1,2,2014-05-01,"大學路","","金門縣金寧鄉金門大學綜合行政大樓前路口","118.325279","24.4466751"
10305,"10305Y00020002","YZA1","10305YZ000003",2014,5,3,15,51,"金門縣","金寧鄉","",NA,"瓊安路","","",NA,"","","","","","后沙路段浯記一條根附近",NA,NA,NA,NA,NA,NA,NA,NA,NA,0,1,0,"晴","日間自然光線","村里道路",50,"彎曲路及附近","一般車道（未劃分快慢車道）","柏油","乾燥","無缺陷","無障礙物","良好","無號誌","無號誌","無標記","未繪設車道線","未繪設快慢車道分隔線","有","撞路樹、電桿","酒醉（後）駕駛失控","Y000","YZ00",1,2,2014-05-03,"瓊安路","","金門縣金寧鄉后沙路段浯記一條根附近","118.343873","24.4603508"
10305,"10305Y00020007","YZA1","10305YZ000004",2014,5,3,9,5,"金門縣","金城鎮","",NA,"珠水路","","",NA,"","","","","","金門城東門牌樓外第2支燈桿",NA,NA,NA,NA,NA,NA,NA,NA,NA,0,2,0,"晴","日間自然光線","鄉道",50,"直路","一般車道（未劃分快慢車道）","柏油","乾燥","無缺陷","無障礙物","良好","無號誌","無號誌","無標記","未繪設車道線","未繪設快慢車道分隔線","有","追撞","未保持行車安全距離","Y000","YZ00",1,2,2014-05-03,"珠水路","","金門縣金城鎮金門城東門牌樓外第2支燈桿","118.3077405","24.4021607"
10305,"10305Y00020055","YZA1","10305YZ000005",2014,5,3,11,45,"金門縣","金寧鄉","",NA,"環島西路","二","",NA,"","","","","","0894號燈桿前路段",NA,NA,NA,NA,NA,NA,NA,NA,NA,0,1,0,"晴","日間自然光線","鄉道",50,"彎曲路及附近","一般車道（未劃分快慢車道）","柏油","乾燥","無缺陷","無障礙物","良好","無號誌","無號誌","無標記","未繪設車道線","未繪設快慢車道分隔線","有","衝出路外","未依規定減速","Y000","YZ00",1,2,2014-05-03,"環島西路二段","","金門縣金寧鄉0894號燈桿前路段","118.3148723","24.4566699"
10305,"10305Y00020003","YZA1","10305YZ000007",2014,5,4,8,47,"金門縣","金寧鄉","",NA,"林堡路","","",NA,"","","","","","00472號路燈桿",NA,NA,NA,NA,NA,NA,NA,NA,NA,0,1,0,"晴","日間自然光線","村里道路",50,"直路","一般車道（未劃分快慢車道）","柏油","乾燥","無缺陷","無障礙物","良好","無號誌","無號誌","無標記","未繪設車道線","未繪設快慢車道分隔線","有","路上翻車、摔倒","未注意車前狀態","Y000","YZ00",1,2,2014-05-04,"林堡路","","金門縣金寧鄉00472號路燈桿","118.3345146","24.4434579"
10305,"10305Y00030004","YZA1","10305YZ000011",2014,5,2,15,34,"金門縣","金城鎮","",NA,"民族路","","",NA,"226","","","","","",NA,NA,NA,NA,NA,NA,NA,NA,NA,0,0,0,"晴","日間自然光線","村里道路",50,"直路","一般車道（未劃分快慢車道）","柏油","乾燥","無缺陷","無障礙物","良好","無號誌","無號誌","無分向設施","車道線（無標記）","未繪設快慢車道分隔線","有","倒車撞","倒車未依規定","Y000","YZ00",1,3,2014-05-02,"民族路226號","","金門縣金城鎮","118.3157499","24.4302723"
10305,"10305Y00020018","YZA1","10305YZ000012",2014,5,2,16,31,"金門縣","金寧鄉","",NA,"環島北路","二","",NA,"","","","","","頂堡段",NA,NA,NA,NA,NA,NA,NA,NA,NA,0,1,0,"晴","夜間（或隧道、地下道、涵洞）有照明","縣道",60,"三岔路","交岔路口內","柏油","乾燥","無缺陷","無障礙物","樹木、農作物","無號誌","無號誌","無分向設施","未繪設車道線","未繪設快慢車道分隔線","有","側撞","右轉彎未依規定","Y000","YZ00",1,2,2014-05-02,"環島北路二段","","金門縣金寧鄉頂堡段","118.3537405","24.452631"
10305,"10305Y00020008","YZA1","10305YZ000013",2014,5,5,17,49,"金門縣","金城鎮","",NA,"西海路","一","",NA,"","","","","","03758燈桿",NA,NA,NA,NA,NA,NA,NA,NA,NA,0,1,0,"晴","日間自然光線","縣道",40,"直路","一般車道（未劃分快慢車道）","柏油","乾燥","無缺陷","無障礙物","良好","無號誌","無號誌","附標記","未繪設車道線","未繪設快慢車道分隔線","有","追撞","未保持行車安全距離","Y000","YZ00",1,2,2014-05-05,"西海路一段","","金門縣金城鎮03758燈桿","118.2906709","24.4124946"
10305,"10305Y00030001","YZA1","10305YZ000016",2014,5,6,22,10,"金門縣","金寧鄉","",NA,"大學路","","53",NA,"7","","","","","",NA,NA,NA,NA,NA,NA,NA,NA,NA,0,0,0,"陰","夜間（或隧道、地下道、涵洞）有照明","村里道路",40,"直路","一般車道（未劃分快慢車道）","水泥","油滑","無缺陷","無障礙物","良好","無號誌","無號誌","無分向設施","未繪設車道線","未繪設快慢車道分隔線","無","同向擦撞","酒醉（後）駕駛失控","Y000","YZ00",1,3,2014-05-06,"大學路53巷7號","","金門縣金寧鄉","118.325279","24.4466751"
10305,"10305Y00030002","YZA1","10305YZ000018",2014,5,7,17,55,"金門縣","金城鎮","",NA,"環島西路","一","",NA,"","","","","","14號前路段",NA,NA,NA,NA,NA,NA,NA,NA,NA,0,0,0,"雨","日間自然光線","村里道路",50,"直路","一般車道（未劃分快慢車道）","柏油","濕潤","無缺陷","無障礙物","良好","無號誌","無號誌","無標記","未繪設車道線","未繪設快慢車道分隔線","有","追撞","未保持行車安全距離","Y000","YZ00",1,3,2014-05-07,"環島西路一段","","金門縣金城鎮14號前路段","118.3184801","24.4172073"
10305,"","YZA1","10305YZ000019",2014,5,7,18,53,"金門縣","金城鎮","",NA,"民權路","","88",NA,"","","","","","路口",NA,NA,NA,NA,NA,NA,NA,NA,NA,0,0,0,"雨",NA,NA,50,NA,NA,NA,NA,NA,NA,NA,NA,NA,NA,NA,NA,NA,NA,NA,"Y000","YZ00",1,4,2014-05-07,"民權路88巷","","金門縣金城鎮路口","118.3137772","24.4334849"
10305,"","YZA1","10305YZ000021",2014,5,8,13,27,"金門縣","金寧鄉","",NA,"林堡路","","",NA,"","","","","","下堡34號前",NA,NA,NA,NA,NA,NA,NA,NA,NA,0,0,0,"晴",NA,NA,50,NA,NA,NA,NA,NA,NA,NA,NA,NA,NA,NA,NA,NA,NA,NA,"Y000","YZ00",1,4,2014-05-08,"林堡路","","金門縣金寧鄉下堡34號前","118.3345146","24.4434579"
10305,"10305Y00020011","YZA1","10305YZ000022",2014,5,7,13,19,"金門縣","金寧鄉","",NA,"桃園路","","",NA,"","","東湖路","","","路口",NA,NA,NA,NA,NA,NA,NA,NA,NA,0,1,0,"雨","日間自然光線","縣道",50,"三岔路","交岔路口內","柏油","濕潤","無缺陷","其他障礙物","彎道","無號誌","無號誌","無分向設施","未繪設車道線","未繪設快慢車道分隔線","有","路上翻車、摔倒","未依規定減速","Y000","YZ00",1,2,2014-05-07,"桃園路","東湖路","","118.3409757","24.4297648"
10305,"10305Y00020010","YZA1","10305YZ000023",2014,5,7,12,45,"金門縣","金寧鄉","盤山村",NA,"大學路","","53",NA,"","","","","","產業道路口",NA,NA,NA,NA,NA,NA,NA,NA,NA,0,1,0,"雨","日間自然光線","其他",40,"四岔路","交岔路口內","水泥","濕潤","無缺陷","無障礙物","樹木、農作物","無號誌","無號誌","無分向設施","未繪設車道線","未繪設快慢車道分隔線","無","對撞","未依規定讓車","Y000","YZ00",1,2,2014-05-07,"大學路53巷","","金門縣金寧鄉盤山村產業道路口","118.325279","24.4466751"
10305,"10305Y00020045","YZA1","10305YZ000024",2014,5,7,15,43,"金門縣","金寧鄉","湖埔村",NA,"慈湖路","二","",NA,"","","","","","福興汽車修配廠路段",NA,NA,NA,NA,NA,NA,NA,NA,NA,0,1,0,"晴","日間自然光線","鄉道",50,"直路","一般車道（未劃分快慢車道）","柏油","乾燥","無缺陷","無障礙物","良好","無號誌","無號誌","無標記","未繪設車道線","未繪設快慢車道分隔線","有","路上翻車、摔倒","酒醉（後）駕駛失控","Y000","YZ00",1,2,2014-05-07,"慈湖路二段","","金門縣金寧鄉湖埔村福興汽車修配廠路段","118.3086295","24.4503462"
10305,"10305Y00020014","YZA1","10305YZ000025",2014,5,9,13,59,"金門縣","金寧鄉","",NA,"大學路","","",NA,"","","","","","往湖南產業道路",NA,NA,NA,NA,NA,NA,NA,NA,NA,0,1,0,"雨","日間自然光線","村里道路",40,"四岔路","交岔口附近","水泥","濕潤","無缺陷","無障礙物","良好","無號誌","無號誌","無分向設施","未繪設車道線","未繪設快慢車道分隔線","無","路上翻車、摔倒","未注意車前狀態","Y000","YZ00",1,2,2014-05-09,"大學路","","金門縣金寧鄉往湖南產業道路","118.325279","24.4466751"
10305,"10305Y00030005","YZA1","10305YZ000026",2014,5,8,13,49,"金門縣","金城鎮","賢庵里",NA,"環島西路","一","",NA,"","","","","","藥井產業道",NA,NA,NA,NA,NA,NA,NA,NA,NA,0,0,0,"晴","日間自然光線","村里道路",50,"三岔路","交岔路口內","柏油","乾燥","無缺陷","無障礙物","良好","無號誌","無號誌","無分向設施","未繪設車道線","未繪設快慢車道分隔線","有","追撞","未保持行車安全距離","Y000","YZ00",1,3,2014-05-08,"環島西路一段","","金門縣金城鎮賢庵里藥井產業道","118.3184801","24.4172073"
10305,"","YZA1","10305YZ000028",2014,5,10,15,20,"金門縣","金城鎮","",NA,"光前路","","",NA,"","","","","","華僑之家前路口",NA,NA,NA,NA,NA,NA,NA,NA,NA,0,0,0,"晴",NA,NA,40,NA,NA,NA,NA,NA,NA,NA,NA,NA,NA,NA,NA,NA,NA,NA,"Y000","YZ00",1,4,2014-05-10,"光前路","","金門縣金城鎮華僑之家前路口","118.3142468","24.4339885"
10305,"10305Y00020033","YZA1","10305YZ000029",2014,5,10,11,8,"金門縣","金寧鄉","",NA,"伯玉路","二","",NA,"","","","","","中山林前路段1040號燈桿",NA,NA,NA,NA,NA,NA,NA,NA,NA,0,1,0,"陰","日間自然光線","村里道路",60,"直路","慢車道","其他鋪裝","乾燥","突出（高低）不平","無障礙物","良好","無號誌","無號誌","無標記","未繪設車道線","未繪設快慢車道分隔線","無","路上翻車、摔倒","未注意車前狀態","Y000","YZ00",1,2,2014-05-10,"伯玉路二段","","金門縣金寧鄉中山林前路段1040號燈桿","118.3416148","24.4414563"
10305,"10305Y00020032","YZA1","10305YZ000030",2014,5,9,19,33,"金門縣","金城鎮","",NA,"民權路","","",NA,"","","","","","摩斯漢堡前路段",NA,NA,NA,NA,NA,NA,NA,NA,NA,0,2,0,"雨","夜間（或隧道、地下道、涵洞）有照明","村里道路",50,"四岔路","交岔路口內","柏油","濕潤","無缺陷","無障礙物","良好","無號誌","無號誌","無分向設施","未繪設車道線","未繪設快慢車道分隔線","有","側撞","起步未注意其他車（人）安全","Y000","YZ00",1,2,2014-05-09,"民權路","","金門縣金城鎮摩斯漢堡前路段","118.3168946","24.4355379"
10305,"10305Y00020019","YZA1","10305YZ000031",2014,5,8,13,54,"金門縣","金城鎮","南門里",NA,"西海路","三","",NA,"","","","","","體育館前",NA,NA,NA,NA,NA,NA,NA,NA,NA,0,1,0,"晴","日間自然光線","鄉道",40,"直路","一般車道（未劃分快慢車道）","柏油","乾燥","無缺陷","無障礙物","良好","無號誌","無號誌","附標記","未繪設車道線","未繪設快慢車道分隔線","有","其他","車輛零件脫落","Y000","YZ00",1,2,2014-05-08,"西海路三段","","金門縣金城鎮南門里體育館前","118.3124964","24.4226194"
10305,"10305Y00020052","YZA1","10305YZ000032",2014,5,7,19,0,"金門縣","金城鎮","",NA,"環島西路","二","",NA,"","","環島北路","一","","救國團前附近",NA,NA,NA,NA,NA,NA,NA,NA,NA,0,1,0,"雨","夜間（或隧道、地下道、涵洞）有照明","鄉道",50,"三岔路","交岔口附近","柏油","濕潤","無缺陷","其他障礙物","路上停放車輛","行車管制號誌（附設行人專用號誌）","正常","附標記","未繪設車道線","未繪設快慢車道分隔線","有","其他","未注意車前狀態","Y000","YZ00",1,2,2014-05-07,"環島西路二段","環島北路一段","","118.321074","24.439927"
10305,"10305Y00020040","YZA1","10305YZ000034",2014,5,10,22,5,"金門縣","金城鎮","",NA,"民權路","","",NA,"","","","","","金帝飯店前路段",NA,NA,NA,NA,NA,NA,NA,NA,NA,0,2,0,"陰","夜間（或隧道、地下道、涵洞）有照明","村里道路",50,"直路","一般車道（未劃分快慢車道）","柏油","濕潤","無缺陷","無障礙物","良好","無號誌","無號誌","無分向設施","未繪設車道線","未繪設快慢車道分隔線","有","同向通行中","酒醉（後）駕駛失控","Y000","YZ00",1,2,2014-05-10,"民權路","","金門縣金城鎮金帝飯店前路段","118.3168946","24.4355379"
10305,"10305Y00020020","YZA1","10305YZ000035",2014,5,10,18,0,"金門縣","金城鎮","",NA,"","","",NA,"","","","","","富康一村8巷1號旁路口",NA,NA,NA,NA,NA,NA,NA,NA,NA,0,1,0,"雨","日間自然光線","村里道路",40,"三岔路","交岔路口內","其他鋪裝","濕潤","無缺陷","無障礙物","良好","無號誌","無號誌","無分向設施","未繪設車道線","未繪設快慢車道分隔線","無","側撞","未依規定讓車","Y000","YZ00",1,2,2014-05-10,"金門縣金城鎮富康一村8巷1號旁路口","","金門縣金城鎮富康一村8巷1號旁路口","118.320257","24.437578"
10305,"10305Y00020056","YZA1","10305YZ000036",2014,5,11,13,0,"金門縣","烈嶼鄉","",NA,"","","",NA,"","","","","","南塘往青岐路段09085路燈附近",NA,NA,NA,NA,NA,NA,NA,NA,NA,0,1,0,"雨","日間自然光線","縣道",50,"直路","一般車道（未劃分快慢車道）","柏油","濕潤","無缺陷","無障礙物","良好","無號誌","無號誌","無標記","未繪設車道線","未繪設快慢車道分隔線","有","對向擦撞","未注意車前狀態","Y000","YZ00",1,2,2014-05-11,"金門縣烈嶼鄉南塘往青岐路段09085路燈附近","","金門縣烈嶼鄉南塘往青岐路段09085路燈附近","118.2257211","24.4161038"
10305,"10305Y00020021","YZA1","10305YZ000038",2014,5,10,18,5,"金門縣","金寧鄉","",NA,"","","",NA,"","","","","","金寶來飯店前路口",NA,NA,NA,NA,NA,NA,NA,NA,NA,0,1,0,"陰","日間自然光線","村里道路",40,"四岔路","交岔路口內","柏油","乾燥","無缺陷","無障礙物","良好","無號誌","無號誌","無分向設施","未繪設車道線","未繪設快慢車道分隔線","無","路口交岔撞","未依規定讓車","Y000","YZ00",1,2,2014-05-10,"金門縣金寧鄉金寶來飯店前路口","","金門縣金寧鄉金寶來飯店前路口","118.312619","24.440298"
10305,"10305Y00020023","YZA1","10305YZ000039",2014,5,12,13,46,"金門縣","金城鎮","",NA,"民生路","","",NA,"","","","","","金門地方法院旁",NA,NA,NA,NA,NA,NA,NA,NA,NA,0,1,0,"陰","日間自然光線","村里道路",40,"直路","一般車道（未劃分快慢車道）","水泥","濕潤","無缺陷","無障礙物","良好","無號誌","無號誌","無標記","未繪設車道線","未繪設快慢車道分隔線","有","追撞","未保持行車安全距離","Y000","YZ00",1,2,2014-05-12,"民生路","","金門縣金城鎮金門地方法院旁","118.3190184","24.43575"
10305,"10305Y00020024","YZA1","10305YZ000040",2014,5,13,10,5,"金門縣","金城鎮","",NA,"環島西路","二","",NA,"","","","","","救國團前路段13168燈桿",NA,NA,NA,NA,NA,NA,NA,NA,NA,0,1,0,"雨","日間自然光線","村里道路",50,"直路","一般車道（未劃分快慢車道）","柏油","濕潤","無缺陷","無障礙物","良好","無號誌","無號誌","無標記","未繪設車道線","未繪設快慢車道分隔線","有","側撞","左轉彎未依規定","Y000","YZ00",1,2,2014-05-13,"環島西路二段","","金門縣金城鎮救國團前路段13168燈桿","118.3148723","24.4566699"
10305,"10305Y00020022","YZA1","10305YZ000041",2014,5,12,11,0,"金門縣","金寧鄉","",NA,"伯玉路","二","",NA,"","","","","","0176號燈桿前路段",NA,NA,NA,NA,NA,NA,NA,NA,NA,0,2,0,"陰","日間自然光線","縣道",70,"三岔路","交岔口附近","柏油","乾燥","突出（高低）不平","道路工事（程）中","良好","無號誌","無號誌","無標記","未繪設車道線","未繪設快慢車道分隔線","有","路上翻車、摔倒","未注意車前狀態","Y000","YZ00",1,2,2014-05-12,"伯玉路二段","","金門縣金寧鄉0176號燈桿前路段","118.3416148","24.4414563"