"年月","總編號","處理單位","處理編號","年","月","日","時","分","縣市","區","村里","鄰","街道","段","巷","弄","號","公尺處","街道.1","段.1","側","附近","道路","公里","公尺處.1","向","車道","平交道","公里.1","公尺處.2","附近.1","死","受傷","X2.30","天候","光線","道路類別","速限","道路型態","事故位置","路面鋪裝","路面狀態","路面缺陷","障礙物","視距","號誌種類","號誌動作","分向設施","快車道或一般車道間","快慢車道間","路面邊線","事故類型及型態","主要肇因","警局","分局","案件類別","事故類別","日期","道路1","道路2","概略位置","lon","lat"
10305,"10305Y00030006","YZA1","10305YZ000044",2014,5,14,0,2,"金門縣","金城鎮","東門里",NA,"環島西路","一","",NA,"","","","","","莒光橋頭",NA,NA,NA,NA,NA,NA,NA,NA,NA,0,0,0,"暴雨","夜間（或隧道、地下道、涵洞）有照明","村里道路",50,"三岔路","交岔口附近","柏油","濕潤","無缺陷","無障礙物","良好","無號誌","無號誌","附標記","未繪設車道線","未繪設快慢車道分隔線","有","撞護欄（樁）","酒醉（後）駕駛失控","Y000","YZ00",1,3,2014-05-14,"環島西路一段","","金門縣金城鎮東門里莒光橋頭","118.3184801","24.4172073"
10305,"10305Y00020034","YZA1","10305YZ000045",2014,5,14,15,4,"金門縣","金城鎮","",NA,"","","",NA,"","","","","","富康一村1巷1號前路口",NA,NA,NA,NA,NA,NA,NA,NA,NA,0,2,0,"陰","日間自然光線","村里道路",40,"四岔路","交岔路口內","水泥","乾燥","無缺陷","無障礙物","良好","無號誌","無號誌","無分向設施","未繪設車道線","未繪設快慢車道分隔線","無","側撞","未依規定讓車","Y000","YZ00",1,2,2014-05-14,"金門縣金城鎮富康一村1巷1號前路口","","金門縣金城鎮富康一村1巷1號前路口","118.320257","24.437578"
10305,"10305Y00020025","YZA1","10305YZ000046",2014,5,14,15,38,"金門縣","金城鎮","",NA,"民生路","","",NA,"2","","","","","",NA,NA,NA,NA,NA,NA,NA,NA,NA,0,1,0,"陰","日間自然光線","鄉道",40,"四岔路","交岔口附近","柏油","乾燥","無缺陷","無障礙物","良好","無號誌","無號誌","無標記","未繪設車道線","未繪設快慢車道分隔線","有","側撞","未保持行車安全距離","Y000","YZ00",1,2,2014-05-14,"民生路2號","","金門縣金城鎮","118.3190184","24.43575"
10305,"10305Y00020046","YZA1","10305YZ000048",2014,5,16,15,20,"金門縣","金寧鄉","",NA,"環島南路","二","",NA,"","","桃園路","","","機場地下道出口",NA,NA,NA,NA,NA,NA,NA,NA,NA,0,1,0,"晴","日間自然光線","村里道路",50,"三岔路","交岔路口內","柏油","乾燥","無缺陷","無障礙物","良好","閃光號誌","正常","無分向設施","未繪設車道線","未繪設快慢車道分隔線","有","側撞","違反特定標誌（線）禁制","Y000","YZ00",1,2,2014-05-16,"環島南路二段","桃園路","","118.361108","24.436696"
10305,"","YZA1","10305YZ000049",2014,5,17,15,8,"金門縣","金寧鄉","",NA,"環島北路","二","",NA,"","","","","","后盤山村路口",NA,NA,NA,NA,NA,NA,NA,NA,NA,0,0,0,"晴",NA,NA,40,NA,NA,NA,NA,NA,NA,NA,NA,NA,NA,NA,NA,NA,NA,NA,"Y000","YZ00",1,4,2014-05-17,"環島北路二段","","金門縣金寧鄉后盤山村路口","118.3537405","24.452631"
10305,"10305Y00020053","YZA1","10305YZ000050",2014,5,17,12,37,"金門縣","金城鎮","南門里",NA,"民權路","","",NA,"9","","民族路","","","",NA,NA,NA,NA,NA,NA,NA,NA,NA,0,1,0,"晴","日間自然光線","鄉道",40,"坡路","一般車道（未劃分快慢車道）","柏油","乾燥","無缺陷","無障礙物","坡道","無號誌","無號誌","附標記","未繪設車道線","未繪設快慢車道分隔線","有","倒車撞","倒車未依規定","Y000","YZ00",1,2,2014-05-17,"民權路9號","民族路","","118.313674","24.4315222"
10305,"","YZA1","10305YZ000051",2014,5,17,18,59,"金門縣","金寧鄉","",NA,"","","",NA,"","","","","","埔後03286號燈桿附近路口",NA,NA,NA,NA,NA,NA,NA,NA,NA,0,0,0,"晴",NA,NA,40,NA,NA,NA,NA,NA,NA,NA,NA,NA,NA,NA,NA,NA,NA,NA,"Y000","YZ00",1,4,2014-05-17,"金門縣金寧鄉埔後03286號燈桿附近路口","","金門縣金寧鄉埔後03286號燈桿附近路口","118.317029","24.442928"
10305,"10305Y00030008","YZA1","10305YZ000053",2014,5,13,10,5,"金門縣","金寧鄉","",NA,"林湖路","","",NA,"","","","","","東洲地名石牌",NA,NA,NA,NA,NA,NA,NA,NA,NA,0,0,0,"雨","日間自然光線","村里道路",40,"三岔路","交岔口附近","柏油","濕潤","無缺陷","無障礙物","良好","無號誌","無號誌","無標記","未繪設車道線","未繪設快慢車道分隔線","有","追撞","未保持行車安全距離","Y000","YZ00",1,3,2014-05-13,"林湖路","","金門縣金寧鄉東洲地名石牌","118.330303","24.4320985"
10305,"10305Y00020028","YZA1","10305YZ000054",2014,5,18,13,15,"金門縣","金寧鄉","",NA,"環島北路","一","",NA,"","","頂林路","","","路口",NA,NA,NA,NA,NA,NA,NA,NA,NA,0,1,0,"雨","日間自然光線","村里道路",50,"四岔路","交岔路口內","柏油","濕潤","無缺陷","無障礙物","良好","閃光號誌","正常","無分向設施","未繪設車道線","未繪設快慢車道分隔線","有","路口交岔撞","未依規定讓車","Y000","YZ00",1,2,2014-05-18,"環島北路一段","頂林路","","118.337844","24.44973832"
10305,"10305Y00030007","YZA1","10305YZ000056",2014,5,18,9,52,"金門縣","金城鎮","金水里",NA,"西海路","一","",NA,"","","","","","水頭村公所前",NA,NA,NA,NA,NA,NA,NA,NA,NA,0,0,0,"暴雨","夜間（或隧道、地下道、涵洞）有照明","村里道路",40,"直路","一般車道（未劃分快慢車道）","其他鋪裝","濕潤","無缺陷","無障礙物","良好","無號誌","無號誌","無分向設施","未繪設車道線","未繪設快慢車道分隔線","有","倒車撞","倒車未依規定","Y000","YZ00",1,3,2014-05-18,"西海路一段","","金門縣金城鎮金水里水頭村公所前","118.2906709","24.4124946"
10305,"10305Y00020035","YZA1","10305YZ000058",2014,5,19,15,45,"金門縣","金城鎮","",NA,"民生路","","",NA,"","","","","","縣政府前路口",NA,NA,NA,NA,NA,NA,NA,NA,NA,0,2,0,"晴","日間自然光線","村里道路",40,"三岔路","交岔路口內","柏油","乾燥","無缺陷","無障礙物","良好","無號誌","無號誌","無分向設施","未繪設車道線","未繪設快慢車道分隔線","有","側撞","未依規定讓車","Y000","YZ00",1,2,2014-05-19,"民生路","","金門縣金城鎮縣政府前路口","118.3190184","24.43575"
10305,"10305Y00020029","YZA1","10305YZ000059",2014,5,19,11,42,"金門縣","金城鎮","",NA,"民生路","","",NA,"7","","","","","",NA,NA,NA,NA,NA,NA,NA,NA,NA,0,1,0,"晴","日間自然光線","鄉道",40,"三岔路","交岔路口內","柏油","乾燥","無缺陷","無障礙物","良好","無號誌","無號誌","無標記","未繪設車道線","未繪設快慢車道分隔線","有","其他","起步未注意其他車（人）安全","Y000","YZ00",1,2,2014-05-19,"民生路7號","","金門縣金城鎮","118.3190184","24.43575"
10305,"","YZA1","10305YZ000063",2014,5,19,12,29,"金門縣","金城鎮","",NA,"環島西路","一","",NA,"","","北堤路","","","路口",NA,NA,NA,NA,NA,NA,NA,NA,NA,0,0,0,"晴",NA,NA,40,NA,NA,NA,NA,NA,NA,NA,NA,NA,NA,NA,NA,NA,NA,NA,"Y000","YZ00",1,4,2014-05-19,"環島西路一段","北堤路","","118.3213944","24.42983234"
10305,"10305Y00020036","YZA1","10305YZ000065",2014,5,22,13,17,"金門縣","金城鎮","",NA,"環島北路","一","",NA,"88","旁路口","","","","",NA,NA,NA,NA,NA,NA,NA,NA,NA,0,1,0,"雨","日間自然光線","鄉道",40,"三岔路","交岔口附近","水泥","濕潤","無缺陷","無障礙物","良好","無號誌","無號誌","無分向設施","未繪設車道線","未繪設快慢車道分隔線","無","倒車撞","倒車未依規定","Y000","YZ00",1,2,2014-05-22,"環島北路一段88號","","金門縣金城鎮","118.3283226","24.4462231"
10305,"10305Y00020037","YZA1","10305YZ000066",2014,5,23,5,48,"金門縣","金寧鄉","",NA,"伯玉路","二","",NA,"","","","","","金民加油站前路段",NA,NA,NA,NA,NA,NA,NA,NA,NA,0,1,0,"雨","晨或暮光","村里道路",70,"直路","路肩、路緣","柏油","濕潤","無缺陷","無障礙物","良好","無號誌","無號誌","無標記","未繪設車道線","未繪設快慢車道分隔線","無","衝出路外","酒醉（後）駕駛失控","Y000","YZ00",NA,NA,2014-05-23,"伯玉路二段","","金門縣金寧鄉金民加油站前路段","118.3416148","24.4414563"
10305,"10305Y00020047","YZA1","10305YZ000067",2014,5,23,19,24,"金門縣","金城鎮","",NA,"民族路","","",NA,"","","","","","260號前",NA,NA,NA,NA,NA,NA,NA,NA,NA,0,2,0,"雨","晨或暮光","鄉道",40,"彎曲路及附近","一般車道（未劃分快慢車道）","柏油","濕潤","無缺陷","無障礙物","彎道","無號誌","無號誌","附標記","未繪設車道線","未繪設快慢車道分隔線","有","側撞","未保持行車安全間隔","Y000","YZ00",1,2,2014-05-23,"民族路","","金門縣金城鎮260號前","118.3157499","24.4302723"
10305,"10305Y00020038","YZA1","10305YZ000068",2014,5,24,12,11,"金門縣","金寧鄉","",NA,"","","",NA,"","","","","","西堡寶靈殿前",NA,NA,NA,NA,NA,NA,NA,NA,NA,0,1,0,"雨","日間自然光線","鄉道",40,"四岔路","交岔路口內","柏油","濕潤","無缺陷","無障礙物","良好","無號誌","無號誌","無分向設施","未繪設車道線","未繪設快慢車道分隔線","無","路口交岔撞","起步未注意其他車（人）安全","Y000","YZ00",1,2,2014-05-24,"金門縣金寧鄉西堡寶靈殿前","","金門縣金寧鄉西堡寶靈殿前","118.337063","24.46088"
10305,"10305Y00020048","YZA1","10305YZ000069",2014,5,24,12,47,"金門縣","金寧鄉","",NA,"伯玉路","二","",NA,"","","","","","中山林路段1042號燈桿附近",NA,NA,NA,NA,NA,NA,NA,NA,NA,0,1,0,"雨","日間自然光線","村里道路",70,"直路","一般車道（未劃分快慢車道）","柏油","泥濘","無缺陷","道路工事（程）中","良好","無號誌","無號誌","無分向設施","未繪設車道線","未繪設快慢車道分隔線","無","路上翻車、摔倒","未注意車前狀態","Y000","YZ00",1,2,2014-05-24,"伯玉路二段","","金門縣金寧鄉中山林路段1042號燈桿附近","118.3416148","24.4414563"
10305,"","YZA1","10305YZ000070",2014,5,24,7,55,"金門縣","金城鎮","",NA,"西海路","二","",NA,"","","","","","A010號燈桿前路段",NA,NA,NA,NA,NA,NA,NA,NA,NA,0,0,0,"晴","日間自然光線","村里道路",50,"四岔路","交岔口附近","柏油","乾燥","無缺陷","無障礙物","良好","行車管制號誌","正常","附標記","車道線（附標記）","未繪設快慢車道分隔線","有","對向擦撞","未注意車前狀態","Y000","YZ00",1,4,2014-05-24,"西海路二段","","金門縣金城鎮A010號燈桿前路段","118.3041626","24.4144371"
10305,"10305Y00020039","YZA1","10305YZ000071",2014,5,25,13,50,"金門縣","金城鎮","",NA,"民權路","","",NA,"","","民生路","","","",NA,NA,NA,NA,NA,NA,NA,NA,NA,0,1,0,"晴","日間自然光線","村里道路",50,"四岔路","交岔路口內","柏油","乾燥","無缺陷","無障礙物","良好","行車管制號誌","正常","無分向設施","未繪設車道線","未繪設快慢車道分隔線","有","側撞","左轉彎未依規定","Y000","YZ00",1,2,2014-05-25,"民權路","民生路","","118.318387","24.437086"
10305,"10305Y00030010","YZA1","10305YZ000072",2014,5,26,7,30,"金門縣","金城鎮","",NA,"民權路","","70",6,"21","","","","","路段",NA,NA,NA,NA,NA,NA,NA,NA,NA,0,0,0,"晴","夜間（或隧道、地下道、涵洞）有照明","村里道路",40,"直路","一般車道（未劃分快慢車道）","其他鋪裝","乾燥","無缺陷","無障礙物","良好","無號誌","無號誌","無分向設施","未繪設車道線","未繪設快慢車道分隔線","有","其他","其他引起事故之違規或不當行為","Y000","YZ00",1,3,2014-05-26,"民權路70巷6弄21號","","金門縣金城鎮路段","118.3121837","24.4336941"
10305,"10305Y00020049","YZA1","10305YZ000073",2014,5,27,8,15,"金門縣","金城鎮","西門里",NA,"民權路","","",NA,"","","","","","中正國小側門",NA,NA,NA,NA,NA,NA,NA,NA,NA,0,1,0,"晴","日間自然光線","鄉道",40,"三岔路","交岔路口內","柏油","乾燥","無缺陷","無障礙物","良好","無號誌","無號誌","無分向設施","未繪設車道線","未繪設快慢車道分隔線","有","側撞","右轉彎未依規定","Y000","YZ00",1,2,2014-05-27,"民權路","","金門縣金城鎮西門里中正國小側門","118.3168946","24.4355379"
10305,"10305Y00020054","YZA1","10305YZ000074",2014,5,27,17,10,"金門縣","金城鎮","",NA,"民權路","","",NA,"61","","","","","",NA,NA,NA,NA,NA,NA,NA,NA,NA,0,2,0,"晴","日間自然光線","村里道路",50,"三岔路","交岔路口內","柏油","乾燥","無缺陷","無障礙物","良好","無號誌","無號誌","無分向設施","未繪設車道線","未繪設快慢車道分隔線","有","追撞","未保持行車安全距離","Y000","YZ00",1,2,2014-05-27,"民權路61號","","金門縣金城鎮","118.3140012","24.4324688"
10305,"10305Y00020051","YZA1","10305YZ000079",2014,5,30,20,59,"金門縣","金城鎮","",NA,"浯江路","","",NA,"6","","","","","",NA,NA,NA,NA,NA,NA,NA,NA,NA,0,1,0,"陰","夜間（或隧道、地下道、涵洞）有照明","村里道路",40,"直路","一般車道（未劃分快慢車道）","柏油","乾燥","無缺陷","無障礙物","良好","無號誌","無號誌","無標記","未繪設車道線","未繪設快慢車道分隔線","有","路上翻車、摔倒","未注意車前狀態","Y000","YZ00",1,2,2014-05-30,"浯江路6號","","金門縣金城鎮","118.3268081","24.4262292"
10305,"","YZA1","10305YZ000080",2014,5,31,8,35,"金門縣","金城鎮","",NA,"民權路","","",NA,"31","","","","","",NA,NA,NA,NA,NA,NA,NA,NA,NA,0,0,0,"雨",NA,NA,40,NA,NA,NA,NA,NA,NA,NA,NA,NA,NA,NA,NA,NA,NA,NA,"Y000","YZ00",1,4,2014-05-31,"民權路31號","","金門縣金城鎮","118.3137564","24.4318069"
10305,"10305Y00030012","YZA1","10305YZ000081",2014,5,29,18,23,"金門縣","金城鎮","",NA,"中興路","","146",NA,"29","","","","","",NA,NA,NA,NA,NA,NA,NA,NA,NA,0,0,0,"陰","日間自然光線","村里道路",40,"三岔路","交岔口附近","其他鋪裝","乾燥","無缺陷","無障礙物","良好","無號誌","無號誌","無分向設施","未繪設車道線","未繪設快慢車道分隔線","有","其他","未保持行車安全間隔","Y000","YZ00",1,3,2014-05-29,"中興路146巷29號","","金門縣金城鎮","118.3198462","24.4331914"
10305,"10305Y00020050","YZA1","10305YZ000082",2014,5,30,12,20,"金門縣","金城鎮","西門里",NA,"環島西路","二","3",NA,"","","","","","13168燈桿",NA,NA,NA,NA,NA,NA,NA,NA,NA,0,2,0,"晴","日間自然光線","鄉道",40,"四岔路","交岔口附近","柏油","乾燥","無缺陷","無障礙物","良好","無號誌","無號誌","附標記","未繪設車道線","未繪設快慢車道分隔線","有","側撞","左轉彎未依規定","Y000","YZ00",1,2,2014-05-30,"環島西路二段3巷","","金門縣金城鎮西門里13168燈桿","118.3148723","24.4566699"
10305,"10305Y00030013","YZA1","10305YZ000083",2014,5,30,17,19,"金門縣","金城鎮","賢庵里",NA,"延平路","","",NA,"","","","","","后豐港石牌",NA,NA,NA,NA,NA,NA,NA,NA,NA,0,0,0,"晴","日間自然光線","村里道路",50,"四岔路","交岔路口內","柏油","乾燥","無缺陷","無障礙物","良好","無號誌","無號誌","無標記","禁止雙換車道線（無標記）","未繪設快慢車道分隔線","有","路口交岔撞","未依規定讓車","Y000","YZ00",1,3,2014-05-30,"延平路","","金門縣金城鎮賢庵里后豐港石牌","118.304405","24.424809"
10306,"10306Y00020010","YYA1","10306YY000003",2014,6,1,15,15,"金門縣","金湖鎮","新湖里",NA,"市港路","","",NA,"38","","","","","",NA,NA,NA,NA,NA,NA,NA,NA,NA,0,1,0,"晴","日間自然光線","村里道路",50,"直路","一般車道（未劃分快慢車道）","柏油","乾燥","無缺陷","無障礙物","良好","無號誌","無號誌","無標記","未繪設車道線","快慢車道分隔線","有","撞動物","動物竄出","Y000","YY00",1,2,2014-06-01,"市港路38號","","金門縣金湖鎮新湖里","118.4099121","24.4348324"
10306,"10306Y00020009","YYA1","10306YY000013",2014,6,7,8,2,"金門縣","金湖鎮","",NA,"環島北路","三","",NA,"","","","","","瓊林圓環",NA,NA,NA,NA,NA,NA,NA,NA,NA,0,3,0,"晴","日間自然光線","村里道路",60,"圓環","環道匝道","柏油","乾燥","無缺陷","無障礙物","其他","閃光號誌","正常","無分向設施","車道線（附標記）","未繪設快慢車道分隔線","有","追撞","未保持行車安全距離","Y000","YY00",1,2,2014-06-07,"環島北路三段","","金門縣金湖鎮瓊林圓環","118.388325","24.466263"
10306,"10306Y00020011","YYA1","10306YY000014",2014,6,7,21,7,"金門縣","金湖鎮","",NA,"市港路","","",NA,"66","","","","","",NA,NA,NA,NA,NA,NA,NA,NA,NA,0,1,0,"雨","夜間（或隧道、地下道、涵洞）有照明","村里道路",50,"四岔路","交岔路口內","柏油","濕潤","無缺陷","無障礙物","良好","無號誌","無號誌","無分向設施","未繪設車道線","未繪設快慢車道分隔線","有","側撞","未依規定讓車","Y000","YY00",1,2,2014-06-07,"市港路66號","","金門縣金湖鎮","118.4099121","24.4348324"
10306,"10306Y00020012","YYA1","10306YY000015",2014,6,7,22,12,"金門縣","金沙鎮","",NA,"高陽路","","",NA,"","","","","","立盛建材行石碑前路段",NA,NA,NA,NA,NA,NA,NA,NA,NA,0,1,0,"晴","夜間（或隧道、地下道、涵洞）有照明","村里道路",60,"直路","一般車道（未劃分快慢車道）","柏油","乾燥","無缺陷","無障礙物","良好","無號誌","無號誌","無標記","未繪設車道線","未繪設快慢車道分隔線","有","撞護欄（樁）","未注意車前狀態","Y000","YY00",1,2,2014-06-07,"高陽路","","金門縣金沙鎮立盛建材行石碑前路段","118.4078483","24.4727311"
10306,"","YYA1","10306YY000016",2014,6,8,8,20,"金門縣","金湖鎮","新市里",NA,"太湖路","一","",NA,"","","黃海路","","","新市圓環內",NA,NA,NA,NA,NA,NA,NA,NA,NA,0,0,0,"雨","日間自然光線","村里道路",50,"圓環","環道匝道","柏油","濕潤","無缺陷","無障礙物","良好","行車管制號誌（附設行人專用號誌）","正常","無標記","車道線（無標記）","未繪設快慢車道分隔線","有","其他","未依規定讓車","Y000","YY00",1,4,2014-06-08,"太湖路一段","黃海路","","118.413177","24.44068908"
10306,"10306Y00020013","YYA1","10306YY000019",2014,6,8,10,15,"金門縣","金湖鎮","新湖里",NA,"環島南路","四","",NA,"","","","","","168加油站前",NA,NA,NA,NA,NA,NA,NA,NA,NA,0,1,0,"晴","日間自然光線","村里道路",50,"彎曲路及附近","一般車道（未劃分快慢車道）","柏油","濕潤","無缺陷","無障礙物","良好","無號誌","無號誌","無標記","未繪設車道線","快慢車道分隔線","有","側撞","右轉彎未依規定","Y000","YY00",1,2,2014-06-08,"環島南路四段","","金門縣金湖鎮新湖里168加油站前","118.40101","24.438041"
10306,"","YYA1","10306YY000020",2014,6,7,8,40,"金門縣","金湖鎮","",NA,"環島南路","四","",NA,"","","","","","湖前路口",NA,NA,NA,NA,NA,NA,NA,NA,NA,0,0,0,"晴",NA,NA,60,NA,NA,NA,NA,NA,NA,NA,NA,NA,NA,NA,NA,NA,NA,NA,"Y000","YY00",1,4,2014-06-07,"環島南路四段","","金門縣金湖鎮湖前路口","118.40101","24.438041"
10306,"10306Y00020014","YYA1","10306YY000021",2014,6,9,15,14,"金門縣","金湖鎮","",NA,"伯玉路","三","",NA,"","","","","","1091號路燈桿",NA,NA,NA,NA,NA,NA,NA,NA,NA,0,1,0,"晴","日間自然光線","村里道路",60,"直路","一般車道（未劃分快慢車道）","柏油","乾燥","突出（高低）不平","道路工事（程）中","良好","無號誌","無號誌","無標記","未繪設車道線","未繪設快慢車道分隔線","有","路上翻車、摔倒","未注意車前狀態","Y000","YY00",1,2,2014-06-09,"伯玉路三段","","金門縣金湖鎮1091號路燈桿","118.3646755","24.4460136"
10306,"10306Y00020015","YYA1","10306YY000023",2014,6,10,13,20,"金門縣","金湖鎮","新市里",NA,"自強路","","",NA,"","","","","","武德新莊12號前",NA,NA,NA,NA,NA,NA,NA,NA,NA,0,1,0,"晴","日間自然光線","村里道路",40,"直路","一般車道（未劃分快慢車道）","柏油","乾燥","無缺陷","路上有停車","良好","無號誌","無號誌","無分向設施","未繪設車道線","未繪設快慢車道分隔線","有","其他","未注意車前狀態","Y000","YY00",1,2,2014-06-10,"自強路","","金門縣金湖鎮新市里武德新莊12號前","118.4150513","24.4401089"
10306,"10306Y00020017","YYA1","10306YY000032",2014,6,13,8,35,"金門縣","金湖鎮","瓊林里",NA,"","","",NA,"131","","","","","",NA,NA,NA,NA,NA,NA,NA,NA,NA,0,1,0,"晴","日間自然光線","村里道路",40,"三岔路","交岔路口內","柏油","乾燥","無缺陷","其他障礙物","建築物","無號誌","無號誌","無分向設施","未繪設車道線","未繪設快慢車道分隔線","無","側撞","未注意車前狀態","Y000","YY00",1,2,2014-06-13,"金門縣金湖鎮瓊林里131","","金門縣金湖鎮瓊林里","118.3708477","24.4548683"
10306,"10306Y00020016","YYA1","10306YY000034",2014,6,13,17,25,"金門縣","金湖鎮","山外里",NA,"","","",NA,"","","","","","山外23號前",NA,NA,NA,NA,NA,NA,NA,NA,NA,0,1,0,"晴","日間自然光線","村里道路",40,"廣場","其他","其他鋪裝","乾燥","無缺陷","無障礙物","良好","無號誌","無號誌","無分向設施","未繪設車道線","未繪設快慢車道分隔線","無","其他","倒車未依規定","Y000","YY00",1,2,2014-06-13,"金門縣金湖鎮山外里山外23號前","","金門縣金湖鎮山外里山外23號前","118.4162306","24.4418802"
10306,"10306Y00020018","YYA1","10306YY000037",2014,6,15,12,25,"金門縣","金湖鎮","下莊里",NA,"士校路","","",NA,"","","光武路","","","",NA,NA,NA,NA,NA,NA,NA,NA,NA,0,1,0,"晴","日間自然光線","村里道路",50,"三岔路","交岔路口內","柏油","濕潤","無缺陷","無障礙物","建築物","無號誌","無號誌","無分向設施","未繪設車道線","未繪設快慢車道分隔線","有","側撞","未依規定讓車","Y000","YY00",1,2,2014-06-15,"士校路","光武路","","118.4295533","24.4493768"
10306,"10306Y00020029","YYA1","10306YY000039",2014,6,17,14,14,"金門縣","金湖鎮","",NA,"瓊徑路","","",NA,"","","","","","小徑183號旁路口",NA,NA,NA,NA,NA,NA,NA,NA,NA,0,2,0,"陰","日間自然光線","村里道路",60,"三岔路","交岔路口內","其他鋪裝","乾燥","無缺陷","無障礙物","良好","無號誌","無號誌","無分向設施","未繪設車道線","未繪設快慢車道分隔線","有","路上翻車、摔倒","未依規定減速","Y000","YY00",1,2,2014-06-17,"瓊徑路","","金門縣金湖鎮小徑183號旁路口","118.3837181","24.4489328"
10306,"10306Y00020041","YYA1","10306YY000040",2014,6,17,16,28,"金門縣","金湖鎮","",NA,"四維路","","",NA,"","","","","","料羅新村候車亭前",NA,NA,NA,NA,NA,NA,NA,NA,NA,0,1,0,"陰","日間自然光線","村里道路",50,"三岔路","交岔口附近","柏油","乾燥","無缺陷","無障礙物","良好","無號誌","無號誌","無標記","未繪設車道線","未繪設快慢車道分隔線","有","穿越道路中","穿越道路未注意左右來車","Y000","YY00",1,2,2014-06-17,"四維路","","金門縣金湖鎮料羅新村候車亭前","118.4499743","24.4314346"
10306,"","YYA1","10306YY000041",2014,6,17,19,10,"金門縣","金湖鎮","山外里",NA,"黃海路","","",NA,"99","","","","","",NA,NA,NA,NA,NA,NA,NA,NA,NA,0,0,0,"晴","夜間（或隧道、地下道、涵洞）有照明","村里道路",50,"直路","路肩、路緣","柏油","乾燥","無缺陷","無障礙物","良好","無號誌","無號誌","無分向設施","未繪設車道線","未繪設快慢車道分隔線","有","倒車撞","倒車未依規定","Y000","YY00",1,4,2014-06-17,"黃海路99號","","金門縣金湖鎮山外里","118.4256931","24.452032"
10306,"10306Y00020042","YYA1","10306YY000047",2014,6,20,7,5,"金門縣","金沙鎮","",NA,"環島北路","四","",NA,"59-1","","","","","",NA,NA,NA,NA,NA,NA,NA,NA,NA,0,1,0,"陰","日間自然光線","村里道路",60,"直路","一般車道（未劃分快慢車道）","柏油","乾燥","無缺陷","無障礙物","良好","無號誌","無號誌","附標記","未繪設車道線","未繪設快慢車道分隔線","有","追撞","未保持行車安全距離","Y000","YY00",1,2,2014-06-20,"環島北路四段59-1號","","金門縣金沙鎮","118.4045085","24.4840105"
10306,"10306Y00030001","YYA1","10306YY000050",2014,6,20,19,27,"金門縣","金湖鎮","",NA,"環島南路","五","",NA,"","","","","","新頭101號",NA,NA,NA,NA,NA,NA,NA,NA,NA,0,0,0,"晴","夜間（或隧道、地下道、涵洞）有照明","村里道路",60,"直路","路肩、路緣","柏油","乾燥","無缺陷","無障礙物","良好","無號誌","無號誌","無分向設施","未繪設車道線","未繪設快慢車道分隔線","有","倒車撞","倒車未依規定","Y000","YY00",1,3,2014-06-20,"環島南路五段","","金門縣金湖鎮新頭101號","118.4239844","24.4324232"
10306,"10306Y00030002","YYA1","10306YY000052",2014,6,22,9,50,"金門縣","金湖鎮","",NA,"","","",NA,"","","","","","金湖分局前停車場",NA,NA,NA,NA,NA,NA,NA,NA,NA,0,0,0,"晴","日間自然光線","其他",40,"其他","其他","柏油","乾燥","無缺陷","無障礙物","良好","無號誌","無號誌","無分向設施","未繪設車道線","未繪設快慢車道分隔線","有","倒車撞","倒車未依規定","Y000","YY00",1,3,2014-06-22,"金門縣金湖鎮金湖分局前停車場","","金門縣金湖鎮金湖分局前停車場","118.4168637","24.4415005"
10306,"10306Y00020043","YYA1","10306YY000054",2014,6,23,18,25,"金門縣","金湖鎮","",NA,"黃海路","","",NA,"6-3","","","","","明昕汽車保養廠前",NA,NA,NA,NA,NA,NA,NA,NA,NA,0,1,0,"晴","日間自然光線","村里道路",40,"三岔路","交岔路口內","柏油","乾燥","無缺陷","無障礙物","彎道","無號誌","無號誌","無分向設施","未繪設車道線","未繪設快慢車道分隔線","有","側撞","未依規定讓車","Y000","YY00",1,2,2014-06-23,"黃海路6-3號","","金門縣金湖鎮明昕汽車保養廠前","118.4256931","24.452032"
10306,"10306Y00020044","YYA1","10306YY000055",2014,6,23,19,23,"金門縣","金湖鎮","",NA,"瓊義路","","",NA,"","","","","","瓊林265號前",NA,NA,NA,NA,NA,NA,NA,NA,NA,0,1,0,"陰","夜間（或隧道、地下道、涵洞）有照明","村里道路",50,"三岔路","交岔口附近","柏油","乾燥","無缺陷","無障礙物","良好","無號誌","無號誌","無標記","未繪設車道線","未繪設快慢車道分隔線","有","側撞","違規超車","Y000","YY00",1,2,2014-06-23,"瓊義路","","金門縣金湖鎮瓊林265號前","118.3750744","24.4504136"
10306,"10306Y00030003","YYA1","10306YY000056",2014,6,24,7,37,"金門縣","金湖鎮","新湖里",NA,"","","",NA,"","","","","","湖前16之2號住家旁巷道",NA,NA,NA,NA,NA,NA,NA,NA,NA,0,0,0,"晴","日間自然光線","村里道路",40,"直路","一般車道（未劃分快慢車道）","柏油","乾燥","無缺陷","其他障礙物","建築物","無號誌","無號誌","無分向設施","未繪設車道線","未繪設快慢車道分隔線","無","對向擦撞","未保持行車安全間隔","Y000","YY00",1,3,2014-06-24,"金門縣金湖鎮新湖里湖前16之2號住家旁巷道","","金門縣金湖鎮新湖里湖前16之2號住家旁巷道","118.417239","24.439798"