"年月","總編號","處理單位","處理編號","年","月","日","時","分","縣市","區","村里","鄰","街道","段","巷","弄","號","公尺處","街道.1","段.1","側","附近","道路","公里","公尺處.1","向","車道","平交道","公里.1","公尺處.2","附近.1","死","受傷","X2.30","天候","光線","道路類別","速限","道路型態","事故位置","路面鋪裝","路面狀態","路面缺陷","障礙物","視距","號誌種類","號誌動作","分向設施","快車道或一般車道間","快慢車道間","路面邊線","事故類型及型態","主要肇因","警局","分局","案件類別","事故類別","日期","道路1","道路2","概略位置","lon","lat"
10306,"10306Y00020045","YYA1","10306YY000060",2014,6,25,15,42,"金門縣","金湖鎮","",NA,"環島南路","三","",NA,"","","中山路","","","機場圓環",NA,NA,NA,NA,NA,NA,NA,NA,NA,0,3,0,"晴","日間自然光線","村里道路",60,"圓環","一般車道（未劃分快慢車道）","柏油","乾燥","無缺陷","無障礙物","良好","閃光號誌","正常","無分向設施","車道線（無標記）","未繪設快慢車道分隔線","有","其他","未保持行車安全距離","Y000","YY00",1,2,2014-06-25,"環島南路三段","中山路","","118.36415","24.43852"
10306,"10306Y00020058","YYA1","10306YY000061",2014,6,25,17,34,"金門縣","金湖鎮","",NA,"環島南路","四","",NA,"","","","","","后園路段",NA,NA,NA,NA,NA,NA,NA,NA,NA,0,1,0,"晴","日間自然光線","村里道路",50,"四岔路","交岔口附近","柏油","乾燥","無缺陷","無障礙物","良好","無號誌","無號誌","無標記","未繪設車道線","快慢車道分隔線","有","衝出路外","未注意車前狀態","Y000","YY00",1,2,2014-06-25,"環島南路四段","","金門縣金湖鎮后園路段","118.40101","24.438041"
10306,"10306Y00020046","YYA1","10306YY000063",2014,6,26,11,55,"金門縣","金湖鎮","",NA,"金港路","","",NA,"","","","","","媽祖公園路段",NA,NA,NA,NA,NA,NA,NA,NA,NA,0,2,0,"晴","日間自然光線","村里道路",50,"四岔路","交岔路口內","柏油","乾燥","無缺陷","無障礙物","良好","無號誌","無號誌","無分向設施","未繪設車道線","未繪設快慢車道分隔線","有","路口交岔撞","未依規定讓車","Y000","YY00",1,2,2014-06-26,"金港路","","金門縣金湖鎮媽祖公園路段","118.4341546","24.4172342"
10306,"10306Y00020060","YYA1","10306YY000068",2014,6,27,19,53,"金門縣","金湖鎮","",NA,"環島東路","五","",NA,"","","","","","溪邊0394號路燈桿",NA,NA,NA,NA,NA,NA,NA,NA,NA,0,1,0,"晴","夜間（或隧道、地下道、涵洞）無照明","村里道路",50,"直路","一般車道（未劃分快慢車道）","柏油","乾燥","無缺陷","無障礙物","良好","無號誌","無號誌","無標記","未繪設車道線","未繪設快慢車道分隔線","有","同向通行中","酒醉（後）駕駛失控","Y000","YY00",1,2,2014-06-27,"環島東路五段","","金門縣金湖鎮溪邊0394號路燈桿","118.446814","24.4338343"
10306,"10306Y00020053","YYA1","10306YY000069",2014,6,28,17,30,"金門縣","金沙鎮","",NA,"成功路","","",NA,"31","","","","","",NA,NA,NA,NA,NA,NA,NA,NA,NA,0,1,0,"晴","日間自然光線","村里道路",40,"直路","一般車道（未劃分快慢車道）","柏油","乾燥","無缺陷","無障礙物","良好","無號誌","無號誌","無標記","未繪設車道線","未繪設快慢車道分隔線","有","穿越道路中","未注意車前狀態","Y000","YY00",1,2,2014-06-28,"成功路31號","","金門縣金沙鎮","118.4114288","24.4898024"
10306,"10306Y00030004","YYA1","10306YY000072",2014,6,30,10,20,"金門縣","金湖鎮","",NA,"","","",NA,"","","","","","塔后地支部補油連駐地前",NA,NA,NA,NA,NA,NA,NA,NA,NA,0,0,0,"晴","日間自然光線","村里道路",40,"三岔路","交岔路口內","柏油","乾燥","無缺陷","無障礙物","建築物","無號誌","無號誌","無分向設施","未繪設車道線","未繪設快慢車道分隔線","有","側撞","未依規定讓車","Y000","YY00",1,3,2014-06-30,"金門縣金湖鎮塔后地支部補油連駐地前","","金門縣金湖鎮塔后地支部補油連駐地前","118.4101054","24.4411037"
10306,"10306Y00020062","YYA1","10306YY000073",2014,6,30,11,50,"金門縣","金湖鎮","",NA,"復興路","","",NA,"","","中正路","","","",NA,NA,NA,NA,NA,NA,NA,NA,NA,0,3,0,"晴","日間自然光線","村里道路",40,"四岔路","交岔路口內","柏油","乾燥","無缺陷","無障礙物","良好","無號誌","無號誌","無分向設施","未繪設車道線","未繪設快慢車道分隔線","有","側撞","未保持行車安全距離","Y000","YY00",1,2,2014-06-30,"復興路","中正路","","118.417044","24.4406698"
10306,"10306Y00020059","YYA1","10306YY000075",2014,6,30,13,28,"金門縣","金湖鎮","",NA,"黃海路","","",NA,"","","中正路","","","",NA,NA,NA,NA,NA,NA,NA,NA,NA,0,1,0,"晴","日間自然光線","村里道路",50,"三岔路","交岔路口內","柏油","乾燥","無缺陷","無障礙物","良好","無號誌","無號誌","無分向設施","未繪設車道線","未繪設快慢車道分隔線","有","側撞","右轉彎未依規定","Y000","YY00",1,2,2014-06-30,"黃海路","中正路","","118.4140014","24.4418872"
10306,"10306Y00020056","YYA1","10306YY000076",2014,6,30,16,45,"金門縣","金湖鎮","",NA,"環島南路","四","",NA,"","","","","","夏興73號廟口民宿前",NA,NA,NA,NA,NA,NA,NA,NA,NA,0,1,0,"晴","日間自然光線","村里道路",50,"彎曲路及附近","一般車道（未劃分快慢車道）","柏油","乾燥","無缺陷","無障礙物","良好","無號誌","無號誌","附標記","未繪設車道線","快慢車道分隔線","有","側撞","迴轉未依規定","Y000","YY00",1,2,2014-06-30,"環島南路四段","","金門縣金湖鎮夏興73號廟口民宿前","118.40101","24.438041"
10306,"10306Y00020066","YYA1","10306YY000077",2014,6,30,17,42,"金門縣","金湖鎮","",NA,"太湖路","一","",NA,"","","","","","新市圓環",NA,NA,NA,NA,NA,NA,NA,NA,NA,0,1,0,"晴","日間自然光線","村里道路",50,"圓環","一般車道（未劃分快慢車道）","柏油","乾燥","無缺陷","無障礙物","良好","行車管制號誌","正常","無分向設施","車道線（無標記）","未繪設快慢車道分隔線","有","路上翻車、摔倒","酒醉（後）駕駛失控","Y000","YY00",1,2,2014-06-30,"太湖路一段","","金門縣金湖鎮新市圓環","118.4047483","24.4473343"
10306,"10306Y00020001","YZA1","10306YZ000001",2014,6,1,10,28,"金門縣","金城鎮","西門里",NA,"光前路","","",NA,"95","","","","","03385燈桿",NA,NA,NA,NA,NA,NA,NA,NA,NA,0,2,0,"晴","日間自然光線","鄉道",40,"直路","一般車道（未劃分快慢車道）","柏油","乾燥","無缺陷","其他障礙物","路上停放車輛","無號誌","無號誌","無標記","未繪設車道線","未繪設快慢車道分隔線","有","其他","起步未注意其他車（人）安全","Y000","YZ00",1,2,2014-06-01,"光前路95號","","金門縣金城鎮西門里03385燈桿","118.3142468","24.4339885"
10306,"10306Y00020019","YZA1","10306YZ000002",2014,6,1,14,24,"金門縣","金寧鄉","盤山村",NA,"林堡路","","",NA,"","","","","","頂堡621號",NA,NA,NA,NA,NA,NA,NA,NA,NA,0,1,0,"晴","日間自然光線","村里道路",40,"多岔路","交岔路口內","柏油","乾燥","無缺陷","其他障礙物","建築物","無號誌","無號誌","無分向設施","未繪設車道線","未繪設快慢車道分隔線","有","路口交岔撞","未依規定讓車","Y000","YZ00",1,2,2014-06-01,"林堡路","","金門縣金寧鄉盤山村頂堡621號","118.3345146","24.4434579"
10306,"10306Y00020020","YZA1","10306YZ000004",2014,6,2,11,40,"金門縣","金城鎮","",NA,"民生路","","54",NA,"","","","","","附近",NA,NA,NA,NA,NA,NA,NA,NA,NA,0,1,0,"晴","日間自然光線","村里道路",40,"三岔路","交岔口附近","柏油","乾燥","無缺陷","無障礙物","良好","無號誌","無號誌","無標記","未繪設車道線","快慢車道分隔線","有","其他","起步未注意其他車（人）安全","Y000","YZ00",1,2,2014-06-02,"民生路54巷","","金門縣金城鎮附近","118.3196657","24.436923"
10306,"10306Y00020002","YZA1","10306YZ000005",2014,6,3,13,56,"金門縣","金城鎮","",NA,"民生路","","",NA,"34","","","","","路口",NA,NA,NA,NA,NA,NA,NA,NA,NA,0,2,0,"雨","日間自然光線","縣道",50,"三岔路","交岔口附近","柏油","濕潤","無缺陷","無障礙物","良好","無號誌","無號誌","無標記","未繪設車道線","快慢車道分隔線","有","其他","起步未注意其他車（人）安全","Y000","YZ00",1,2,2014-06-03,"民生路34號","","金門縣金城鎮路口","118.3190184","24.43575"
10306,"10306Y00020003","YZA1","10306YZ000006",2014,6,4,7,56,"金門縣","金城鎮","",NA,"","","",NA,"","","","","","富康一村9巷18號旁路口",NA,NA,NA,NA,NA,NA,NA,NA,NA,0,1,0,"晴","日間自然光線","村里道路",40,"四岔路","交岔路口內","其他鋪裝","乾燥","無缺陷","無障礙物","良好","無號誌","無號誌","無分向設施","未繪設車道線","未繪設快慢車道分隔線","有","側撞","未依規定讓車","Y000","YZ00",1,2,2014-06-04,"金門縣金城鎮富康一村9巷18號旁路口","","金門縣金城鎮富康一村9巷18號旁路口","118.320257","24.437578"
10306,"10306Y00020005","YZA1","10306YZ000007",2014,6,4,18,15,"金門縣","金城鎮","",NA,"延平路","","",NA,"","","","","","03921號燈桿前路口",NA,NA,NA,NA,NA,NA,NA,NA,NA,0,2,0,"晴","日間自然光線","村里道路",50,"四岔路","交岔路口內","柏油","乾燥","無缺陷","無障礙物","良好","無號誌","無號誌","無分向設施","未繪設車道線","未繪設快慢車道分隔線","有","路口交岔撞","未依規定減速","Y000","YZ00",1,2,2014-06-04,"延平路","","金門縣金城鎮03921號燈桿前路口","118.304405","24.424809"
10306,"10306Y00020006","YZA1","10306YZ000008",2014,6,5,12,36,"金門縣","金城鎮","",NA,"民權路","","",NA,"98","","","","","",NA,NA,NA,NA,NA,NA,NA,NA,NA,0,3,0,"晴","日間自然光線","村里道路",50,"直路","一般車道（未劃分快慢車道）","柏油","乾燥","無缺陷","無障礙物","良好","無號誌","無號誌","無標記","未繪設車道線","快慢車道分隔線","有","側撞","左轉彎未依規定","Y000","YZ00",1,2,2014-06-05,"民權路98號","","金門縣金城鎮","118.3161157","24.4347418"
10306,"10306Y00020007","YZA1","10306YZ000009",2014,6,5,13,18,"金門縣","金城鎮","",NA,"民族路","","",NA,"31","","","","","旁路口",NA,NA,NA,NA,NA,NA,NA,NA,NA,0,1,0,"晴","日間自然光線","村里道路",40,"四岔路","交岔路口內","柏油","乾燥","無缺陷","無障礙物","良好","無號誌","無號誌","無分向設施","未繪設車道線","未繪設快慢車道分隔線","有","側撞","未依規定讓車","Y000","YZ00",1,2,2014-06-05,"民族路31號","","金門縣金城鎮旁路口","118.3157499","24.4302723"
10306,"","YZA1","10306YZ000010",2014,6,5,11,40,"金門縣","金寧鄉","",NA,"","","",NA,"昔果山58","","","","","",NA,NA,NA,NA,NA,NA,NA,NA,NA,0,0,0,"晴","日間自然光線","村里道路",40,"直路","一般車道（未劃分快慢車道）","柏油","乾燥","無缺陷","無障礙物","良好","無號誌","無號誌","無分向設施","未繪設車道線","未繪設快慢車道分隔線","有","倒車撞","倒車未依規定","Y000","YZ00",1,4,2014-06-05,"金門縣金寧鄉昔果山58號","","金門縣金寧鄉","118.350538","24.429045"
10306,"10306Y00020004","YZA1","10306YZ000011",2014,6,4,10,30,"金門縣","金城鎮","",NA,"民生路","","27",NA,"5","","","","","",NA,NA,NA,NA,NA,NA,NA,NA,NA,0,1,0,"晴","日間自然光線","鄉道",50,"三岔路","交岔口附近","柏油","乾燥","無缺陷","無障礙物","良好","無號誌","無號誌","無標記","未繪設車道線","快慢車道分隔線","有","其他","開啟車門不當而肇事","Y000","YZ00",1,2,2014-06-04,"民生路27巷5號","","金門縣金城鎮","118.3190184","24.43575"
10306,"10306Y00030005","YZA1","10306YZ000012",2014,6,6,10,35,"金門縣","金城鎮","南門里",NA,"民族路","","",NA,"","","","","","體育館停車場出口",NA,NA,NA,NA,NA,NA,NA,NA,NA,0,0,0,"晴","日間自然光線","村里道路",40,"三岔路","交岔口附近","柏油","乾燥","無缺陷","無障礙物","良好","無號誌","無號誌","無分向設施","未繪設車道線","未繪設快慢車道分隔線","有","追撞","未保持行車安全距離","Y000","YZ00",1,3,2014-06-06,"民族路","","金門縣金城鎮南門里體育館停車場出口","118.3157499","24.4302723"
10306,"10306Y00020021","YZA1","10306YZ000017",2014,6,7,10,55,"金門縣","金寧鄉","",NA,"","","",NA,"","","","","","仁愛新村33號前路段",NA,NA,NA,NA,NA,NA,NA,NA,NA,0,1,0,"雨","日間自然光線","鄉道",40,"四岔路","交岔路口內","水泥","濕潤","無缺陷","無障礙物","良好","無號誌","無號誌","無分向設施","未繪設車道線","未繪設快慢車道分隔線","無","路口交岔撞","未依規定讓車","Y000","YZ00",1,2,2014-06-07,"金門縣金寧鄉仁愛新村33號前路段","","金門縣金寧鄉仁愛新村33號前路段","118.3346958","24.4507473"
10306,"10306Y00020061","YZA1","10306YZ000018",2014,6,5,21,3,"金門縣","金寧鄉","盤山村",NA,"大學路","","",NA,"","","","","","07712號路燈桿旁路段",NA,NA,NA,NA,NA,NA,NA,NA,NA,0,1,0,"陰","夜間（或隧道、地下道、涵洞）有照明","村里道路",40,"彎曲路及附近","一般車道（未劃分快慢車道）","柏油","濕潤","無缺陷","無障礙物","彎道","無號誌","無號誌","附標記","未繪設車道線","未繪設快慢車道分隔線","有","衝出路外","酒醉（後）駕駛失控","Y000","YZ00",1,2,2014-06-05,"大學路","","金門縣金寧鄉盤山村07712號路燈桿旁路段","118.325279","24.4466751"
10306,"10306Y00020008","YZA1","10306YZ000022",2014,6,10,9,32,"金門縣","金城鎮","",NA,"西海路","三","",NA,"","","北堤路","","","",NA,NA,NA,NA,NA,NA,NA,NA,NA,0,1,0,"晴","日間自然光線","村里道路",40,"四岔路","交岔路口內","柏油","乾燥","無缺陷","無障礙物","良好","行車管制號誌","正常","無分向設施","未繪設車道線","未繪設快慢車道分隔線","有","同向擦撞","違規超車","Y000","YZ00",1,2,2014-06-10,"西海路三段","北堤路","","118.3155284","24.42927395"
10306,"10306Y00020035","YZA1","10306YZ000024",2014,6,10,14,43,"金門縣","金寧鄉","",NA,"伯玉路","一","",NA,"","","","","","龍門大鎮路口",NA,NA,NA,NA,NA,NA,NA,NA,NA,0,2,0,"晴","日間自然光線","村里道路",60,"四岔路","交岔路口內","柏油","乾燥","無缺陷","無障礙物","良好","無號誌","無號誌","無分向設施","未繪設車道線","未繪設快慢車道分隔線","無","路口交岔撞","酒醉（後）駕駛失控","Y000","YZ00",1,2,2014-06-10,"伯玉路一段","","金門縣金寧鄉龍門大鎮路口","118.3267756","24.4346914"
10306,"10306Y00020022","YZA1","10306YZ000025",2014,6,10,15,25,"金門縣","金城鎮","金水里",NA,"西海路","二","",NA,"","","珠水路","","","",NA,NA,NA,NA,NA,NA,NA,NA,NA,0,1,0,"晴","日間自然光線","鄉道",50,"四岔路","交岔路口內","柏油","乾燥","無缺陷","無障礙物","良好","閃光號誌","正常","無分向設施","未繪設車道線","未繪設快慢車道分隔線","有","其他","裝載未盡安全措施","Y000","YZ00",1,2,2014-06-10,"西海路二段","珠水路","","118.2998287","24.41079517"
10306,"","YZA1","10306YZ000026",2014,6,10,18,20,"金門縣","金城鎮","",NA,"民生路","","",NA,"50","","","","","",NA,NA,NA,NA,NA,NA,NA,NA,NA,0,0,0,"晴",NA,NA,50,NA,NA,NA,NA,NA,NA,NA,NA,NA,NA,NA,NA,NA,NA,NA,"Y000","YZ00",1,4,2014-06-10,"民生路50號","","金門縣金城鎮","118.3190184","24.43575"
10306,"10306Y00020023","YZA1","10306YZ000027",2014,6,10,15,33,"金門縣","金城鎮","",NA,"","","",NA,"","","","","","金城新莊7巷11號前十字路口",NA,NA,NA,NA,NA,NA,NA,NA,NA,0,1,0,"晴","日間自然光線","村里道路",40,"四岔路","交岔路口內","其他鋪裝","乾燥","無缺陷","無障礙物","良好","無號誌","無號誌","無分向設施","未繪設車道線","未繪設快慢車道分隔線","無","路口交岔撞","未依規定讓車","Y000","YZ00",1,2,2014-06-10,"金門縣金城鎮金城新莊7巷11號前十字路口","","金門縣金城鎮金城新莊7巷11號前十字路口","118.319856","24.437936"
10306,"10306Y00020024","YZA1","10306YZ000028",2014,6,11,9,14,"金門縣","金城鎮","",NA,"民生路","","",NA,"2","","","","","",NA,NA,NA,NA,NA,NA,NA,NA,NA,0,1,0,"晴","日間自然光線","村里道路",50,"四岔路","交岔路口內","柏油","乾燥","無缺陷","無障礙物","良好","無號誌","無號誌","無分向設施","未繪設車道線","未繪設快慢車道分隔線","有","側撞","未依規定讓車","Y000","YZ00",1,2,2014-06-11,"民生路2號","","金門縣金城鎮","118.3190184","24.43575"
10306,"10306Y00020026","YZA1","10306YZ000029",2014,6,12,14,9,"金門縣","金城鎮","",NA,"珠浦南路","","44",NA,"2","","","","","巷弄",NA,NA,NA,NA,NA,NA,NA,NA,NA,0,2,0,"晴","日間自然光線","村里道路",40,"四岔路","交岔路口內","其他鋪裝","乾燥","無缺陷","其他障礙物","建築物","無號誌","無號誌","無分向設施","未繪設車道線","未繪設快慢車道分隔線","無","路口交岔撞","未依規定讓車","Y000","YZ00",1,2,2014-06-12,"珠浦南路44巷2號","","金門縣金城鎮巷弄","118.3153418","24.4319762"
10306,"","YZA1","10306YZ000030",2014,6,12,19,35,"金門縣","金城鎮","",NA,"伯玉路","一","",NA,"","","","","","東門圓環",NA,NA,NA,NA,NA,NA,NA,NA,NA,0,0,0,"晴",NA,NA,40,NA,NA,NA,NA,NA,NA,NA,NA,NA,NA,NA,NA,NA,NA,NA,"Y000","YZ00",1,4,2014-06-12,"伯玉路一段","","金門縣金城鎮東門圓環","118.3267756","24.4346914"
10306,"10306Y00020027","YZA1","10306YZ000031",2014,6,12,17,43,"金門縣","金城鎮","",NA,"伯玉路","一","",NA,"","","","","","東門圓環",NA,NA,NA,NA,NA,NA,NA,NA,NA,0,1,0,"晴","日間自然光線","村里道路",40,"圓環","一般車道（未劃分快慢車道）","柏油","乾燥","無缺陷","無障礙物","良好","無號誌","無號誌","無分向設施","車道線（無標記）","未繪設快慢車道分隔線","有","其他","未依規定讓車","Y000","YZ00",1,2,2014-06-12,"伯玉路一段","","金門縣金城鎮東門圓環","118.3267756","24.4346914"
10306,"10306Y00020028","YZA1","10306YZ000035",2014,6,14,11,6,"金門縣","金城鎮","",NA,"民生路","","",NA,"","","中興路","","","",NA,NA,NA,NA,NA,NA,NA,NA,NA,0,1,0,"晴","日間自然光線","鄉道",50,"四岔路","交岔路口內","柏油","乾燥","無缺陷","無障礙物","良好","無號誌","無號誌","無分向設施","未繪設車道線","快慢車道分隔線","有","側撞","右轉彎未依規定","Y000","YZ00",1,2,2014-06-14,"民生路","中興路","","118.319696","24.43433386"
10306,"10306Y00020025","YZA1","10306YZ000036",2014,6,12,9,7,"金門縣","金寧鄉","",NA,"","","",NA,"","","","","","金門大學校區內711超商前路口",NA,NA,NA,NA,NA,NA,NA,NA,NA,0,1,0,"晴","日間自然光線","其他",40,"四岔路","交岔口附近","水泥","乾燥","無缺陷","無障礙物","良好","無號誌","無號誌","無標記","未繪設車道線","未繪設快慢車道分隔線","有","其他","起步未注意其他車（人）安全","Y000","YZ00",1,2,2014-06-12,"金門縣金寧鄉金門大學校區內711超商前路口","","金門縣金寧鄉金門大學校區內711超商前路口","118.322848","24.447907"
10306,"10306Y00020065","YZA1","10306YZ000038",2014,6,17,13,20,"金門縣","金城鎮","",NA,"民權路","","",NA,"","","光前路","","","",NA,NA,NA,NA,NA,NA,NA,NA,NA,0,1,0,"晴","日間自然光線","鄉道",50,"四岔路","交岔口附近","柏油","油滑","無缺陷","無障礙物","良好","行車管制號誌","正常","無標記","未繪設車道線","未繪設快慢車道分隔線","有","路上翻車、摔倒","未注意車前狀態","Y000","YZ00",1,2,2014-06-17,"民權路","光前路","","118.3154588","24.43343543"
10306,"10306Y00020030","YZA1","10306YZ000042",2014,6,17,20,40,"金門縣","金城鎮","",NA,"民權路","","",NA,"","","環島北路","一","","",NA,NA,NA,NA,NA,NA,NA,NA,NA,0,1,0,"晴","夜間（或隧道、地下道、涵洞）有照明","村里道路",40,"三岔路","交岔路口內","柏油","乾燥","無缺陷","無障礙物","良好","行車管制號誌","正常","無分向設施","未繪設車道線","未繪設快慢車道分隔線","有","側撞","未依規定讓車","Y000","YZ00",1,2,2014-06-17,"民權路","環島北路一段","","118.321074","24.439927"
10306,"10306Y00020031","YZA1","10306YZ000043",2014,6,18,6,51,"金門縣","金城鎮","",NA,"民生路","","",NA,"6","","","","","農會土地銀行前",NA,NA,NA,NA,NA,NA,NA,NA,NA,0,1,0,"晴","日間自然光線","縣道",50,"三岔路","路肩、路緣","柏油","濕潤","無缺陷","無障礙物","良好","無號誌","無號誌","無標記","車道線（無標記）","未繪設快慢車道分隔線","有","其他","未注意車前狀態","Y000","YZ00",1,2,2014-06-18,"民生路6號","","金門縣金城鎮農會土地銀行前","118.3190184","24.43575"
10306,"10306Y00020036","YZA1","10306YZ000044",2014,6,10,15,3,"金門縣","金寧鄉","",NA,"伯玉路","三","",NA,"","","","","","1072號燈桿前路段",NA,NA,NA,NA,NA,NA,NA,NA,NA,0,1,0,"晴","日間自然光線","村里道路",70,"直路","一般車道（未劃分快慢車道）","無鋪裝","乾燥","突出（高低）不平","其他障礙物","良好","無號誌","無號誌","無分向設施","未繪設車道線","未繪設快慢車道分隔線","有","路上翻車、摔倒","未注意車前狀態","Y000","YZ00",1,2,2014-06-10,"伯玉路三段","","金門縣金寧鄉1072號燈桿前路段","118.3646755","24.4460136"
10306,"10306Y00020032","YZA1","10306YZ000045",2014,6,18,16,30,"金門縣","金城鎮","",NA,"民權路","","",NA,"","","","","","摩斯漢堡對面靠近金城新莊03103路燈桿前",NA,NA,NA,NA,NA,NA,NA,NA,NA,0,2,0,"晴","日間自然光線","縣道",50,"直路","一般車道（未劃分快慢車道）","柏油","乾燥","無缺陷","無障礙物","良好","無號誌","無號誌","無標記","未繪設車道線","未繪設快慢車道分隔線","有","追撞","未保持行車安全距離","Y000","YZ00",1,2,2014-06-18,"民權路","","金門縣金城鎮摩斯漢堡對面靠近金城新莊03103路燈桿前","118.3168946","24.4355379"
10306,"10306Y00020033","YZA1","10306YZ000046",2014,6,20,2,42,"金門縣","金城鎮","",NA,"民生路","","",NA,"60","","","","","",NA,NA,NA,NA,NA,NA,NA,NA,NA,0,1,0,"晴","夜間（或隧道、地下道、涵洞）有照明","村里道路",50,"直路","路肩、路緣","柏油","乾燥","無缺陷","無障礙物","良好","無號誌","無號誌","無標記","未繪設車道線","快慢車道分隔線","有","衝出路外","酒醉（後）駕駛失控","Y000","YZ00",1,2,2014-06-20,"民生路60號","","金門縣金城鎮","118.3190184","24.43575"
10306,"10306Y00020037","YZA1","10306YZ000048",2014,6,20,8,17,"金門縣","金寧鄉","",NA,"伯玉路","一","",NA,"","","","","","產業道路",NA,NA,NA,NA,NA,NA,NA,NA,NA,0,1,0,"晴","日間自然光線","村里道路",40,"四岔路","交岔路口內","水泥","乾燥","無缺陷","無障礙物","良好","無號誌","無號誌","無分向設施","未繪設車道線","未繪設快慢車道分隔線","無","路口交岔撞","未依規定讓車","Y000","YZ00",1,2,2014-06-20,"伯玉路一段","","金門縣金寧鄉產業道路","118.3267756","24.4346914"
10306,"10306Y00020034","YZA1","10306YZ000049",2014,6,20,16,21,"金門縣","金城鎮","",NA,"民權路","","",NA,"","","莒光路","","","",NA,NA,NA,NA,NA,NA,NA,NA,NA,0,2,0,"晴","日間自然光線","鄉道",50,"三岔路","交岔路口內","柏油","乾燥","無缺陷","無障礙物","良好","無號誌","無號誌","無分向設施","未繪設車道線","未繪設快慢車道分隔線","無","側撞","未依規定讓車","Y000","YZ00",1,2,2014-06-20,"民權路","莒光路","","118.3156202","24.43419458"
10306,"10306Y00020038","YZA1","10306YZ000051",2014,6,21,12,47,"金門縣","金城鎮","",NA,"中興路","","",NA,"","","","","","寶貝園地旁邊",NA,NA,NA,NA,NA,NA,NA,NA,NA,0,1,0,"晴","日間自然光線","鄉道",40,"三岔路","交岔路口內","柏油","乾燥","無缺陷","無障礙物","良好","無號誌","無號誌","無分向設施","未繪設車道線","未繪設快慢車道分隔線","無","側撞","左轉彎未依規定","Y000","YZ00",1,2,2014-06-21,"中興路","","金門縣金城鎮寶貝園地旁邊","118.3187271","24.4338194"
10306,"10306Y00020047","YZA1","10306YZ000053",2014,6,23,14,55,"金門縣","金城鎮","",NA,"民權路","","226",4,"","","","","","",NA,NA,NA,NA,NA,NA,NA,NA,NA,0,2,0,"晴","日間自然光線","村里道路",50,"三岔路","交岔路口內","柏油","乾燥","無缺陷","無障礙物","良好","無號誌","無號誌","無分向設施","未繪設車道線","未繪設快慢車道分隔線","有","其他","未依規定讓車","Y000","YZ00",1,2,2014-06-23,"民權路226巷4弄","","金門縣金城鎮","118.3193849","24.4396401"
10306,"10306Y00020039","YZA1","10306YZ000057",2014,6,24,12,25,"金門縣","金寧鄉","",NA,"環島北路","二","",NA,"","","","","","0054號燈桿前路段",NA,NA,NA,NA,NA,NA,NA,NA,NA,0,1,0,"陰","日間自然光線","村里道路",60,"直路","一般車道（未劃分快慢車道）","柏油","濕潤","突出（高低）不平","其他障礙物","良好","無號誌","無號誌","無標記","未繪設車道線","未繪設快慢車道分隔線","無","路上翻車、摔倒","未注意車前狀態","Y000","YZ00",1,2,2014-06-24,"環島北路二段","","金門縣金寧鄉0054號燈桿前路段","118.3537405","24.452631"
10306,"10306Y00020040","YZA1","10306YZ000058",2014,6,24,13,15,"金門縣","金寧鄉","",NA,"環島北路","二","",NA,"","","","","","0053號路燈桿前路段",NA,NA,NA,NA,NA,NA,NA,NA,NA,0,1,0,"陰","日間自然光線","村里道路",60,"直路","一般車道（未劃分快慢車道）","柏油","乾燥","有坑洞","道路工事（程）中","良好","無號誌","無號誌","無標記","未繪設車道線","未繪設快慢車道分隔線","有","路上翻車、摔倒","未注意車前狀態","Y000","YZ00",1,2,2014-06-24,"環島北路二段","","金門縣金寧鄉0053號路燈桿前路段","118.3537405","24.452631"
10306,"10306Y00020048","YZA1","10306YZ000059",2014,6,24,15,50,"金門縣","金寧鄉","",NA,"瓊安路","","",NA,"","","","","","07429號燈桿前路段",NA,NA,NA,NA,NA,NA,NA,NA,NA,0,1,0,"晴","日間自然光線","縣道",60,"直路","一般車道（未劃分快慢車道）","柏油","乾燥","無缺陷","無障礙物","良好","無號誌","無號誌","無標記","未繪設車道線","未繪設快慢車道分隔線","有","路上翻車、摔倒","未注意車前狀態","Y000","YZ00",1,2,2014-06-24,"瓊安路","","金門縣金寧鄉07429號燈桿前路段","118.343873","24.4603508"
10306,"10306Y00020063","YZA1","10306YZ000062",2014,6,25,19,58,"金門縣","金城鎮","",NA,"民權路","","",NA,"","","光前路","","","西南門里公所前人行穿越道",NA,NA,NA,NA,NA,NA,NA,NA,NA,0,1,0,"晴","夜間（或隧道、地下道、涵洞）有照明","村里道路",40,"四岔路","行人穿越道","柏油","乾燥","無缺陷","無障礙物","良好","行車管制號誌（附設行人專用號誌）","正常","無標記","禁止雙換車道線（無標記）","未繪設快慢車道分隔線","有","穿越道路中","搶越行人穿越道","Y000","YZ00",1,2,2014-06-25,"民權路","光前路","","118.3154588","24.43343543"
10306,"10306Y00020049","YZA1","10306YZ000064",2014,6,26,4,57,"金門縣","金寧鄉","",NA,"","","",NA,"","","","","","湖下151號旁路口",NA,NA,NA,NA,NA,NA,NA,NA,NA,0,1,0,"陰","晨或暮光","村里道路",40,"四岔路","交岔路口內","水泥","濕潤","無缺陷","無障礙物","良好","無號誌","無號誌","無分向設施","未繪設車道線","未繪設快慢車道分隔線","有","倒車撞","倒車未依規定","Y000","YZ00",1,2,2014-06-26,"金門縣金寧鄉湖下151號旁路口","","金門縣金寧鄉湖下151號旁路口","118.3054517","24.4580428"