"年月","總編號","處理單位","處理編號","年","月","日","時","分","縣市","區","村里","鄰","街道","段","巷","弄","號","公尺處","街道.1","段.1","側","附近","道路","公里","公尺處.1","向","車道","平交道","公里.1","公尺處.2","附近.1","死","受傷","X2.30","天候","光線","道路類別","速限","道路型態","事故位置","路面鋪裝","路面狀態","路面缺陷","障礙物","視距","號誌種類","號誌動作","分向設施","快車道或一般車道間","快慢車道間","路面邊線","事故類型及型態","主要肇因","警局","分局","案件類別","事故類別","日期","道路1","道路2","概略位置","lon","lat"
10306,"10306Y00020050","YZA1","10306YZ000065",2014,6,26,16,15,"金門縣","金寧鄉","",NA,"林湖路","","",NA,"315","","","","","",NA,NA,NA,NA,NA,NA,NA,NA,NA,0,1,0,"晴","日間自然光線","村里道路",50,"直路","一般車道（未劃分快慢車道）","柏油","乾燥","無缺陷","無障礙物","良好","無號誌","無號誌","無標記","未繪設車道線","未繪設快慢車道分隔線","有","側撞","起步未注意其他車（人）安全","Y000","YZ00",1,2,2014-06-26,"林湖路315號","","金門縣金寧鄉","118.330303","24.4320985"
10306,"10306Y00020051","YZA1","10306YZ000066",2014,6,26,17,57,"金門縣","金寧鄉","",NA,"環島北路","二","",NA,"","","","","","雄濱汽修廠路段",NA,NA,NA,NA,NA,NA,NA,NA,NA,0,2,0,"晴","日間自然光線","村里道路",60,"三岔路","交岔路口內","柏油","乾燥","無缺陷","無障礙物","良好","無號誌","無號誌","無分向設施","未繪設車道線","未繪設快慢車道分隔線","有","側撞","未依規定讓車","Y000","YZ00",1,2,2014-06-26,"環島北路二段","","金門縣金寧鄉雄濱汽修廠路段","118.3537405","24.452631"
10306,"10306Y00020052","YZA1","10306YZ000067",2014,6,27,15,30,"金門縣","烈嶼鄉","西口村",NA,"九井路","","",NA,"","","","","","金陵山莊前路口",NA,NA,NA,NA,NA,NA,NA,NA,NA,0,2,0,"晴","日間自然光線","村里道路",60,"三岔路","交岔路口內","柏油","乾燥","無缺陷","無障礙物","彎道","無號誌","無號誌","無分向設施","未繪設車道線","未繪設快慢車道分隔線","有","側撞","未依規定讓車","Y000","YZ00",1,2,2014-06-27,"九井路","","金門縣烈嶼鄉西口村金陵山莊前路口","118.2439073","24.4317335"
10306,"10306Y00020064","YZA1","10306YZ000070",2014,6,28,20,25,"金門縣","金城鎮","",NA,"民權路","","",NA,"","","珠浦北路","","","",NA,NA,NA,NA,NA,NA,NA,NA,NA,0,1,0,"晴","日間自然光線","村里道路",40,"四岔路","交岔路口內","柏油","乾燥","無缺陷","無障礙物","良好","行車管制號誌","正常","無分向設施","未繪設車道線","未繪設快慢車道分隔線","有","側撞","未依規定讓車","Y000","YZ00",1,2,2014-06-28,"民權路","珠浦北路","","118.3161299","24.43473165"
10306,"10306Y00020054","YZA1","10306YZ000071",2014,6,29,11,8,"金門縣","金寧鄉","",NA,"環島西路","二","",NA,"","","","","","頂埔下路口",NA,NA,NA,NA,NA,NA,NA,NA,NA,0,2,0,"雨","日間自然光線","村里道路",50,"四岔路","交岔口附近","柏油","濕潤","無缺陷","無障礙物","良好","無號誌","無號誌","無標記","未繪設車道線","未繪設快慢車道分隔線","有","同向通行中","未注意車前狀態","Y000","YZ00",1,2,2014-06-29,"環島西路二段","","金門縣金寧鄉頂埔下路口","118.3148723","24.4566699"
10306,"10306Y00020055","YZA1","10306YZ000074",2014,6,30,12,25,"金門縣","金城鎮","",NA,"環島北路","一","",NA,"","","","","","文化局前路段",NA,NA,NA,NA,NA,NA,NA,NA,NA,0,1,0,"晴","日間自然光線","村里道路",40,"直路","一般車道（未劃分快慢車道）","柏油","乾燥","無缺陷","無障礙物","良好","無號誌","無號誌","附標記","未繪設車道線","未繪設快慢車道分隔線","無","其他","迴轉未依規定","Y000","YZ00",1,2,2014-06-30,"環島北路一段","","金門縣金城鎮文化局前路段","118.3283226","24.4462231"
10306,"10306Y00020057","YZA1","10306YZ000078",2014,6,30,19,6,"金門縣","金城鎮","",NA,"民生路","","",NA,"13","","","","","蔡建鑫診所前",NA,NA,NA,NA,NA,NA,NA,NA,NA,0,1,0,"晴","夜間（或隧道、地下道、涵洞）有照明","村里道路",40,"三岔路","交岔路口內","柏油","乾燥","無缺陷","無障礙物","良好","無號誌","無號誌","無分向設施","未繪設車道線","未繪設快慢車道分隔線","有","側撞","違規超車","Y000","YZ00",1,2,2014-06-30,"民生路13號","","金門縣金城鎮蔡建鑫診所前","118.3190184","24.43575"
10307,"10307Y00020002","YYA1","10307YY000001",2014,7,1,2,25,"金門縣","金湖鎮","新市里",NA,"復興路","","",NA,"","","中正路","","","",NA,NA,NA,NA,NA,NA,NA,NA,NA,0,2,0,"晴","夜間（或隧道、地下道、涵洞）有照明","村里道路",50,"四岔路","交岔路口內","柏油","乾燥","無缺陷","無障礙物","良好","無號誌","無號誌","無分向設施","未繪設車道線","未繪設快慢車道分隔線","有","路口交岔撞","未依規定讓車","Y000","YY00",1,2,2014-07-01,"復興路","中正路","","118.417044","24.4406698"
10307,"10307Y00020003","YYA1","10307YY000002",2014,7,1,7,33,"金門縣","金湖鎮","瓊林里",NA,"環島北路","三","",NA,"","","","","","瓊林圓環內",NA,NA,NA,NA,NA,NA,NA,NA,NA,0,1,0,"晴","日間自然光線","村里道路",50,"圓環","一般車道（未劃分快慢車道）","柏油","乾燥","無缺陷","無障礙物","良好","閃光號誌","無動作","無分向設施","車道線（無標記）","未繪設快慢車道分隔線","有","其他","未依規定讓車","Y000","YY00",1,2,2014-07-01,"環島北路三段","","金門縣金湖鎮瓊林里瓊林圓環內","118.388325","24.466263"
10307,"10307Y00030001","YYA1","10307YY000004",2014,7,3,16,40,"金門縣","金湖鎮","",NA,"","","",NA,"","","","","","尚義機場航廈前路段",NA,NA,NA,NA,NA,NA,NA,NA,NA,0,0,0,"晴","日間自然光線","村里道路",50,"直路","一般車道（未劃分快慢車道）","柏油","乾燥","無缺陷","無障礙物","良好","無號誌","無號誌","無分向設施","車道線（無標記）","未繪設快慢車道分隔線","有","倒車撞","倒車未依規定","Y000","YY00",1,3,2014-07-03,"金門縣金湖鎮尚義機場航廈前路段","","金門縣金湖鎮尚義機場航廈前路段","118.376631","24.437699"
10307,"10307Y00020004","YYA1","10307YY000007",2014,7,5,8,45,"金門縣","金湖鎮","新市里里",NA,"","","",NA,"","","","","","金湖聯倉庫旁重劃區道路路口",NA,NA,NA,NA,NA,NA,NA,NA,NA,0,1,0,"晴","日間自然光線","村里道路",50,"三岔路","交岔路口內","柏油","乾燥","無缺陷","無障礙物","良好","無號誌","無號誌","無分向設施","未繪設車道線","未繪設快慢車道分隔線","有","側撞","違規超車","Y000","YY00",1,2,2014-07-05,"金門縣金湖鎮新市里里金湖聯倉庫旁重劃區道路路口","","金門縣金湖鎮新市里里金湖聯倉庫旁重劃區道路路口","118.4161669","24.4419294"
10307,"10307Y00020062","YYA1","10307YY000009",2014,7,6,0,24,"金門縣","金湖鎮","",NA,"伯玉路","四","",NA,"","","","","","1143柱路燈",NA,NA,NA,NA,NA,NA,NA,NA,NA,0,1,0,"陰","夜間（或隧道、地下道、涵洞）有照明","村里道路",70,"直路","一般車道（未劃分快慢車道）","柏油","乾燥","無缺陷","無障礙物","良好","無號誌","無號誌","無標記","未繪設車道線","未繪設快慢車道分隔線","無","路上翻車、摔倒","酒醉（後）駕駛失控","Y000","YY00",1,2,2014-07-06,"伯玉路四段","","金門縣金湖鎮1143柱路燈","118.3798588","24.4470039"
10307,"10307Y00020001","YYA1","10307YY000010",2014,7,6,0,22,"金門縣","金湖鎮","",NA,"環島南路","三","",NA,"","","","","","往成功上坡處象德宮旁",NA,NA,NA,NA,NA,NA,NA,NA,NA,0,1,0,"晴","夜間（或隧道、地下道、涵洞）有照明","村里道路",50,"坡路","一般車道（未劃分快慢車道）","柏油","乾燥","無缺陷","無障礙物","坡道","無號誌","無號誌","附標記","未繪設車道線","未繪設快慢車道分隔線","有","撞護欄（樁）","酒醉（後）駕駛失控","Y000","YY00",1,2,2014-07-06,"環島南路三段","","金門縣金湖鎮往成功上坡處象德宮旁","118.3757827","24.4398961"
10307,"10307Y00020005","YYA1","10307YY000013",2014,7,6,17,37,"金門縣","金湖鎮","",NA,"玉章路","","",NA,"","","","","","植物園路段",NA,NA,NA,NA,NA,NA,NA,NA,NA,0,1,0,"晴","日間自然光線","村里道路",50,"三岔路","交岔路口內","柏油","乾燥","無缺陷","無障礙物","良好","無號誌","無號誌","無分向設施","未繪設車道線","未繪設快慢車道分隔線","有","側撞","左轉彎未依規定","Y000","YY00",1,2,2014-07-06,"玉章路","","金門縣金湖鎮植物園路段","118.412711","24.4615568"
10307,"10307Y00020006","YYA1","10307YY000014",2014,7,7,11,11,"金門縣","金湖鎮","",NA,"南機路","","",NA,"","","士校路","","","",NA,NA,NA,NA,NA,NA,NA,NA,NA,0,2,0,"晴","日間自然光線","村里道路",50,"四岔路","交岔路口內","柏油","乾燥","無缺陷","無障礙物","樹木、農作物","無號誌","無號誌","無分向設施","未繪設車道線","未繪設快慢車道分隔線","有","路口交岔撞","未依規定讓車","Y000","YY00",1,2,2014-07-07,"南機路","士校路","","118.4326247","24.4500123"
10307,"10307Y00020029","YYA1","10307YY000016",2014,7,7,20,55,"金門縣","金沙鎮","",NA,"環島東路","一","",NA,"","","","","","金莎大賣場前路段",NA,NA,NA,NA,NA,NA,NA,NA,NA,0,1,0,"陰","夜間（或隧道、地下道、涵洞）有照明","村里道路",60,"三岔路","交岔口附近","柏油","乾燥","無缺陷","無障礙物","良好","無號誌","無號誌","無標記","未繪設車道線","未繪設快慢車道分隔線","有","側撞","違規超車","Y000","YY00",1,2,2014-07-07,"環島東路一段","","金門縣金沙鎮金莎大賣場前路段","118.4213083","24.4841071"
10307,"10307Y00020007","YYA1","10307YY000019",2014,7,9,7,52,"金門縣","金湖鎮","",NA,"伯玉路","四","",NA,"","","","","","小徑圓環",NA,NA,NA,NA,NA,NA,NA,NA,NA,0,2,0,"晴","日間自然光線","村里道路",40,"圓環","一般車道（未劃分快慢車道）","柏油","乾燥","無缺陷","無障礙物","良好","無號誌","無號誌","無分向設施","車道線（無標記）","未繪設快慢車道分隔線","有","其他","未依規定讓車","Y000","YY00",1,2,2014-07-09,"伯玉路四段","","金門縣金湖鎮小徑圓環","118.3798588","24.4470039"
10307,"","YYA1","10307YY000021",2014,7,9,15,7,"金門縣","金湖鎮","正義里",NA,"","","",NA,"","","","","","尚義機場內車道",NA,NA,NA,NA,NA,NA,NA,NA,NA,0,0,0,"晴","日間自然光線","村里道路",50,"直路","一般車道（未劃分快慢車道）","柏油","乾燥","無缺陷","無障礙物","良好","無號誌","無號誌","無分向設施","車道線（無標記）","未繪設快慢車道分隔線","有","其他","起步未注意其他車（人）安全","Y000","YY00",1,4,2014-07-09,"金門縣金湖鎮正義里尚義機場內車道","","金門縣金湖鎮正義里尚義機場內車道","118.376631","24.437699"
10307,"10307Y00030002","YYA1","10307YY000024",2014,7,10,18,7,"金門縣","金湖鎮","",NA,"環島東路","三","",NA,"","","士校路","","","",NA,NA,NA,NA,NA,NA,NA,NA,NA,0,0,0,"晴","日間自然光線","村里道路",50,"四岔路","交岔路口內","柏油","乾燥","無缺陷","無障礙物","良好","閃光號誌","正常","無分向設施","未繪設車道線","未繪設快慢車道分隔線","有","路口交岔撞","未依規定讓車","Y000","YY00",1,3,2014-07-10,"環島東路三段","士校路","","118.4462076","24.45419698"
10307,"10307Y00020010","YYA1","10307YY000026",2014,7,11,6,11,"金門縣","金沙鎮","",NA,"環島北路","四","",NA,"","","","","","榮湖欣欣亭前路口",NA,NA,NA,NA,NA,NA,NA,NA,NA,0,2,0,"晴","晨或暮光","村里道路",60,"四岔路","交岔路口內","柏油","乾燥","無缺陷","無障礙物","良好","無號誌","無號誌","無分向設施","未繪設車道線","未繪設快慢車道分隔線","有","側撞","未依規定讓車","Y000","YY00",1,2,2014-07-11,"環島北路四段","","金門縣金沙鎮榮湖欣欣亭前路口","118.4045085","24.4840105"
10307,"","YYA1","10307YY000032",2014,7,13,13,3,"金門縣","金湖鎮","新湖里",NA,"環島南路","四","",NA,"","","","","","塔后民宿路口處",NA,NA,NA,NA,NA,NA,NA,NA,NA,0,0,0,"晴","日間自然光線","村里道路",50,"三岔路","交岔路口內","柏油","乾燥","無缺陷","無障礙物","良好","無號誌","無號誌","無分向設施","未繪設車道線","未繪設快慢車道分隔線","有","側撞","左轉彎未依規定","Y000","YY00",1,4,2014-07-13,"環島南路四段","","金門縣金湖鎮新湖里塔后民宿路口處","118.40101","24.438041"
10307,"10307Y00020008","YYA1","10307YY000033",2014,7,13,13,50,"金門縣","金湖鎮","山外里",NA,"士校路","","",NA,"","","","","","幹訓班大門前路口",NA,NA,NA,NA,NA,NA,NA,NA,NA,0,2,0,"晴","日間自然光線","村里道路",50,"三岔路","交岔路口內","柏油","乾燥","無缺陷","無障礙物","良好","無號誌","無號誌","無分向設施","未繪設車道線","未繪設快慢車道分隔線","有","側撞","未依規定讓車","Y000","YY00",1,2,2014-07-13,"士校路","","金門縣金湖鎮山外里幹訓班大門前路口","118.4271704","24.4453138"
10307,"10307Y00020030","YYA1","10307YY000036",2014,7,14,9,0,"金門縣","金沙鎮","",NA,"環島東路","","",NA,"","","","","","陽翟31號後門處",NA,NA,NA,NA,NA,NA,NA,NA,NA,0,1,0,"晴","日間自然光線","村里道路",50,"直路","一般車道（未劃分快慢車道）","柏油","乾燥","無缺陷","無障礙物","良好","無號誌","無號誌","無標記","未繪設車道線","未繪設快慢車道分隔線","有","追撞","未注意車前狀態","Y000","YY00",1,2,2014-07-14,"環島東路","","金門縣金沙鎮陽翟31號後門處","118.4213083","24.4841071"
10307,"10307Y00020031","YYA1","10307YY000037",2014,7,14,12,29,"金門縣","金沙鎮","",NA,"陽沙路","","",NA,"","","","","","舊碧山靶場路段",NA,NA,NA,NA,NA,NA,NA,NA,NA,0,2,0,"晴","日間自然光線","村里道路",50,"直路","一般車道（未劃分快慢車道）","柏油","乾燥","無缺陷","無障礙物","良好","無號誌","無號誌","無標記","未繪設車道線","未繪設快慢車道分隔線","有","撞動物","動物竄出","Y000","YY00",1,2,2014-07-14,"陽沙路","","金門縣金沙鎮舊碧山靶場路段","118.432385","24.4814738"
10307,"10307Y00020032","YYA1","10307YY000038",2014,7,14,12,45,"金門縣","金湖鎮","新市里",NA,"復興路","","",NA,"4","","","","","台銀前路口",NA,NA,NA,NA,NA,NA,NA,NA,NA,0,1,0,"晴","日間自然光線","村里道路",50,"三岔路","交岔路口內","柏油","乾燥","無缺陷","無障礙物","良好","無號誌","無號誌","無分向設施","未繪設車道線","未繪設快慢車道分隔線","有","側撞","違規超車","Y000","YY00",1,2,2014-07-14,"復興路4號","","金門縣金湖鎮新市里台銀前路口","118.4161413","24.4412321"
10307,"","YYA1","10307YY000040",2014,7,14,11,22,"金門縣","金湖鎮","",NA,"","","",NA,"","","","","","漁村28號前",NA,NA,NA,NA,NA,NA,NA,NA,NA,0,0,0,NA,NA,NA,0,NA,NA,NA,NA,NA,NA,NA,NA,NA,NA,NA,NA,NA,NA,NA,"Y000","YY00",1,4,2014-07-14,"金門縣金湖鎮漁村28號前","","金門縣金湖鎮漁村28號前","118.408402","24.436556"
10307,"10307Y00020009","YYA1","10307YY000042",2014,7,17,0,35,"金門縣","金湖鎮","",NA,"環島南路","四","",NA,"","","","","","塔后路口",NA,NA,NA,NA,NA,NA,NA,NA,NA,0,2,0,"晴","夜間（或隧道、地下道、涵洞）有照明","村里道路",40,"四岔路","交岔口附近","柏油","乾燥","無缺陷","無障礙物","良好","無號誌","無號誌","附標記","未繪設車道線","未繪設快慢車道分隔線","有","對撞","逆向行駛","Y000","YY00",1,2,2014-07-17,"環島南路四段","","金門縣金湖鎮塔后路口","118.40101","24.438041"
10307,"10307Y00020052","YYA1","10307YY000049",2014,7,19,15,50,"金門縣","金沙鎮","",NA,"環島東路","一","",NA,"","","","","","往後水頭路口",NA,NA,NA,NA,NA,NA,NA,NA,NA,0,1,0,"晴","日間自然光線","村里道路",60,"四岔路","交岔口附近","柏油","乾燥","無缺陷","無障礙物","良好","無號誌","無號誌","無標記","未繪設車道線","未繪設快慢車道分隔線","有","撞號誌、標誌桿","酒醉（後）駕駛失控","Y000","YY00",1,2,2014-07-19,"環島東路一段","","金門縣金沙鎮往後水頭路口","118.4213083","24.4841071"
10307,"10307Y00020036","YYA1","10307YY000051",2014,7,20,17,54,"金門縣","金湖鎮","",NA,"瓊徑路","","",NA,"","","環島南路","三","","",NA,NA,NA,NA,NA,NA,NA,NA,NA,0,2,0,"晴","日間自然光線","村里道路",50,"三岔路","交岔路口內","柏油","乾燥","無缺陷","無障礙物","良好","行車管制號誌","正常","無分向設施","未繪設車道線","未繪設快慢車道分隔線","有","側撞","右轉彎未依規定","Y000","YY00",1,2,2014-07-20,"瓊徑路","環島南路三段","","118.3917905","24.44048713"
10307,"10307Y00020059","YYA1","10307YY000053",2014,7,22,8,13,"金門縣","金湖鎮","山外里",NA,"黃海路","","",NA,"","","","","","金湖分局地下室出口前路段",NA,NA,NA,NA,NA,NA,NA,NA,NA,0,2,0,"晴","日間自然光線","村里道路",50,"四岔路","交岔路口內","柏油","乾燥","無缺陷","無障礙物","良好","無號誌","無號誌","無分向設施","未繪設車道線","未繪設快慢車道分隔線","有","側撞","未依規定讓車","Y000","YY00",1,2,2014-07-22,"黃海路","","金門縣金湖鎮山外里金湖分局地下室出口前路段","118.4256931","24.452032"
10307,"","YYA1","10307YY000055",2014,7,22,17,40,"金門縣","金湖鎮","",NA,"黃海路","","",NA,"","","","","","陽明01431號路燈桿",NA,NA,NA,NA,NA,NA,NA,NA,NA,0,0,0,NA,NA,NA,0,NA,NA,NA,NA,NA,NA,NA,NA,NA,NA,NA,NA,NA,NA,NA,"Y000","YY00",1,4,2014-07-22,"黃海路","","金門縣金湖鎮陽明01431號路燈桿","118.4256931","24.452032"
10307,"10307Y00020038","YYA1","10307YY000056",2014,7,23,11,15,"金門縣","金湖鎮","",NA,"中興路","","",NA,"","","","","","停車場路段",NA,NA,NA,NA,NA,NA,NA,NA,NA,0,1,0,"雨","日間自然光線","村里道路",40,"直路","一般車道（未劃分快慢車道）","柏油","濕潤","無缺陷","無障礙物","良好","無號誌","無號誌","無分向設施","未繪設車道線","未繪設快慢車道分隔線","有","其他","開啟車門不當而肇事","Y000","YY00",1,2,2014-07-23,"中興路","","金門縣金湖鎮停車場路段","118.4246803","24.4503832"
10307,"10307Y00020039","YYA1","10307YY000061",2014,7,25,8,13,"金門縣","金湖鎮","",NA,"","","",NA,"","","","","","塔后重劃區崑庭工地旁路口",NA,NA,NA,NA,NA,NA,NA,NA,NA,0,2,0,"晴","日間自然光線","村里道路",50,"三岔路","交岔路口內","柏油","乾燥","無缺陷","無障礙物","建築物","無號誌","無號誌","無分向設施","未繪設車道線","未繪設快慢車道分隔線","有","側撞","未依規定讓車","Y000","YY00",1,2,2014-07-25,"金門縣金湖鎮塔后重劃區崑庭工地旁路口","","金門縣金湖鎮塔后重劃區崑庭工地旁路口","118.4101054","24.4411037"
10307,"10307Y00020050","YYA1","10307YY000064",2014,7,27,22,20,"金門縣","金湖鎮","",NA,"環島南路","五","",NA,"","","","","","星宿王朝0542號路燈桿前路段",NA,NA,NA,NA,NA,NA,NA,NA,NA,0,1,0,"晴","夜間（或隧道、地下道、涵洞）有照明","村里道路",50,"三岔路","交岔路口內","柏油","乾燥","無缺陷","無障礙物","良好","無號誌","無號誌","無分向設施","未繪設車道線","未繪設快慢車道分隔線","有","追撞","未保持行車安全距離","Y000","YY00",1,2,2014-07-27,"環島南路五段","","金門縣金湖鎮星宿王朝0542號路燈桿前路段","118.4239844","24.4324232"
10307,"10307Y00020047","YYA1","10307YY000065",2014,7,29,17,33,"金門縣","金湖鎮","正義里",NA,"環島南路","三","",NA,"","","","","","岸巡總隊對面產業道路",NA,NA,NA,NA,NA,NA,NA,NA,NA,0,1,0,"晴","日間自然光線","其他",40,"四岔路","交岔路口內","水泥","乾燥","無缺陷","無障礙物","樹木、農作物","無號誌","無號誌","無分向設施","未繪設車道線","未繪設快慢車道分隔線","無","路口交岔撞","未依規定讓車","Y000","YY00",1,2,2014-07-29,"環島南路三段","","金門縣金湖鎮正義里岸巡總隊對面產業道路","118.3757827","24.4398961"
10307,"10307Y00020054","YYA1","10307YY000069",2014,7,30,15,36,"金門縣","金湖鎮","",NA,"環島南路","四","",NA,"","","","","","漁村路口往良金牧場",NA,NA,NA,NA,NA,NA,NA,NA,NA,0,1,0,"晴","日間自然光線","村里道路",50,"四岔路","交岔路口內","柏油","乾燥","無缺陷","無障礙物","良好","無號誌","無號誌","無分向設施","未繪設車道線","未繪設快慢車道分隔線","有","側撞","右轉彎未依規定","Y000","YY00",1,2,2014-07-30,"環島南路四段","","金門縣金湖鎮漁村路口往良金牧場","118.40101","24.438041"
10307,"10307Y00020048","YYA1","10307YY000070",2014,7,30,2,28,"金門縣","金湖鎮","",NA,"黃海路","","",NA,"","","","","","鵲山圓環內",NA,NA,NA,NA,NA,NA,NA,NA,NA,0,1,0,"晴","夜間（或隧道、地下道、涵洞）有照明","村里道路",60,"圓環","一般車道（未劃分快慢車道）","柏油","乾燥","無缺陷","無障礙物","良好","無號誌","無號誌","無分向設施","未繪設車道線","未繪設快慢車道分隔線","有","撞橋樑、建築物","未注意車前狀態","Y000","YY00",1,2,2014-07-30,"黃海路","","金門縣金湖鎮鵲山圓環內","118.4256931","24.452032"
10307,"10307Y00020011","YZA1","10307YZ000003",2014,7,1,15,30,"金門縣","金寧鄉","",NA,"環島西路","二","",NA,"","","大學路","","","",NA,NA,NA,NA,NA,NA,NA,NA,NA,0,2,0,"晴","日間自然光線","村里道路",40,"三岔路","交岔路口內","柏油","乾燥","無缺陷","無障礙物","良好","閃光號誌","正常","無分向設施","未繪設車道線","未繪設快慢車道分隔線","無","側撞","違規超車","Y000","YZ00",1,2,2014-07-01,"環島西路二段","大學路","","118.319604","24.444293"
10307,"10307Y00020012","YZA1","10307YZ000005",2014,7,2,14,10,"金門縣","金城鎮","",NA,"","","",NA,"","","","","","埔邊村農路交叉路口",NA,NA,NA,NA,NA,NA,NA,NA,NA,0,1,0,"晴","日間自然光線","村里道路",40,"四岔路","交岔路口內","水泥","乾燥","無缺陷","無障礙物","樹木、農作物","無號誌","無號誌","無分向設施","未繪設車道線","未繪設快慢車道分隔線","無","路口交岔撞","未依規定讓車","Y000","YZ00",1,2,2014-07-02,"金門縣金城鎮埔邊村農路交叉路口","","金門縣金城鎮埔邊村農路交叉路口","118.3166667","24.4166667"
10307,"10307Y00020057","YZA1","10307YZ000006",2014,7,4,11,55,"金門縣","金城鎮","",NA,"民權路","","",NA,"","","","","","元大銀行旁711前路段",NA,NA,NA,NA,NA,NA,NA,NA,NA,0,1,0,"晴","日間自然光線","村里道路",40,"四岔路","交岔口附近","柏油","乾燥","無缺陷","無障礙物","良好","無號誌","無號誌","附標記","未繪設車道線","未繪設快慢車道分隔線","無","同向擦撞","違規超車","Y000","YZ00",1,2,2014-07-04,"民權路","","金門縣金城鎮元大銀行旁711前路段","118.3168946","24.4355379"
10307,"10307Y00020013","YZA1","10307YZ000008",2014,7,5,14,3,"金門縣","金城鎮","",NA,"環島西路","一","",NA,"","","","","","吳厝路口",NA,NA,NA,NA,NA,NA,NA,NA,NA,0,2,0,"晴","日間自然光線","縣道",40,"四岔路","交岔路口內","柏油","乾燥","無缺陷","無障礙物","良好","無號誌","無號誌","無分向設施","未繪設車道線","未繪設快慢車道分隔線","有","路上翻車、摔倒","未依規定減速","Y000","YZ00",1,2,2014-07-05,"環島西路一段","","金門縣金城鎮吳厝路口","118.3184801","24.4172073"
10307,"10307Y00020014","YZA1","10307YZ000011",2014,7,6,8,29,"金門縣","金寧鄉","",NA,"環島北路","二","",NA,"","","","","","0051號路燈桿",NA,NA,NA,NA,NA,NA,NA,NA,NA,0,1,0,"晴","日間自然光線","村里道路",60,"直路","一般車道（未劃分快慢車道）","柏油","乾燥","無缺陷","無障礙物","良好","無號誌","無號誌","無標記","未繪設車道線","未繪設快慢車道分隔線","有","撞路樹、電桿","未注意車前狀態","Y000","YZ00",1,2,2014-07-06,"環島北路二段","","金門縣金寧鄉0051號路燈桿","118.3537405","24.452631"
10307,"10307Y00020015","YZA1","10307YZ000012",2014,7,6,17,5,"金門縣","金城鎮","",NA,"","","",NA,"","","","","","金城新莊7巷11號前路口",NA,NA,NA,NA,NA,NA,NA,NA,NA,0,1,0,"晴","日間自然光線","村里道路",40,"四岔路","交岔路口內","柏油","乾燥","無缺陷","無障礙物","良好","無號誌","無號誌","無分向設施","未繪設車道線","未繪設快慢車道分隔線","無","路口交岔撞","酒醉（後）駕駛失控","Y000","YZ00",1,2,2014-07-06,"金門縣金城鎮金城新莊7巷11號前路口","","金門縣金城鎮金城新莊7巷11號前路口","118.319856","24.437936"
10307,"10307Y00020055","YZA1","10307YZ000015",2014,7,6,23,12,"金門縣","金寧鄉","",NA,"伯玉路","二","",NA,"","","","","","后盤山路口",NA,NA,NA,NA,NA,NA,NA,NA,NA,0,3,1,"晴","夜間（或隧道、地下道、涵洞）有照明","縣道",70,"三岔路","交岔口附近","柏油","乾燥","突出（高低）不平","道路工事（程）中","良好","無號誌","無號誌","無分向設施","未繪設車道線","未繪設快慢車道分隔線","無","撞號誌、標誌桿","酒醉（後）駕駛失控","Y000","YZ00",1,2,2014-07-06,"伯玉路二段","","金門縣金寧鄉后盤山路口","118.3416148","24.4414563"
10307,"10307Y00020016","YZA1","10307YZ000017",2014,7,8,7,55,"金門縣","金寧鄉","",NA,"","","",NA,"","","","","","頂埔下142號前路口",NA,NA,NA,NA,NA,NA,NA,NA,NA,0,2,0,"晴","日間自然光線","村里道路",40,"三岔路","交岔路口內","水泥","乾燥","無缺陷","無障礙物","良好","無號誌","無號誌","無分向設施","未繪設車道線","未繪設快慢車道分隔線","無","側撞","未依規定讓車","Y000","YZ00",1,2,2014-07-08,"金門縣金寧鄉頂埔下142號前路口","","金門縣金寧鄉頂埔下142號前路口","118.3099021","24.4474013"
10307,"10307Y00020017","YZA1","10307YZ000018",2014,7,8,8,50,"金門縣","金城鎮","",NA,"西海路","三","",NA,"","","賢城路","","","",NA,NA,NA,NA,NA,NA,NA,NA,NA,0,2,0,"晴","日間自然光線","村里道路",50,"三岔路","交岔路口內","柏油","乾燥","無缺陷","無障礙物","良好","閃光號誌","正常","無分向設施","未繪設車道線","未繪設快慢車道分隔線","有","側撞","左轉彎未依規定","Y000","YZ00",1,2,2014-07-08,"西海路三段","賢城路","","118.315633","24.426675"
10307,"10307Y00020018","YZA1","10307YZ000020",2014,7,9,8,38,"金門縣","金寧鄉","",NA,"頂林路","","",NA,"","","瓊安路","","","",NA,NA,NA,NA,NA,NA,NA,NA,NA,0,1,0,"晴","日間自然光線","村里道路",50,"四岔路","交岔路口內","柏油","乾燥","無缺陷","無障礙物","良好","閃光號誌","正常","無分向設施","未繪設車道線","未繪設快慢車道分隔線","有","路口交岔撞","未依規定讓車","Y000","YZ00",1,2,2014-07-09,"頂林路","瓊安路","","118.32535","24.46123779"
10307,"10307Y00020020","YZA1","10307YZ000022",2014,7,9,21,55,"金門縣","金寧鄉","",NA,"伯玉路","一","",NA,"","","","","","榜林圓環",NA,NA,NA,NA,NA,NA,NA,NA,NA,0,1,0,"晴","夜間（或隧道、地下道、涵洞）有照明","村里道路",60,"圓環","一般車道（未劃分快慢車道）","柏油","乾燥","無缺陷","無障礙物","良好","無號誌","無號誌","無分向設施","未繪設車道線","未繪設快慢車道分隔線","有","其他","未依規定減速","Y000","YZ00",1,2,2014-07-09,"伯玉路一段","","金門縣金寧鄉榜林圓環","118.3267756","24.4346914"
10307,"10307Y00020019","YZA1","10307YZ000023",2014,7,9,18,18,"金門縣","金城鎮","",NA,"民生路","","",NA,"","","","","","金城車站圓環",NA,NA,NA,NA,NA,NA,NA,NA,NA,0,1,0,"晴","日間自然光線","縣道",40,"圓環","一般車道（未劃分快慢車道）","柏油","乾燥","無缺陷","無障礙物","良好","無號誌","無號誌","無分向設施","未繪設車道線","未繪設快慢車道分隔線","有","其他","逆向行駛","Y000","YZ00",1,2,2014-07-09,"民生路","","金門縣金城鎮金城車站圓環","118.3190184","24.43575"