"年月","總編號","處理單位","處理編號","年","月","日","時","分","縣市","區","村里","鄰","街道","段","巷","弄","號","公尺處","街道.1","段.1","側","附近","道路","公里","公尺處.1","向","車道","平交道","公里.1","公尺處.2","附近.1","死","受傷","X2.30","天候","光線","道路類別","速限","道路型態","事故位置","路面鋪裝","路面狀態","路面缺陷","障礙物","視距","號誌種類","號誌動作","分向設施","快車道或一般車道間","快慢車道間","路面邊線","事故類型及型態","主要肇因","警局","分局","案件類別","事故類別","日期","道路1","道路2","概略位置","lon","lat"
10307,"10307Y00020021","YZA1","10307YZ000025",2014,7,11,17,20,"金門縣","金城鎮","",NA,"伯玉路","一","",NA,"","","桃園路","","","附近",NA,NA,NA,NA,NA,NA,NA,NA,NA,0,2,0,"晴","日間自然光線","縣道",60,"直路","一般車道（未劃分快慢車道）","柏油","乾燥","無缺陷","無障礙物","良好","無號誌","無號誌","無標記","未繪設車道線","未繪設快慢車道分隔線","有","同向擦撞","未保持行車安全間隔","Y000","YZ00",1,2,2014-07-11,"伯玉路一段","桃園路","","118.3245732","24.4324356"
10307,"","YZA1","10307YZ000027",2014,7,12,9,55,"金門縣","金寧鄉","",NA,"","","",NA,"","","","","","埔後03288號路燈桿附近路口",NA,NA,NA,NA,NA,NA,NA,NA,NA,0,0,0,"晴",NA,NA,40,NA,NA,NA,NA,NA,NA,NA,NA,NA,NA,NA,NA,NA,NA,NA,"Y000","YZ00",1,4,2014-07-12,"金門縣金寧鄉埔後03288號路燈桿附近路口","","金門縣金寧鄉埔後03288號路燈桿附近路口","118.317029","24.442928"
10307,"10307Y00020022","YZA1","10307YZ000028",2014,7,12,16,7,"金門縣","金寧鄉","",NA,"","","",NA,"","","","","","埔後191號旁路段",NA,NA,NA,NA,NA,NA,NA,NA,NA,0,2,0,"晴","日間自然光線","村里道路",40,"直路","一般車道（未劃分快慢車道）","柏油","乾燥","無缺陷","路上有停車","路上停放車輛","無號誌","無號誌","無分向設施","未繪設車道線","未繪設快慢車道分隔線","有","其他","起步未注意其他車（人）安全","Y000","YZ00",1,2,2014-07-12,"金門縣金寧鄉埔後191號旁路段","","金門縣金寧鄉埔後191號旁路段","118.317029","24.442928"
10307,"10307Y00020040","YZA1","10307YZ000029",2014,7,12,17,4,"金門縣","金城鎮","",NA,"民生路","","",NA,"","","","","","靠近東門圓環路段",NA,NA,NA,NA,NA,NA,NA,NA,NA,0,1,0,"晴","日間自然光線","村里道路",40,"直路","一般車道（未劃分快慢車道）","柏油","乾燥","無缺陷","無障礙物","良好","無號誌","無號誌","無標記","未繪設車道線","未繪設快慢車道分隔線","有","追撞","未注意車前狀態","Y000","YZ00",1,2,2014-07-12,"民生路","","金門縣金城鎮靠近東門圓環路段","118.3190184","24.43575"
10307,"10307Y00020023","YZA1","10307YZ000030",2014,7,13,7,57,"金門縣","金寧鄉","",NA,"","","",NA,"","","","","","埔後58號旁路口",NA,NA,NA,NA,NA,NA,NA,NA,NA,0,2,0,"晴","日間自然光線","村里道路",40,"四岔路","交岔路口內","柏油","乾燥","無缺陷","無障礙物","良好","無號誌","無號誌","無分向設施","未繪設車道線","未繪設快慢車道分隔線","有","路口交岔撞","未依規定讓車","Y000","YZ00",1,2,2014-07-13,"金門縣金寧鄉埔後58號旁路口","","金門縣金寧鄉埔後58號旁路口","118.317029","24.442928"
10307,"10307Y00020024","YZA1","10307YZ000031",2014,7,13,11,48,"金門縣","金寧鄉","",NA,"","","",NA,"","","","","","金門大學往湖南產業道路",NA,NA,NA,NA,NA,NA,NA,NA,NA,0,2,0,"晴","日間自然光線","村里道路",40,"四岔路","交岔路口內","水泥","乾燥","無缺陷","無障礙物","良好","無號誌","無號誌","無分向設施","未繪設車道線","未繪設快慢車道分隔線","無","路口交岔撞","未依規定讓車","Y000","YZ00",1,2,2014-07-13,"金門縣金寧鄉金門大學往湖南產業道路","","金門縣金寧鄉金門大學往湖南產業道路","118.322848","24.447907"
10307,"10307Y00020041","YZA1","10307YZ000034",2014,7,13,17,55,"金門縣","金寧鄉","",NA,"慈湖路","一","",NA,"","","","","","03405燈桿前",NA,NA,NA,NA,NA,NA,NA,NA,NA,0,1,0,"晴","日間自然光線","鄉道",40,"四岔路","交岔路口內","柏油","乾燥","無缺陷","無障礙物","良好","無號誌","無號誌","無分向設施","未繪設車道線","未繪設快慢車道分隔線","無","路口交岔撞","未依規定讓車","Y000","YZ00",1,2,2014-07-13,"慈湖路一段","","金門縣金寧鄉03405燈桿前","118.3117387","24.4416084"
10307,"10307Y00020025","YZA1","10307YZ000035",2014,7,13,22,12,"金門縣","金寧鄉","",NA,"盤果路","","",NA,"","","","","","00413燈桿前路段",NA,NA,NA,NA,NA,NA,NA,NA,NA,0,1,0,"晴","夜間（或隧道、地下道、涵洞）有照明","縣道",50,"直路","一般車道（未劃分快慢車道）","柏油","乾燥","無缺陷","無障礙物","良好","無號誌","無號誌","無標記","未繪設車道線","未繪設快慢車道分隔線","有","其他","裝載貨物不穩妥","Y000","YZ00",1,2,2014-07-13,"盤果路","","金門縣金寧鄉00413燈桿前路段","118.3423814","24.4390088"
10307,"10307Y00020026","YZA1","10307YZ000039",2014,7,14,21,15,"金門縣","金寧鄉","",NA,"伯玉路","二","",NA,"","","","","","韓味達人前路段",NA,NA,NA,NA,NA,NA,NA,NA,NA,0,1,0,"晴","夜間（或隧道、地下道、涵洞）有照明","村里道路",70,"直路","一般車道（未劃分快慢車道）","柏油","乾燥","無缺陷","無障礙物","良好","無號誌","無號誌","無標記","未繪設車道線","快慢車道分隔線","有","追撞","違規停車或暫停不當而肇事","Y000","YZ00",1,2,2014-07-14,"伯玉路二段","","金門縣金寧鄉韓味達人前路段","118.3416148","24.4414563"
10307,"10307Y00020033","YZA1","10307YZ000041",2014,7,16,19,35,"金門縣","金城鎮","",NA,"民權路","","",NA,"","","","","","金帝飯店前",NA,NA,NA,NA,NA,NA,NA,NA,NA,0,1,0,"晴","日間自然光線","縣道",40,"四岔路","交岔口附近","柏油","乾燥","無缺陷","無障礙物","良好","無號誌","無號誌","無標記","未繪設車道線","未繪設快慢車道分隔線","無","側撞","右轉彎未依規定","Y000","YZ00",1,2,2014-07-16,"民權路","","金門縣金城鎮金帝飯店前","118.3168946","24.4355379"
10307,"10307Y00020027","YZA1","10307YZ000043",2014,7,16,11,48,"金門縣","金城鎮","",NA,"民族路","","",NA,"253-11","","","","","",NA,NA,NA,NA,NA,NA,NA,NA,NA,0,1,0,"晴","日間自然光線","村里道路",40,"四岔路","交岔路口內","水泥","乾燥","無缺陷","無障礙物","良好","無號誌","無號誌","無分向設施","未繪設車道線","未繪設快慢車道分隔線","無","路口交岔撞","未依規定讓車","Y000","YZ00",1,2,2014-07-16,"民族路253-11號","","金門縣金城鎮","118.3157499","24.4302723"
10307,"","YZA1","10307YZ000044",2014,7,17,16,48,"金門縣","金城鎮","",NA,"民族路","","",NA,"260","","","","","",NA,NA,NA,NA,NA,NA,NA,NA,NA,0,0,0,"晴",NA,NA,50,NA,NA,NA,NA,NA,NA,NA,NA,NA,NA,NA,NA,NA,NA,NA,"Y000","YZ00",1,4,2014-07-17,"民族路260號","","金門縣金城鎮","118.3157499","24.4302723"
10307,"10307Y00020042","YZA1","10307YZ000045",2014,7,17,19,43,"金門縣","金城鎮","",NA,"民權路","","",NA,"","","","","","摩斯漢堡前路口",NA,NA,NA,NA,NA,NA,NA,NA,NA,0,2,0,"晴","夜間（或隧道、地下道、涵洞）有照明","村里道路",40,"四岔路","交岔路口內","柏油","乾燥","無缺陷","無障礙物","良好","無號誌","無號誌","無分向設施","未繪設車道線","未繪設快慢車道分隔線","有","追撞","未保持行車安全距離","Y000","YZ00",1,2,2014-07-17,"民權路","","金門縣金城鎮摩斯漢堡前路口","118.3168946","24.4355379"
10307,"10307Y00020028","YZA1","10307YZ000046",2014,7,18,13,32,"金門縣","金寧鄉","",NA,"環島西路","二","",NA,"","","","","","13168號燈桿前路段",NA,NA,NA,NA,NA,NA,NA,NA,NA,0,2,0,"晴","日間自然光線","縣道",50,"四岔路","交岔口附近","柏油","乾燥","無缺陷","無障礙物","良好","無號誌","無號誌","附標記","車道線（無標記）","未繪設快慢車道分隔線","有","對撞","逆向行駛","Y000","YZ00",1,2,2014-07-18,"環島西路二段","","金門縣金寧鄉13168號燈桿前路段","118.3148723","24.4566699"
10307,"10307Y00020034","YZA1","10307YZ000047",2014,7,18,12,32,"金門縣","金城鎮","",NA,"民權路","","",NA,"182","","","","","",NA,NA,NA,NA,NA,NA,NA,NA,NA,0,1,0,"晴","日間自然光線","鄉道",40,"四岔路","交岔口附近","柏油","乾燥","無缺陷","其他障礙物","良好","無號誌","無號誌","無標記","未繪設車道線","未繪設快慢車道分隔線","無","側撞","右轉彎未依規定","Y000","YZ00",1,2,2014-07-18,"民權路182號","","金門縣金城鎮","118.3192898","24.4381016"
10307,"10307Y00020035","YZA1","10307YZ000048",2014,7,18,16,23,"金門縣","金寧鄉","",NA,"環島北路","一","",NA,"","","頂林路","","","",NA,NA,NA,NA,NA,NA,NA,NA,NA,0,1,0,"晴","日間自然光線","縣道",60,"四岔路","交岔口附近","柏油","乾燥","無缺陷","無障礙物","良好","行車管制號誌","正常","無標記","未繪設車道線","未繪設快慢車道分隔線","有","側撞","未保持行車安全距離","Y000","YZ00",1,2,2014-07-18,"環島北路一段","頂林路","","118.337844","24.44973832"
10307,"10307Y00020043","YZA1","10307YZ000050",2014,7,18,7,47,"金門縣","金寧鄉","盤山村",NA,"林堡路","","",NA,"","","盤果路","","","",NA,NA,NA,NA,NA,NA,NA,NA,NA,0,1,0,"晴","日間自然光線","鄉道",40,"三岔路","交岔路口內","柏油","乾燥","無缺陷","無障礙物","良好","無號誌","無號誌","無分向設施","未繪設車道線","未繪設快慢車道分隔線","有","側撞","違規超車","Y000","YZ00",NA,NA,2014-07-18,"林堡路","盤果路","","118.3363113","24.4458205"
10307,"10307Y00020061","YZA1","10307YZ000052",2014,7,20,21,35,"金門縣","金城鎮","",NA,"北堤路","","",NA,"","","","","","2100號電箱附近前路段",NA,NA,NA,NA,NA,NA,NA,NA,NA,0,2,0,"晴","夜間（或隧道、地下道、涵洞）有照明","村里道路",40,"直路","慢車道","柏油","乾燥","無缺陷","無障礙物","良好","無號誌","無號誌","無標記","未繪設車道線","快慢車道分隔線","有","對撞","逆向行駛","Y000","YZ00",1,2,2014-07-20,"北堤路","","金門縣金城鎮2100號電箱附近前路段","118.3167419","24.4294062"
10307,"10307Y00030003","YZA1","10307YZ000054",2014,7,22,15,55,"金門縣","金城鎮","",NA,"","","",NA,"","","","","","金門城68號金門酒廠前",NA,NA,NA,NA,NA,NA,NA,NA,NA,0,0,0,"晴","日間自然光線","村里道路",40,"三岔路","交岔路口內","水泥","乾燥","無缺陷","無障礙物","良好","無號誌","無號誌","無分向設施","未繪設車道線","未繪設快慢車道分隔線","有","其他","倒車未依規定","Y000","YZ00",1,3,2014-07-22,"金門縣金城鎮金門城68號金門酒廠前","","金門縣金城鎮金門城68號金門酒廠前","118.304865","24.399458"
10307,"10307Y00020037","YZA1","10307YZ000057",2014,7,22,8,55,"金門縣","金城鎮","",NA,"","","",NA,"","","","","","賢聚公車亭前",NA,NA,NA,NA,NA,NA,NA,NA,NA,0,1,0,"晴","日間自然光線","村里道路",40,"直路","一般車道（未劃分快慢車道）","柏油","乾燥","無缺陷","無障礙物","良好","無號誌","無號誌","無分向設施","未繪設車道線","未繪設快慢車道分隔線","有","其他","違規超車","Y000","YZ00",1,2,2014-07-22,"金門縣金城鎮賢聚公車亭前","","金門縣金城鎮賢聚公車亭前","118.3166667","24.4166667"
10307,"10307Y00020044","YZA1","10307YZ000058",2014,7,24,8,22,"金門縣","金城鎮","",NA,"環島西路","一","",NA,"","","民族路","","","",NA,NA,NA,NA,NA,NA,NA,NA,NA,0,1,0,"雨","日間自然光線","村里道路",50,"三岔路","交岔路口內","柏油","濕潤","無缺陷","無障礙物","良好","無號誌","無號誌","無分向設施","未繪設車道線","未繪設快慢車道分隔線","有","側撞","未依規定讓車","Y000","YZ00",1,2,2014-07-24,"環島西路一段","民族路","","118.321341","24.430973"
10307,"","YZA1","10307YZ000059",2014,7,24,12,5,"金門縣","金城鎮","",NA,"民族路","","",NA,"","","","","","稅務局旁路口",NA,NA,NA,NA,NA,NA,NA,NA,NA,0,0,0,"雨",NA,NA,40,NA,NA,NA,NA,NA,NA,NA,NA,NA,NA,NA,NA,NA,NA,NA,"Y000","YZ00",1,4,2014-07-24,"民族路","","金門縣金城鎮稅務局旁路口","118.3157499","24.4302723"
10307,"10307Y00020056","YZA1","10307YZ000060",2014,7,24,21,54,"金門縣","金城鎮","",NA,"西海路","三","",NA,"","","","","","天后宮前",NA,NA,NA,NA,NA,NA,NA,NA,NA,0,2,0,"雨","夜間（或隧道、地下道、涵洞）有照明","縣道",50,"三岔路","交岔口附近","柏油","濕潤","無缺陷","無障礙物","良好","無號誌","無號誌","無標記","未繪設車道線","未繪設快慢車道分隔線","有","路上翻車、摔倒","酒醉（後）駕駛失控","Y000","YZ00",1,2,2014-07-24,"西海路三段","","金門縣金城鎮天后宮前","118.3124964","24.4226194"
10307,"10307Y00020045","YZA1","10307YZ000062",2014,7,26,9,40,"金門縣","金寧鄉","",NA,"環島北路","二","",NA,"92","","","","","0054燈桿前路段",NA,NA,NA,NA,NA,NA,NA,NA,NA,0,1,0,"晴","日間自然光線","村里道路",60,"直路","一般車道（未劃分快慢車道）","柏油","乾燥","無缺陷","無障礙物","良好","無號誌","無號誌","無標記","未繪設車道線","未繪設快慢車道分隔線","有","倒車撞","倒車未依規定","Y000","YZ00",1,2,2014-07-26,"環島北路二段92號","","金門縣金寧鄉0054燈桿前路段","118.3537405","24.452631"
10307,"10307Y00020060","YZA1","10307YZ000063",2014,7,26,12,15,"金門縣","金城鎮","",NA,"西海路","一","",NA,"","","","","","前水頭1501號前路段",NA,NA,NA,NA,NA,NA,NA,NA,NA,0,1,0,"晴","日間自然光線","鄉道",50,"直路","一般車道（未劃分快慢車道）","柏油","乾燥","無缺陷","無障礙物","良好","無號誌","無號誌","無標記","未繪設車道線","未繪設快慢車道分隔線","無","對向擦撞","違反特定標誌（線）禁制","Y000","YZ00",1,2,2014-07-26,"西海路一段","","金門縣金城鎮前水頭1501號前路段","118.2906709","24.4124946"
10307,"10307Y00020049","YZA1","10307YZ000066",2014,7,30,5,6,"金門縣","金城鎮","",NA,"環島北路","一","",NA,"34","","","","","",NA,NA,NA,NA,NA,NA,NA,NA,NA,0,1,0,"晴","夜間（或隧道、地下道、涵洞）有照明","縣道",60,"直路","一般車道（未劃分快慢車道）","柏油","乾燥","無缺陷","無障礙物","良好","無號誌","無號誌","無標記","未繪設車道線","未繪設快慢車道分隔線","有","對撞","酒醉（後）駕駛失控","Y000","YZ00",1,2,2014-07-30,"環島北路一段34號","","金門縣金城鎮","118.3283226","24.4462231"
10307,"10307Y00020046","YZA1","10307YZ000067",2014,7,29,21,16,"金門縣","金城鎮","",NA,"民權路","","",NA,"","","","","","金城新莊2巷路口",NA,NA,NA,NA,NA,NA,NA,NA,NA,0,3,0,"晴","晨或暮光","縣道",50,"三岔路","交岔路口內","柏油","乾燥","無缺陷","無障礙物","良好","無號誌","無號誌","無標記","未繪設車道線","未繪設快慢車道分隔線","無","側撞","未依規定讓車","Y000","YZ00",1,2,2014-07-29,"民權路","","金門縣金城鎮金城新莊2巷路口","118.3168946","24.4355379"
10307,"10307Y00020053","YZA1","10307YZ000068",2014,7,30,12,7,"金門縣","金寧鄉","",NA,"","","",NA,"","","","","","頂埔下39號旁路口",NA,NA,NA,NA,NA,NA,NA,NA,NA,0,2,0,"晴","日間自然光線","村里道路",40,"四岔路","交岔路口內","柏油","乾燥","無缺陷","無障礙物","良好","無號誌","無號誌","無分向設施","未繪設車道線","未繪設快慢車道分隔線","有","路口交岔撞","未依規定讓車","Y000","YZ00",1,2,2014-07-30,"金門縣金寧鄉頂埔下39號旁路口","","金門縣金寧鄉頂埔下39號旁路口","118.3099021","24.4474013"
10307,"10307Y00020051","YZA1","10307YZ000071",2014,7,30,7,44,"金門縣","金城鎮","",NA,"西海路","一","",NA,"","","","","","水頭港T字路口",NA,NA,NA,NA,NA,NA,NA,NA,NA,0,1,0,"晴","日間自然光線","鄉道",50,"四岔路","交岔路口內","柏油","乾燥","突出（高低）不平","無障礙物","彎道","無號誌","無號誌","無分向設施","未繪設車道線","未繪設快慢車道分隔線","有","路上翻車、摔倒","未依規定減速","Y000","YZ00",1,2,2014-07-30,"西海路一段","","金門縣金城鎮水頭港T字路口","118.2906709","24.4124946"
10307,"10307Y00020058","YZA1","10307YZ000072",2014,7,31,14,8,"金門縣","金寧鄉","",NA,"伯玉路","二","",NA,"","","","","","金坊免稅商店前路段",NA,NA,NA,NA,NA,NA,NA,NA,NA,0,2,0,"晴","日間自然光線","村里道路",70,"直路","一般車道（未劃分快慢車道）","柏油","乾燥","無缺陷","無障礙物","良好","無號誌","無號誌","無標記","未繪設車道線","快慢車道分隔線","有","追撞","停車操作時，未注意其他車（人）安全","Y000","YZ00",1,2,2014-07-31,"伯玉路二段","","金門縣金寧鄉金坊免稅商店前路段","118.3416148","24.4414563"
10307,"10307Y00030004","YZA1","10307YZ000073",2014,7,31,9,50,"金門縣","金城鎮","",NA,"伯玉路","一","",NA,"","","","","","大慶玻璃行旁路段0929號燈桿前",NA,NA,NA,NA,NA,NA,NA,NA,NA,0,0,0,"晴","日間自然光線","村里道路",70,"三岔路","交岔口附近","柏油","乾燥","無缺陷","無障礙物","良好","無號誌","無號誌","無標記","未繪設車道線","未繪設快慢車道分隔線","無","側撞","未依規定讓車","Y000","YZ00",1,3,2014-07-31,"伯玉路一段","","金門縣金城鎮大慶玻璃行旁路段0929號燈桿前","118.3267756","24.4346914"
10308,"","YYA1","10308YY000004",2014,8,1,15,50,"金門縣","金湖鎮","",NA,"黃海路","","",NA,"99","","","","","",NA,NA,NA,NA,NA,NA,NA,NA,NA,0,0,0,NA,NA,NA,0,NA,NA,NA,NA,NA,NA,NA,NA,NA,NA,NA,NA,NA,NA,NA,"Y000","YY00",1,4,2014-08-01,"黃海路99號","","金門縣金湖鎮","118.4256931","24.452032"
10308,"10308Y00020011","YYA1","10308YY000006",2014,8,6,7,58,"金門縣","金湖鎮","",NA,"市港路","","",NA,"","","","","","武德新莊路口C014桿",NA,NA,NA,NA,NA,NA,NA,NA,NA,0,2,0,"晴","日間自然光線","村里道路",50,"三岔路","交岔路口內","柏油","乾燥","無缺陷","路上有停車","路上停放車輛","無號誌","無號誌","無分向設施","未繪設車道線","未繪設快慢車道分隔線","有","側撞","左轉彎未依規定","Y000","YY00",1,2,2014-08-06,"市港路","","金門縣金湖鎮武德新莊路口C014桿","118.4099121","24.4348324"
10308,"10308Y00020012","YYA1","10308YY000016",2014,8,12,15,50,"金門縣","金湖鎮","",NA,"市港路","","",NA,"","","","","","武德新莊路口",NA,NA,NA,NA,NA,NA,NA,NA,NA,0,1,0,"陰","日間自然光線","村里道路",50,"三岔路","交岔路口內","柏油","乾燥","無缺陷","無障礙物","良好","無號誌","無號誌","無分向設施","未繪設車道線","未繪設快慢車道分隔線","有","穿越道路中","穿越道路未注意左右來車","Y000","YY00",1,2,2014-08-12,"市港路","","金門縣金湖鎮武德新莊路口","118.4099121","24.4348324"
10308,"10308Y00030001","YYA1","10308YY000018",2014,8,14,18,6,"金門縣","金湖鎮","",NA,"士校路","","",NA,"","","","","","幹訓班大門口前路口",NA,NA,NA,NA,NA,NA,NA,NA,NA,0,0,0,"晴","晨或暮光","村里道路",50,"三岔路","交岔路口內","柏油","乾燥","無缺陷","無障礙物","良好","無號誌","無號誌","無分向設施","未繪設車道線","未繪設快慢車道分隔線","有","側撞","未依規定減速","Y000","YY00",1,3,2014-08-14,"士校路","","金門縣金湖鎮幹訓班大門口前路口","118.4271704","24.4453138"
10308,"10308Y00020013","YYA1","10308YY000019",2014,8,15,8,50,"金門縣","金湖鎮","",NA,"伯玉路","四","",NA,"","","","","","1163柱路燈桿路段",NA,NA,NA,NA,NA,NA,NA,NA,NA,0,1,0,"晴","日間自然光線","村里道路",70,"直路","一般車道（未劃分快慢車道）","柏油","乾燥","無缺陷","無障礙物","良好","無號誌","無號誌","附標記","未繪設車道線","快慢車道分隔線","有","其他","其他交通管制不當","Y000","YY00",NA,NA,2014-08-15,"伯玉路四段","","金門縣金湖鎮1163柱路燈桿路段","118.3798588","24.4470039"
10308,"10308Y00020014","YYA1","10308YY000020",2014,8,16,16,46,"金門縣","金沙鎮","光前里",NA,"高陽路","","",NA,"","","","","","01843路燈近環島東路路口",NA,NA,NA,NA,NA,NA,NA,NA,NA,0,1,0,"晴","日間自然光線","村里道路",50,"直路","一般車道（未劃分快慢車道）","柏油","乾燥","無缺陷","無障礙物","良好","無號誌","無號誌","無標記","未繪設車道線","未繪設快慢車道分隔線","有","路上翻車、摔倒","未注意車前狀態","Y000","YY00",1,2,2014-08-16,"高陽路","","金門縣金沙鎮光前里01843路燈近環島東路路口","118.4078483","24.4727311"
10308,"10308Y00030002","YYA1","10308YY000022",2014,8,17,2,49,"金門縣","金湖鎮","",NA,"環島北路","二","",NA,"","","","","","0112柱路燈旁",NA,NA,NA,NA,NA,NA,NA,NA,NA,0,0,0,"陰","夜間（或隧道、地下道、涵洞）有照明","村里道路",60,"直路","一般車道（未劃分快慢車道）","柏油","乾燥","無缺陷","無障礙物","良好","無號誌","無號誌","附標記","未繪設車道線","未繪設快慢車道分隔線","有","撞路樹、電桿","未注意車前狀態","Y000","YY00",1,3,2014-08-17,"環島北路二段","","金門縣金湖鎮0112柱路燈旁","118.3537405","24.452631"
10308,"10308Y00020015","YYA1","10308YY000024",2014,8,18,13,15,"金門縣","金湖鎮","",NA,"經武路","","",NA,"","","","","","全省傢俱路口",NA,NA,NA,NA,NA,NA,NA,NA,NA,0,1,0,"晴","日間自然光線","村里道路",50,"三岔路","交岔路口內","柏油","乾燥","無缺陷","無障礙物","良好","無號誌","無號誌","無標記","未繪設車道線","未繪設快慢車道分隔線","有","側撞","未依規定讓車","Y000","YY00",1,2,2014-08-18,"經武路","","金門縣金湖鎮全省傢俱路口","118.3875082","24.4434136"
10308,"10308Y00020021","YYA1","10308YY000028",2014,8,24,18,11,"金門縣","金沙鎮","",NA,"環島東路","三","",NA,"","","","","","林務所後門路段",NA,NA,NA,NA,NA,NA,NA,NA,NA,0,1,0,"晴","日間自然光線","村里道路",60,"三岔路","交岔路口內","柏油","乾燥","無缺陷","無障礙物","良好","無號誌","無號誌","無分向設施","未繪設車道線","未繪設快慢車道分隔線","有","衝出路外","酒醉（後）駕駛失控","Y000","YY00",1,2,2014-08-24,"環島東路三段","","金門縣金沙鎮林務所後門路段","118.4412269","24.4597558"
10308,"10308Y00020027","YYA1","10308YY000033",2014,8,28,10,24,"金門縣","金湖鎮","",NA,"經武路","","",NA,"","","","","","瓊徑路口附近路段",NA,NA,NA,NA,NA,NA,NA,NA,NA,0,1,0,"晴","日間自然光線","村里道路",60,"四岔路","交岔口附近","柏油","乾燥","無缺陷","無障礙物","良好","行車管制號誌","正常","附標記","未繪設車道線","未繪設快慢車道分隔線","有","追撞","未注意車前狀態","Y000","YY00",1,2,2014-08-28,"經武路","","金門縣金湖鎮瓊徑路口附近路段","118.3875082","24.4434136"
10308,"10308Y00020026","YYA1","10308YY000035",2014,8,29,19,16,"金門縣","金湖鎮","",NA,"太湖路","三","1",NA,"6","","","","","旁路段",NA,NA,NA,NA,NA,NA,NA,NA,NA,0,1,0,"陰","夜間（或隧道、地下道、涵洞）有照明","村里道路",40,"三岔路","交岔口附近","柏油","乾燥","路面鬆軟","無障礙物","良好","無號誌","無號誌","無分向設施","未繪設車道線","未繪設快慢車道分隔線","無","路上翻車、摔倒","路況危險無安全（警告）設施","Y000","YY00",1,2,2014-08-29,"太湖路三段1巷6號","","金門縣金湖鎮旁路段","118.4317691","24.4347503"
10308,"10308Y00020001","YZA1","10308YZ000001",2014,8,1,18,28,"金門縣","金城鎮","",NA,"民生路","","",NA,"63","","","","","",NA,NA,NA,NA,NA,NA,NA,NA,NA,0,1,0,"晴","日間自然光線","其他",40,"直路","一般車道（未劃分快慢車道）","柏油","乾燥","無缺陷","無障礙物","良好","無號誌","無號誌","附標記","未繪設車道線","快慢車道分隔線","有","路上翻車、摔倒","未依規定減速","Y000","YZ00",1,2,2014-08-01,"民生路63號","","金門縣金城鎮","118.3190184","24.43575"
10308,"10308Y00020002","YZA1","10308YZ000002",2014,8,3,10,36,"金門縣","金城鎮","",NA,"民權路","","",NA,"","","","","","70巷口",NA,NA,NA,NA,NA,NA,NA,NA,NA,0,2,0,"晴","日間自然光線","村里道路",40,"三岔路","交岔路口內","柏油","乾燥","無缺陷","無障礙物","良好","無號誌","無號誌","無分向設施","未繪設車道線","未繪設快慢車道分隔線","有","側撞","未保持行車安全距離","Y000","YZ00",1,2,2014-08-03,"民權路","","金門縣金城鎮70巷口","118.3168946","24.4355379"
10308,"10308Y00020003","YZA1","10308YZ000003",2014,8,4,12,27,"金門縣","金城鎮","",NA,"環島西路","一","",NA,"28","","","","","",NA,NA,NA,NA,NA,NA,NA,NA,NA,0,1,0,"晴","日間自然光線","村里道路",40,"三岔路","交岔路口內","柏油","乾燥","無缺陷","無障礙物","良好","無號誌","無號誌","無分向設施","未繪設車道線","未繪設快慢車道分隔線","有","側撞","未依規定讓車","Y000","YZ00",1,2,2014-08-04,"環島西路一段28號","","金門縣金城鎮","118.3184801","24.4172073"
10308,"10308Y00020004","YZA1","10308YZ000005",2014,8,5,15,30,"金門縣","金寧鄉","盤山村",NA,"伯玉路","二","",NA,"226-1","","","","","加揚快捷",NA,NA,NA,NA,NA,NA,NA,NA,NA,0,1,0,"晴","日間自然光線","縣道",60,"直路","一般車道（未劃分快慢車道）","柏油","乾燥","無缺陷","無障礙物","良好","無號誌","無號誌","附標記","未繪設車道線","未繪設快慢車道分隔線","有","其他","起步未注意其他車（人）安全","Y000","YZ00",1,2,2014-08-05,"伯玉路二段226-1號","","金門縣金寧鄉盤山村加揚快捷","118.3416148","24.4414563"
10308,"10308Y00020005","YZA1","10308YZ000007",2014,8,6,8,10,"金門縣","金寧鄉","",NA,"桃園路","","",NA,"","","","","","1309號燈桿",NA,NA,NA,NA,NA,NA,NA,NA,NA,0,1,0,"晴","日間自然光線","鄉道",50,"直路","一般車道（未劃分快慢車道）","柏油","乾燥","無缺陷","無障礙物","良好","無號誌","無號誌","無分向設施","未繪設車道線","未繪設快慢車道分隔線","有","側撞","違規超車","Y000","YZ00",1,2,2014-08-06,"桃園路","","金門縣金寧鄉1309號燈桿","118.3446627","24.4317794"
10308,"10308Y00020032","YZA1","10308YZ000008",2014,8,6,10,27,"金門縣","金城鎮","西門里",NA,"民權路","","",NA,"146","","","","","",NA,NA,NA,NA,NA,NA,NA,NA,NA,0,1,0,"晴","日間自然光線","鄉道",40,"直路","一般車道（未劃分快慢車道）","柏油","乾燥","無缺陷","其他障礙物","其他","無號誌","無號誌","無標記","未繪設車道線","快慢車道分隔線","有","其他","未注意車前狀態","Y000","YZ00",1,2,2014-08-06,"民權路146號","","金門縣金城鎮西門里","118.3172483","24.435949"