"年月","總編號","處理單位","處理編號","年","月","日","時","分","縣市","區","村里","鄰","街道","段","巷","弄","號","公尺處","街道.1","段.1","側","附近","道路","公里","公尺處.1","向","車道","平交道","公里.1","公尺處.2","附近.1","死","受傷","X2.30","天候","光線","道路類別","速限","道路型態","事故位置","路面鋪裝","路面狀態","路面缺陷","障礙物","視距","號誌種類","號誌動作","分向設施","快車道或一般車道間","快慢車道間","路面邊線","事故類型及型態","主要肇因","警局","分局","案件類別","事故類別","日期","道路1","道路2","概略位置","lon","lat"
10308,"10308Y00020016","YZA1","10308YZ000009",2014,8,6,16,10,"金門縣","金城鎮","",NA,"西海路","三","",NA,"","","北堤路","","","",NA,NA,NA,NA,NA,NA,NA,NA,NA,0,1,0,"晴","日間自然光線","鄉道",40,"四岔路","交岔口附近","柏油","乾燥","無缺陷","無障礙物","良好","行車管制號誌","正常","無標記","未繪設車道線","未繪設快慢車道分隔線","有","其他","起步未注意其他車（人）安全","Y000","YZ00",1,2,2014-08-06,"西海路三段","北堤路","","118.3155284","24.42927395"
10308,"10308Y00020006","YZA1","10308YZ000010",2014,8,8,8,50,"金門縣","金城鎮","",NA,"","","",NA,"","","","","","菜市場路2號前路段",NA,NA,NA,NA,NA,NA,NA,NA,NA,0,1,0,"晴","日間自然光線","村里道路",40,"直路","一般車道（未劃分快慢車道）","其他鋪裝","乾燥","無缺陷","無障礙物","良好","無號誌","無號誌","無分向設施","未繪設車道線","未繪設快慢車道分隔線","有","對向通行中","未注意車前狀態","Y000","YZ00",1,2,2014-08-08,"金門縣金城鎮菜市場路2號前路段","","金門縣金城鎮菜市場路2號前路段","118.3188791","24.4317089"
10308,"10308Y00020008","YZA1","10308YZ000011",2014,8,8,16,23,"金門縣","金寧鄉","榜林村",26,"伯玉路","一","",NA,"232","","","","","",NA,NA,NA,NA,NA,NA,NA,NA,NA,0,1,0,"晴","日間自然光線","縣道",60,"直路","一般車道（未劃分快慢車道）","柏油","乾燥","無缺陷","無障礙物","良好","無號誌","無號誌","無標記","未繪設車道線","快慢車道分隔線","有","側撞","未依規定讓車","Y000","YZ00",1,2,2014-08-08,"伯玉路一段232號","","金門縣金寧鄉榜林村","118.3267756","24.4346914"
10308,"10308Y00020035","YZA1","10308YZ000012",2014,8,3,7,16,"金門縣","金城鎮","",NA,"珠浦南路","","",NA,"46","","","","","路口",NA,NA,NA,NA,NA,NA,NA,NA,NA,0,1,0,"晴","日間自然光線","村里道路",40,"三岔路","交岔路口內","其他鋪裝","乾燥","無缺陷","無障礙物","建築物","無號誌","無號誌","無分向設施","未繪設車道線","未繪設快慢車道分隔線","無","其他","未注意車前狀態","Y000","YZ00",1,2,2014-08-03,"珠浦南路46號","","金門縣金城鎮路口","118.3152928","24.4311875"
10308,"10308Y00020007","YZA1","10308YZ000013",2014,8,8,14,41,"金門縣","金城鎮","東門里",NA,"珠浦東路","","",NA,"6","","","","","路口",NA,NA,NA,NA,NA,NA,NA,NA,NA,0,2,0,"晴","日間自然光線","村里道路",40,"四岔路","交岔路口內","水泥","乾燥","無缺陷","無障礙物","良好","無號誌","無號誌","無分向設施","未繪設車道線","未繪設快慢車道分隔線","無","路口交岔撞","未依規定減速","Y000","YZ00",1,2,2014-08-08,"珠浦東路6號","","金門縣金城鎮東門里路口","118.3189755","24.4310564"
10308,"10308Y00020017","YZA1","10308YZ000014",2014,8,11,12,30,"金門縣","金城鎮","",NA,"民族路","","210",5,"4","","","","","",NA,NA,NA,NA,NA,NA,NA,NA,NA,0,2,0,"晴","日間自然光線","鄉道",40,"三岔路","交岔路口內","其他鋪裝","乾燥","無缺陷","無障礙物","彎道","無號誌","無號誌","無分向設施","未繪設車道線","未繪設快慢車道分隔線","無","對向擦撞","未靠右行駛","Y000","YZ00",1,2,2014-08-11,"民族路210巷5弄4號","","金門縣金城鎮","118.3157499","24.4302723"
10308,"10308Y00020009","YZA1","10308YZ000015",2014,8,11,23,4,"金門縣","金寧鄉","盤山村",NA,"環島北路","二","",NA,"","","","","","頂堡段",NA,NA,NA,NA,NA,NA,NA,NA,NA,0,1,0,"晴","夜間（或隧道、地下道、涵洞）有照明","村里道路",50,"直路","一般車道（未劃分快慢車道）","柏油","乾燥","無缺陷","無障礙物","良好","無號誌","無號誌","附標記","未繪設車道線","未繪設快慢車道分隔線","有","撞路樹、電桿","未注意車前狀態","Y000","YZ00",1,2,2014-08-11,"環島北路二段","","金門縣金寧鄉盤山村頂堡段","118.3537405","24.452631"
10308,"10308Y00020010","YZA1","10308YZ000017",2014,8,14,9,1,"金門縣","金城鎮","",NA,"民權路","","",NA,"","","莒光路","","","路口",NA,NA,NA,NA,NA,NA,NA,NA,NA,0,1,0,"晴","日間自然光線","村里道路",40,"三岔路","交岔路口內","柏油","乾燥","無缺陷","路上有停車","路上停放車輛","無號誌","無號誌","無分向設施","未繪設車道線","未繪設快慢車道分隔線","有","側撞","未依規定讓車","Y000","YZ00",1,2,2014-08-14,"民權路","莒光路","","118.3156202","24.43419458"
10308,"10308Y00020018","YZA1","10308YZ000021",2014,8,17,10,24,"金門縣","金寧鄉","",NA,"","","",NA,"","","","","","嚨口1號",NA,NA,NA,NA,NA,NA,NA,NA,NA,0,1,0,"晴","日間自然光線","村里道路",30,"四岔路","交岔路口內","碎石","乾燥","無缺陷","無障礙物","良好","無號誌","無號誌","無分向設施","未繪設車道線","未繪設快慢車道分隔線","無","穿越道路中","未注意車前狀態","Y000","YZ00",1,2,2014-08-17,"金門縣金寧鄉嚨口1號","","金門縣金寧鄉嚨口1號","118.3523516","24.463443"
10308,"10308Y00020019","YZA1","10308YZ000023",2014,8,17,18,59,"金門縣","金城鎮","",NA,"西海路","三","",NA,"","","","","","空大路段",NA,NA,NA,NA,NA,NA,NA,NA,NA,0,1,0,"晴","夜間（或隧道、地下道、涵洞）有照明","村里道路",50,"三岔路","交岔路口內","柏油","乾燥","無缺陷","無障礙物","良好","無號誌","無號誌","無分向設施","未繪設車道線","未繪設快慢車道分隔線","有","側撞","違規超車","Y000","YZ00",1,2,2014-08-17,"西海路三段","","金門縣金城鎮空大路段","118.3124964","24.4226194"
10308,"10308Y00020025","YZA1","10308YZ000025",2014,8,18,17,50,"金門縣","金寧鄉","盤山村",NA,"伯玉路","二","",NA,"","","","","","東林汽車路段",NA,NA,NA,NA,NA,NA,NA,NA,NA,0,1,0,"晴","日間自然光線","鄉道",70,"直路","一般車道（未劃分快慢車道）","柏油","乾燥","無缺陷","無障礙物","良好","無號誌","無號誌","無標記","未繪設車道線","未繪設快慢車道分隔線","無","衝出路外","酒醉（後）駕駛失控","Y000","YZ00",1,2,2014-08-18,"伯玉路二段","","金門縣金寧鄉盤山村東林汽車路段","118.3416148","24.4414563"
10308,"10308Y00020023","YZA1","10308YZ000026",2014,8,21,13,5,"金門縣","烈嶼鄉","",NA,"八青路","","",NA,"","","","","","青岐43之1號前路口",NA,NA,NA,NA,NA,NA,NA,NA,NA,0,1,0,"晴","日間自然光線","村里道路",60,"三岔路","交岔路口內","柏油","乾燥","無缺陷","無障礙物","良好","無號誌","無號誌","無標記","未繪設車道線","未繪設快慢車道分隔線","有","側撞","未依規定讓車","Y000","YZ00",1,2,2014-08-21,"八青路","","金門縣烈嶼鄉青岐43之1號前路口","118.2364682","24.422863"
10308,"10308Y00020020","YZA1","10308YZ000027",2014,8,23,12,5,"金門縣","金城鎮","",NA,"西海路","三","",NA,"","","","","","空大路段",NA,NA,NA,NA,NA,NA,NA,NA,NA,0,1,0,"晴","日間自然光線","鄉道",50,"三岔路","交岔路口內","柏油","乾燥","無缺陷","無障礙物","良好","無號誌","無號誌","無分向設施","未繪設車道線","未繪設快慢車道分隔線","無","追撞","未保持行車安全距離","Y000","YZ00",1,2,2014-08-23,"西海路三段","","金門縣金城鎮空大路段","118.3124964","24.4226194"
10308,"10308Y00020031","YZA1","10308YZ000029",2014,8,25,13,5,"金門縣","金城鎮","",NA,"桃園路","","",NA,"","","","","","呷哈味檳榔攤前路段",NA,NA,NA,NA,NA,NA,NA,NA,NA,0,1,0,"晴","日間自然光線","村里道路",50,"三岔路","交岔口附近","柏油","乾燥","無缺陷","無障礙物","良好","無號誌","無號誌","附標記","未繪設車道線","未繪設快慢車道分隔線","無","追撞","未保持行車安全距離","Y000","YZ00",1,2,2014-08-25,"桃園路","","金門縣金城鎮呷哈味檳榔攤前路段","118.3446627","24.4317794"
10308,"10308Y00020022","YZA1","10308YZ000030",2014,8,26,15,7,"金門縣","金城鎮","東門里",NA,"民生路","","",NA,"","","","","","車站圓環",NA,NA,NA,NA,NA,NA,NA,NA,NA,0,1,0,"晴","日間自然光線","村里道路",40,"圓環","一般車道（未劃分快慢車道）","柏油","乾燥","無缺陷","無障礙物","良好","無號誌","無號誌","無分向設施","未繪設車道線","未繪設快慢車道分隔線","有","其他","未依規定讓車","Y000","YZ00",1,2,2014-08-26,"民生路","","金門縣金城鎮東門里車站圓環","118.3190184","24.43575"
10308,"10308Y00020033","YZA1","10308YZ000031",2014,8,27,20,14,"金門縣","金城鎮","南門里",NA,"民族路","","",NA,"","","西海路","三","","85度C前",NA,NA,NA,NA,NA,NA,NA,NA,NA,0,1,0,"晴","夜間（或隧道、地下道、涵洞）有照明","村里道路",40,"三岔路","交岔路口內","柏油","乾燥","無缺陷","無障礙物","良好","無號誌","無號誌","無分向設施","未繪設車道線","未繪設快慢車道分隔線","有","其他","違規超車","Y000","YZ00",1,2,2014-08-27,"民族路","西海路三段","","118.315517","24.430271"
10308,"10308Y00020029","YZA1","10308YZ000032",2014,8,28,9,2,"金門縣","金城鎮","",NA,"民族路","","",NA,"","","","","","代天府前",NA,NA,NA,NA,NA,NA,NA,NA,NA,0,1,0,"晴","日間自然光線","鄉道",40,"三岔路","交岔路口內","柏油","乾燥","無缺陷","路上有停車","路上停放車輛","無號誌","無號誌","無分向設施","未繪設車道線","未繪設快慢車道分隔線","無","其他","起步未注意其他車（人）安全","Y000","YZ00",1,2,2014-08-28,"民族路","","金門縣金城鎮代天府前","118.3157499","24.4302723"
10308,"10308Y00020024","YZA1","10308YZ000034",2014,8,29,17,55,"金門縣","金城鎮","",NA,"環島西路","一","",NA,"","","","","","吳厝路口",NA,NA,NA,NA,NA,NA,NA,NA,NA,0,1,0,"晴","日間自然光線","村里道路",50,"三岔路","交岔路口內","柏油","乾燥","無缺陷","無障礙物","良好","無號誌","無號誌","無分向設施","未繪設車道線","未繪設快慢車道分隔線","有","側撞","未依規定讓車","Y000","YZ00",1,2,2014-08-29,"環島西路一段","","金門縣金城鎮吳厝路口","118.3184801","24.4172073"
10308,"10308Y00020028","YZA1","10308YZ000036",2014,8,31,13,0,"金門縣","金城鎮","",NA,"環島北路","一","38",2,"11","","","","","",NA,NA,NA,NA,NA,NA,NA,NA,NA,0,2,0,"晴","日間自然光線","村里道路",40,"四岔路","交岔路口內","柏油","乾燥","無缺陷","無障礙物","樹木、農作物","無號誌","無號誌","無分向設施","未繪設車道線","未繪設快慢車道分隔線","有","路口交岔撞","未依規定讓車","Y000","YZ00",1,2,2014-08-31,"環島北路一段38巷2弄11號","","金門縣金城鎮","118.3283226","24.4462231"
10308,"10308Y00020034","YZA1","10308YZ000037",2014,8,31,16,19,"金門縣","金寧鄉","",NA,"伯玉路","二","",NA,"","","","","","加揚快捷",NA,NA,NA,NA,NA,NA,NA,NA,NA,0,1,0,"晴","日間自然光線","鄉道",70,"直路","一般車道（未劃分快慢車道）","柏油","乾燥","無缺陷","無障礙物","良好","無號誌","無號誌","附標記","未繪設車道線","快慢車道分隔線","有","衝出路外","未注意車前狀態","Y000","YZ00",1,2,2014-08-31,"伯玉路二段","","金門縣金寧鄉加揚快捷","118.3416148","24.4414563"
10308,"10308Y00020030","YZA1","10308YZ000038",2014,8,31,15,58,"金門縣","金城鎮","",NA,"民權路","","",NA,"","","","","","民生路45巷8弄路口",NA,NA,NA,NA,NA,NA,NA,NA,NA,0,2,0,"晴","日間自然光線","村里道路",40,"三岔路","交岔路口內","柏油","乾燥","無缺陷","無障礙物","良好","無號誌","無號誌","無分向設施","未繪設車道線","快慢車道分隔線","有","側撞","未依規定讓車","Y000","YZ00",1,2,2014-08-31,"民權路","","金門縣金城鎮民生路45巷8弄路口","118.3168946","24.4355379"
10309,"","YYA1","10309YY000005",2014,9,2,17,0,"金門縣","金湖鎮","",NA,"復興路","","",NA,"132","","","","","",NA,NA,NA,NA,NA,NA,NA,NA,NA,0,0,0,NA,NA,NA,0,NA,NA,NA,NA,NA,NA,NA,NA,NA,NA,NA,NA,NA,NA,NA,"Y000","YY00",1,4,2014-09-02,"復興路132號","","金門縣金湖鎮","118.4161413","24.4412321"
10309,"10309Y00020045","YYA1","10309YY000007",2014,9,5,9,17,"金門縣","金湖鎮","山外里",NA,"黃海路","","",NA,"","","","","","順益車行前1369路燈桿",NA,NA,NA,NA,NA,NA,NA,NA,NA,0,1,0,"晴","日間自然光線","村里道路",60,"直路","慢車道","柏油","乾燥","無缺陷","無障礙物","良好","無號誌","無號誌","無標記","未繪設車道線","未繪設快慢車道分隔線","有","撞路樹、電桿","酒醉（後）駕駛失控","Y000","YY00",1,2,2014-09-05,"黃海路","","金門縣金湖鎮山外里順益車行前1369路燈桿","118.4256931","24.452032"
10309,"10309Y00020003","YYA1","10309YY000009",2014,9,6,5,56,"金門縣","金沙鎮","",NA,"沙青路","","",NA,"","","","","","01997路燈",NA,NA,NA,NA,NA,NA,NA,NA,NA,0,1,0,"晴","日間自然光線","村里道路",60,"直路","一般車道（未劃分快慢車道）","柏油","乾燥","無缺陷","無障礙物","良好","無號誌","無號誌","無標記","未繪設車道線","未繪設快慢車道分隔線","有","同向通行中","酒醉（後）駕駛失控","Y000","YY00",1,2,2014-09-06,"沙青路","","金門縣金沙鎮01997路燈","118.4130838","24.5066188"
10309,"10309Y00020008","YYA1","10309YY000010",2014,9,6,16,18,"金門縣","金沙鎮","",NA,"","","",NA,"","","","","","洋山07285號路燈桿",NA,NA,NA,NA,NA,NA,NA,NA,NA,0,2,0,"晴","日間自然光線","村里道路",50,"三岔路","交岔口附近","柏油","乾燥","有坑洞","無障礙物","良好","無號誌","無號誌","無標記","未繪設車道線","未繪設快慢車道分隔線","有","路上翻車、摔倒","未注意車前狀態","Y000","YY00",1,2,2014-09-06,"金門縣金沙鎮洋山07285號路燈桿","","金門縣金沙鎮洋山07285號路燈桿","118.397696","24.490082"
10309,"10309Y00030002","YYA1","10309YY000014",2014,9,8,3,43,"金門縣","金湖鎮","",NA,"環島南路","四","",NA,"","","","","","0522號路燈桿處",NA,NA,NA,NA,NA,NA,NA,NA,NA,0,0,0,"晴","夜間（或隧道、地下道、涵洞）有照明","村里道路",60,"直路","一般車道（未劃分快慢車道）","柏油","乾燥","無缺陷","無障礙物","良好","無號誌","無號誌","無標記","未繪設車道線","快慢車道分隔線","有","撞路樹、電桿","酒醉（後）駕駛失控","Y000","YY00",1,3,2014-09-08,"環島南路四段","","金門縣金湖鎮0522號路燈桿處","118.40101","24.438041"
10309,"","YYA1","10309YY000015",2014,9,8,11,19,"金門縣","金湖鎮","",NA,"經武路","","",NA,"","","瓊徑路","","","",NA,NA,NA,NA,NA,NA,NA,NA,NA,0,0,0,NA,NA,NA,0,NA,NA,NA,NA,NA,NA,NA,NA,NA,NA,NA,NA,NA,NA,NA,"Y000","YY00",1,4,2014-09-08,"經武路","瓊徑路","","118.3880485","24.44342822"
10309,"10309Y00020004","YYA1","10309YY000016",2014,9,8,11,50,"金門縣","金湖鎮","",NA,"太湖路","二","",NA,"","","自強路","","","",NA,NA,NA,NA,NA,NA,NA,NA,NA,0,1,0,"晴","日間自然光線","村里道路",50,"四岔路","交岔路口內","柏油","乾燥","無缺陷","無障礙物","良好","行車管制號誌（附設行人專用號誌）","正常","無分向設施","未繪設車道線","未繪設快慢車道分隔線","有","側撞","未依規定讓車","Y000","YY00",1,2,2014-09-08,"太湖路二段","自強路","","118.4150341","24.44011257"
10309,"","YYA1","10309YY000017",2014,9,8,11,22,"金門縣","金湖鎮","",NA,"經武路","","",NA,"","","瓊徑路","","","",NA,NA,NA,NA,NA,NA,NA,NA,NA,0,0,0,NA,NA,NA,0,NA,NA,NA,NA,NA,NA,NA,NA,NA,NA,NA,NA,NA,NA,NA,"Y000","YY00",1,4,2014-09-08,"經武路","瓊徑路","","118.3880485","24.44342822"
10309,"10309Y00020009","YYA1","10309YY000019",2014,9,8,19,32,"金門縣","金湖鎮","",NA,"黃海路","","",NA,"","","","","","下莊路口",NA,NA,NA,NA,NA,NA,NA,NA,NA,0,1,0,"晴","夜間（或隧道、地下道、涵洞）有照明","村里道路",60,"四岔路","交岔路口內","柏油","乾燥","無缺陷","無障礙物","良好","行車管制號誌","正常","無分向設施","未繪設車道線","未繪設快慢車道分隔線","有","側撞","未依規定使用燈光","Y000","YY00",NA,NA,2014-09-08,"黃海路","","金門縣金湖鎮下莊路口","118.4256931","24.452032"
10309,"10309Y00020005","YYA1","10309YY000021",2014,9,9,16,53,"金門縣","金湖鎮","",NA,"金港路","","",NA,"","","","","","1555柱路燈",NA,NA,NA,NA,NA,NA,NA,NA,NA,0,1,0,"晴","日間自然光線","村里道路",50,"直路","一般車道（未劃分快慢車道）","柏油","乾燥","無缺陷","無障礙物","良好","無號誌","無號誌","無標記","未繪設車道線","未繪設快慢車道分隔線","有","其他","迴轉未依規定","Y000","YY00",1,2,2014-09-09,"金港路","","金門縣金湖鎮1555柱路燈","118.4341546","24.4172342"
10309,"10309Y00020011","YYA1","10309YY000023",2014,9,10,16,28,"金門縣","金湖鎮","",NA,"黃海路","","",NA,"","","中正路","","","",NA,NA,NA,NA,NA,NA,NA,NA,NA,0,1,0,"晴","日間自然光線","村里道路",60,"三岔路","交岔路口內","柏油","乾燥","無缺陷","無障礙物","良好","無號誌","無號誌","無分向設施","未繪設車道線","未繪設快慢車道分隔線","有","側撞","左轉彎未依規定","Y000","YY00",1,2,2014-09-10,"黃海路","中正路","","118.4140014","24.4418872"
10309,"10309Y00020038","YYA1","10309YY000027",2014,9,12,16,52,"金門縣","金湖鎮","",NA,"伯玉路","四","",NA,"","","","","","1144柱路燈",NA,NA,NA,NA,NA,NA,NA,NA,NA,0,1,0,"晴","日間自然光線","村里道路",70,"直路","慢車道","柏油","乾燥","無缺陷","無障礙物","良好","無號誌","無號誌","無標記","未繪設車道線","快慢車道分隔線","有","追撞","未保持行車安全距離","Y000","YY00",1,2,2014-09-12,"伯玉路四段","","金門縣金湖鎮1144柱路燈","118.3798588","24.4470039"
10309,"10309Y00020039","YYA1","10309YY000032",2014,9,14,17,37,"金門縣","金湖鎮","",NA,"環島南路","四","",NA,"","","","","","168加油站出口前路段",NA,NA,NA,NA,NA,NA,NA,NA,NA,0,1,0,"晴","日間自然光線","村里道路",50,"直路","一般車道（未劃分快慢車道）","柏油","乾燥","有坑洞","道路工事（程）中","良好","無號誌","無號誌","無標記","未繪設車道線","未繪設快慢車道分隔線","有","路上翻車、摔倒","酒醉（後）駕駛失控","Y000","YY00",1,2,2014-09-14,"環島南路四段","","金門縣金湖鎮168加油站出口前路段","118.40101","24.438041"
10309,"","YYA1","10309YY000035",2014,9,11,17,45,"金門縣","金湖鎮","正義里",NA,"環島南路","三","",NA,"","","","","","機場圓環內車道",NA,NA,NA,NA,NA,NA,NA,NA,NA,0,2,0,"晴","日間自然光線","村里道路",50,"圓環","一般車道（未劃分快慢車道）","柏油","乾燥","無缺陷","無障礙物","良好","無號誌","無號誌","無分向設施","車道線（無標記）","未繪設快慢車道分隔線","有","路上翻車、摔倒","未依規定減速","Y000","YY00",3,2,2014-09-11,"環島南路三段","","金門縣金湖鎮正義里機場圓環內車道","118.3757827","24.4398961"
10309,"","YYA1","10309YY000036",2014,9,16,22,43,"金門縣","金湖鎮","新市里",NA,"太湖路","二","",NA,"","","","","","昇恆昌路口處",NA,NA,NA,NA,NA,NA,NA,NA,NA,0,0,0,"晴","夜間（或隧道、地下道、涵洞）無照明","村里道路",50,"三岔路","交岔路口內","柏油","乾燥","無缺陷","無障礙物","良好","無號誌","無號誌","無分向設施","未繪設車道線","未繪設快慢車道分隔線","有","對向擦撞","左轉彎未依規定","Y000","YY00",1,4,2014-09-16,"太湖路二段","","金門縣金湖鎮新市里昇恆昌路口處","118.4170143","24.4394812"
10309,"10309Y00030006","YYA1","10309YY000038",2014,9,18,0,40,"金門縣","金沙鎮","光前里",NA,"環島東路","一","",NA,"","","","","","金沙公墓前路口",NA,NA,NA,NA,NA,NA,NA,NA,NA,0,0,0,"晴","夜間（或隧道、地下道、涵洞）有照明","村里道路",60,"三岔路","交岔路口內","柏油","乾燥","無缺陷","無障礙物","良好","無號誌","無號誌","無分向設施","未繪設車道線","未繪設快慢車道分隔線","有","衝出路外","酒醉（後）駕駛失控","Y000","YY00",1,3,2014-09-18,"環島東路一段","","金門縣金沙鎮光前里金沙公墓前路口","118.4213083","24.4841071"
10309,"","YYA1","10309YY000041",2014,9,19,7,13,"金門縣","金湖鎮","",NA,"太湖路","一","",NA,"","","","","","1479號路燈桿路段",NA,NA,NA,NA,NA,NA,NA,NA,NA,0,0,0,NA,NA,NA,0,NA,NA,NA,NA,NA,NA,NA,NA,NA,NA,NA,NA,NA,NA,NA,"Y000","YY00",1,4,2014-09-19,"太湖路一段","","金門縣金湖鎮1479號路燈桿路段","118.4047483","24.4473343"
10309,"10309Y00020032","YYA1","10309YY000046",2014,9,17,18,40,"金門縣","金湖鎮","新市里",NA,"中正路","","",NA,"70","","","","","",NA,NA,NA,NA,NA,NA,NA,NA,NA,0,2,0,"晴","夜間（或隧道、地下道、涵洞）有照明","村里道路",50,"直路","一般車道（未劃分快慢車道）","柏油","乾燥","無缺陷","無障礙物","良好","無號誌","無號誌","無標記","未繪設車道線","未繪設快慢車道分隔線","有","側撞","未注意車前狀態","Y000","YY00",1,2,2014-09-17,"中正路70號","","金門縣金湖鎮新市里","118.4156249","24.4409009"
10309,"","YYA1","10309YY000051",2014,9,22,15,0,"金門縣","金沙鎮","",NA,"環島北路","三","",NA,"","","","","","晨光教養院路口處",NA,NA,NA,NA,NA,NA,NA,NA,NA,0,0,0,"晴","日間自然光線","村里道路",60,"三岔路","交岔口附近","柏油","濕潤","無缺陷","無障礙物","良好","無號誌","無號誌","無標記","未繪設車道線","未繪設快慢車道分隔線","有","追撞","未保持行車安全距離","Y000","YY00",1,4,2014-09-22,"環島北路三段","","金門縣金沙鎮晨光教養院路口處","118.388325","24.466263"
10309,"","YYA1","10309YY000052",2014,9,22,16,20,"金門縣","金湖鎮","",NA,"","","",NA,"","","","","","金門醫院旁公用停車場",NA,NA,NA,NA,NA,NA,NA,NA,NA,0,0,0,"晴","日間自然光線","其他",40,"三岔路","交岔口附近","柏油","乾燥","無缺陷","無障礙物","良好","無號誌","無號誌","無分向設施","未繪設車道線","未繪設快慢車道分隔線","無","倒車撞","倒車未依規定","Y000","YY00",1,4,2014-09-22,"金門縣金湖鎮金門醫院旁公用停車場","","金門縣金湖鎮金門醫院旁公用停車場","118.4279933","24.4376913"
10309,"10309Y00020041","YYA1","10309YY000060",2014,9,28,9,41,"金門縣","金湖鎮","",NA,"環島南路","四","",NA,"","","","","","塔后路口",NA,NA,NA,NA,NA,NA,NA,NA,NA,0,1,0,"晴","日間自然光線","村里道路",50,"四岔路","交岔路口內","柏油","乾燥","無缺陷","無障礙物","良好","無號誌","無號誌","無分向設施","未繪設車道線","快慢車道分隔線","有","側撞","右轉彎未依規定","Y000","YY00",1,2,2014-09-28,"環島南路四段","","金門縣金湖鎮塔后路口","118.40101","24.438041"
10309,"10309Y00020043","YYA1","10309YY000062",2014,9,29,21,20,"金門縣","金湖鎮","",NA,"市港路","","",NA,"60","","","","","",NA,NA,NA,NA,NA,NA,NA,NA,NA,0,1,0,"晴","夜間（或隧道、地下道、涵洞）有照明","村里道路",50,"直路","一般車道（未劃分快慢車道）","柏油","乾燥","無缺陷","無障礙物","良好","無號誌","無號誌","無標記","未繪設車道線","快慢車道分隔線","有","追撞","違規停車或暫停不當而肇事","Y000","YY00",1,2,2014-09-29,"市港路60號","","金門縣金湖鎮","118.4099121","24.4348324"
10309,"","YYA1","10309YY000066",2014,9,28,13,16,"金門縣","金湖鎮","",NA,"","","",NA,"","","","","","金湖國小停車場",NA,NA,NA,NA,NA,NA,NA,NA,NA,0,0,0,NA,NA,NA,0,NA,NA,NA,NA,NA,NA,NA,NA,NA,NA,NA,NA,NA,NA,NA,"Y000","YY00",1,4,2014-09-28,"金門縣金湖鎮金湖國小停車場","","金門縣金湖鎮金湖國小停車場","118.4161669","24.4419294"
10309,"10309Y00020007","YZA1","10309YZ000001",2014,9,1,13,30,"金門縣","金城鎮","",NA,"民生路","","",NA,"","","","","","金城幼稚園前路段",NA,NA,NA,NA,NA,NA,NA,NA,NA,0,1,0,"晴","日間自然光線","村里道路",40,"四岔路","交岔口附近","柏油","乾燥","無缺陷","路上有停車","良好","無號誌","無號誌","無標記","未繪設車道線","快慢車道分隔線","有","同向擦撞","未保持行車安全間隔","Y000","YZ00",1,2,2014-09-01,"民生路","","金門縣金城鎮金城幼稚園前路段","118.3190184","24.43575"
10309,"10309Y00020006","YZA1","10309YZ000002",2014,9,1,7,30,"金門縣","金城鎮","",NA,"伯玉路","一","80",NA,"21","10","","","","",NA,NA,NA,NA,NA,NA,NA,NA,NA,0,1,0,"晴","日間自然光線","村里道路",40,"四岔路","交岔口附近","柏油","乾燥","無缺陷","無障礙物","良好","無號誌","無號誌","無分向設施","未繪設車道線","未繪設快慢車道分隔線","無","側撞","未依規定讓車","Y000","YZ00",1,2,2014-09-01,"伯玉路一段80巷21號","","金門縣金城鎮","118.3267756","24.4346914"
10309,"10309Y00020015","YZA1","10309YZ000003",2014,9,1,16,37,"金門縣","金寧鄉","",NA,"伯玉路","二","",NA,"","","","","","金民加油站前",NA,NA,NA,NA,NA,NA,NA,NA,NA,0,1,0,"晴","日間自然光線","村里道路",70,"三岔路","交岔路口內","柏油","乾燥","無缺陷","無障礙物","良好","無號誌","無號誌","無分向設施","未繪設車道線","快慢車道分隔線","有","側撞","右轉彎未依規定","Y000","YZ00",1,2,2014-09-01,"伯玉路二段","","金門縣金寧鄉金民加油站前","118.3416148","24.4414563"
10309,"10309Y00020001","YZA1","10309YZ000004",2014,9,2,8,20,"金門縣","金城鎮","",NA,"民權路","","",NA,"","","","","","民生路45巷8弄路口",NA,NA,NA,NA,NA,NA,NA,NA,NA,0,1,0,"晴","日間自然光線","鄉道",40,"三岔路","交岔路口內","柏油","乾燥","無缺陷","無障礙物","良好","無號誌","無號誌","無分向設施","未繪設車道線","快慢車道分隔線","有","側撞","右轉彎未依規定","Y000","YZ00",1,2,2014-09-02,"民權路","","金門縣金城鎮民生路45巷8弄路口","118.3168946","24.4355379"
10309,"10309Y00020002","YZA1","10309YZ000006",2014,9,3,8,27,"金門縣","金寧鄉","",NA,"伯玉路","二","",NA,"","","盤果路","","","",NA,NA,NA,NA,NA,NA,NA,NA,NA,0,1,0,"晴","日間自然光線","村里道路",70,"四岔路","交岔路口內","柏油","乾燥","無缺陷","無障礙物","良好","行車管制號誌","正常","無分向設施","未繪設車道線","未繪設快慢車道分隔線","有","側撞","未依規定讓車","Y000","YZ00",1,2,2014-09-03,"伯玉路二段","盤果路","","118.3402912","24.44112005"
10309,"10309Y00030001","YZA1","10309YZ000008",2014,9,5,14,8,"金門縣","金城鎮","",NA,"伯玉路","一","",NA,"","","","","","陳金福號前",NA,NA,NA,NA,NA,NA,NA,NA,NA,0,0,0,"晴","日間自然光線","村里道路",60,"四岔路","交岔口附近","柏油","乾燥","無缺陷","無障礙物","良好","無號誌","無號誌","附標記","未繪設車道線","快慢車道分隔線","有","追撞","未保持行車安全距離","Y000","YZ00",1,3,2014-09-05,"伯玉路一段","","金門縣金城鎮陳金福號前","118.3267756","24.4346914"