"年月","總編號","處理單位","處理編號","年","月","日","時","分","縣市","區","村里","鄰","街道","段","巷","弄","號","公尺處","街道.1","段.1","側","附近","道路","公里","公尺處.1","向","車道","平交道","公里.1","公尺處.2","附近.1","死","受傷","X2.30","天候","光線","道路類別","速限","道路型態","事故位置","路面鋪裝","路面狀態","路面缺陷","障礙物","視距","號誌種類","號誌動作","分向設施","快車道或一般車道間","快慢車道間","路面邊線","事故類型及型態","主要肇因","警局","分局","案件類別","事故類別","日期","道路1","道路2","概略位置","lon","lat"
10309,"10309Y00020016","YZA1","10309YZ000011",2014,9,6,20,0,"金門縣","金城鎮","",NA,"","","",NA,"","","","","","鎮公所後方停車場路段",NA,NA,NA,NA,NA,NA,NA,NA,NA,0,1,0,"晴","日間自然光線","村里道路",40,"直路","一般車道（未劃分快慢車道）","柏油","乾燥","無缺陷","無障礙物","良好","無號誌","無號誌","無標記","未繪設車道線","未繪設快慢車道分隔線","無","倒車撞","倒車未依規定","Y000","YZ00",1,2,2014-09-06,"金門縣金城鎮鎮公所後方停車場路段","","金門縣金城鎮鎮公所後方停車場路段","118.3166667","24.4166667"
10309,"","YZA1","10309YZ000012",2014,9,6,11,9,"金門縣","金寧鄉","",NA,"伯玉路","","",NA,"","","","","","榜林圓環",NA,NA,NA,NA,NA,NA,NA,NA,NA,0,0,0,"晴",NA,NA,40,NA,NA,NA,NA,NA,NA,NA,NA,NA,NA,NA,NA,NA,NA,NA,"Y000","YZ00",1,4,2014-09-06,"伯玉路","","金門縣金寧鄉榜林圓環","118.3267756","24.4346914"
10309,"10309Y00020018","YZA1","10309YZ000013",2014,9,6,12,34,"金門縣","烈嶼鄉","",NA,"湖埔路","","",NA,"","","","","","湖前路段",NA,NA,NA,NA,NA,NA,NA,NA,NA,0,1,0,"晴","日間自然光線","村里道路",40,"三岔路","交岔口附近","柏油","乾燥","無缺陷","無障礙物","良好","無號誌","無號誌","無標記","未繪設車道線","未繪設快慢車道分隔線","有","路上翻車、摔倒","未依規定減速","Y000","YZ00",1,2,2014-09-06,"湖埔路","","金門縣烈嶼鄉湖前路段","118.258388","24.4413942"
10309,"10309Y00030003","YZA1","10309YZ000018",2014,9,8,11,16,"金門縣","金寧鄉","榜林村",NA,"伯玉路","二","",NA,"","","","","","榜林圓環",NA,NA,NA,NA,NA,NA,NA,NA,NA,0,0,0,"晴","日間自然光線","村里道路",70,"圓環","一般車道（未劃分快慢車道）","柏油","乾燥","無缺陷","無障礙物","良好","無號誌","無號誌","無分向設施","車道線（無標記）","未繪設快慢車道分隔線","有","其他","未依規定讓車","Y000","YZ00",1,3,2014-09-08,"伯玉路二段","","金門縣金寧鄉榜林村榜林圓環","118.3416148","24.4414563"
10309,"10309Y00020017","YZA1","10309YZ000020",2014,9,9,16,20,"金門縣","金寧鄉","",NA,"伯玉路","二","",NA,"","","盤果路","","","路口",NA,NA,NA,NA,NA,NA,NA,NA,NA,0,2,0,"晴","日間自然光線","村里道路",70,"四岔路","交岔路口內","柏油","乾燥","無缺陷","無障礙物","良好","行車管制號誌","正常","無分向設施","未繪設車道線","未繪設快慢車道分隔線","有","側撞","酒醉（後）駕駛失控","Y000","YZ00",1,2,2014-09-09,"伯玉路二段","盤果路","","118.3402912","24.44112005"
10309,"10309Y00020010","YZA1","10309YZ000022",2014,9,10,15,16,"金門縣","金寧鄉","",NA,"伯玉路","二","",NA,"","","","","","金民加油站前路段",NA,NA,NA,NA,NA,NA,NA,NA,NA,0,2,0,"晴","日間自然光線","村里道路",70,"三岔路","交岔路口內","柏油","乾燥","無缺陷","無障礙物","良好","無號誌","無號誌","無分向設施","未繪設車道線","未繪設快慢車道分隔線","有","側撞","右轉彎未依規定","Y000","YZ00",1,2,2014-09-10,"伯玉路二段","","金門縣金寧鄉金民加油站前路段","118.3416148","24.4414563"
10309,"10309Y00020012","YZA1","10309YZ000024",2014,9,11,11,0,"金門縣","金城鎮","",NA,"民生路","","",NA,"60","","","","","金門縣政府前路口",NA,NA,NA,NA,NA,NA,NA,NA,NA,0,2,0,"晴","日間自然光線","村里道路",40,"三岔路","交岔路口內","柏油","乾燥","無缺陷","無障礙物","良好","無號誌","無號誌","無分向設施","未繪設車道線","未繪設快慢車道分隔線","有","側撞","未依規定讓車","Y000","YZ00",1,2,2014-09-11,"民生路60號","","金門縣金城鎮金門縣政府前路口","118.3190184","24.43575"
10309,"10309Y00020030","YZA1","10309YZ000025",2014,9,11,19,5,"金門縣","金寧鄉","",NA,"瓊安路","","",NA,"","","","","","安岐268號前路段",NA,NA,NA,NA,NA,NA,NA,NA,NA,0,1,0,"晴","夜間（或隧道、地下道、涵洞）有照明","村里道路",40,"直路","一般車道（未劃分快慢車道）","柏油","乾燥","無缺陷","無障礙物","良好","無號誌","無號誌","無標記","未繪設車道線","未繪設快慢車道分隔線","無","同向通行中","未注意車前狀態","Y000","YZ00",1,2,2014-09-11,"瓊安路","","金門縣金寧鄉安岐268號前路段","118.343873","24.4603508"
10309,"10309Y00020026","YZA1","10309YZ000026",2014,9,12,6,59,"金門縣","金城鎮","",NA,"民權路","","",NA,"147","","","","","金城衛生所旁路口",NA,NA,NA,NA,NA,NA,NA,NA,NA,0,2,0,"晴","日間自然光線","村里道路",40,"三岔路","交岔路口內","柏油","乾燥","無缺陷","無障礙物","良好","無號誌","無號誌","無分向設施","未繪設車道線","未繪設快慢車道分隔線","有","側撞","未依規定讓車","Y000","YZ00",1,2,2014-09-12,"民權路147號","","金門縣金城鎮金城衛生所旁路口","118.3177213","24.4364034"
10309,"10309Y00020013","YZA1","10309YZ000028",2014,9,12,18,53,"金門縣","金寧鄉","",NA,"大學路","","",NA,"55-1","","","","","",NA,NA,NA,NA,NA,NA,NA,NA,NA,0,1,0,"晴","夜間（或隧道、地下道、涵洞）有照明","村里道路",40,"直路","一般車道（未劃分快慢車道）","柏油","乾燥","無缺陷","無障礙物","良好","無號誌","無號誌","寬式（50公分以上）","未繪設車道線","未繪設快慢車道分隔線","有","路上翻車、摔倒","未注意車前狀態","Y000","YZ00",1,2,2014-09-12,"大學路55-1號","","金門縣金寧鄉","118.325279","24.4466751"
10309,"10309Y00020019","YZA1","10309YZ000029",2014,9,12,22,56,"金門縣","金城鎮","",NA,"民生路","","",NA,"7","","","","","",NA,NA,NA,NA,NA,NA,NA,NA,NA,0,3,0,"晴","夜間（或隧道、地下道、涵洞）有照明","村里道路",40,"直路","一般車道（未劃分快慢車道）","柏油","乾燥","無缺陷","無障礙物","良好","無號誌","無號誌","無標記","未繪設車道線","快慢車道分隔線","有","側撞","左轉彎未依規定","Y000","YZ00",1,2,2014-09-12,"民生路7號","","金門縣金城鎮","118.3190184","24.43575"
10309,"10309Y00020014","YZA1","10309YZ000030",2014,9,13,11,44,"金門縣","金寧鄉","",NA,"林堡路","","",NA,"","","","","","下堡9之2號前路口",NA,NA,NA,NA,NA,NA,NA,NA,NA,0,1,0,"晴","日間自然光線","村里道路",50,"四岔路","交岔路口內","柏油","乾燥","無缺陷","無障礙物","良好","無號誌","無號誌","無分向設施","未繪設車道線","未繪設快慢車道分隔線","有","側撞","違規超車","Y000","YZ00",1,2,2014-09-13,"林堡路","","金門縣金寧鄉下堡9之2號前路口","118.3345146","24.4434579"
10309,"10309Y00020020","YZA1","10309YZ000031",2014,9,13,19,30,"金門縣","金寧鄉","",NA,"伯玉路","一","",NA,"","","","","","金城聯大賣場前",NA,NA,NA,NA,NA,NA,NA,NA,NA,0,2,0,"晴","夜間（或隧道、地下道、涵洞）有照明","縣道",60,"直路","慢車道","柏油","乾燥","無缺陷","無障礙物","良好","無號誌","無號誌","附標記","未繪設車道線","快慢車道分隔線","有","側撞","未依規定讓車","Y000","YZ00",1,2,2014-09-13,"伯玉路一段","","金門縣金寧鄉金城聯大賣場前","118.3267756","24.4346914"
10309,"10309Y00030004","YZA1","10309YZ000033",2014,9,14,17,36,"金門縣","金城鎮","",NA,"民生路","","",NA,"","","","","","金城車站圓環外車道內",NA,NA,NA,NA,NA,NA,NA,NA,NA,0,0,0,"晴","日間自然光線","村里道路",40,"圓環","一般車道（未劃分快慢車道）","柏油","乾燥","無缺陷","無障礙物","良好","無號誌","無號誌","無分向設施","車道線（無標記）","未繪設快慢車道分隔線","有","追撞","未保持行車安全距離","Y000","YZ00",1,3,2014-09-14,"民生路","","金門縣金城鎮金城車站圓環外車道內","118.3190184","24.43575"
10309,"10309Y00030005","YZA1","10309YZ000034",2014,9,15,19,20,"金門縣","金城鎮","",NA,"民生路","","54",NA,"","","","","","路口附近",NA,NA,NA,NA,NA,NA,NA,NA,NA,0,0,0,"晴","夜間（或隧道、地下道、涵洞）有照明","村里道路",40,"三岔路","交岔口附近","柏油","乾燥","無缺陷","無障礙物","良好","無號誌","無號誌","無標記","未繪設車道線","未繪設快慢車道分隔線","有","對向擦撞","未注意車前狀態","Y000","YZ00",1,3,2014-09-15,"民生路54巷","","金門縣金城鎮路口附近","118.3196657","24.436923"
10309,"10309Y00020021","YZA1","10309YZ000037",2014,9,17,11,20,"金門縣","金城鎮","",NA,"民生路","","",NA,"","","","","","車站圓環",NA,NA,NA,NA,NA,NA,NA,NA,NA,0,1,0,"晴","日間自然光線","村里道路",40,"三岔路","交岔路口內","柏油","乾燥","無缺陷","無障礙物","良好","無號誌","無號誌","無分向設施","未繪設車道線","未繪設快慢車道分隔線","有","側撞","右轉彎未依規定","Y000","YZ00",1,2,2014-09-17,"民生路","","金門縣金城鎮車站圓環","118.3190184","24.43575"
10309,"10309Y00020031","YZA1","10309YZ000039",2014,9,15,22,12,"金門縣","金城鎮","北門里",NA,"民生路","","",NA,"36","","","","","路段",NA,NA,NA,NA,NA,NA,NA,NA,NA,0,2,0,"晴","夜間（或隧道、地下道、涵洞）有照明","村里道路",40,"三岔路","交岔路口內","柏油","乾燥","無缺陷","無障礙物","良好","無號誌","無號誌","無分向設施","未繪設車道線","未繪設快慢車道分隔線","有","側撞","迴轉未依規定","Y000","YZ00",NA,NA,2014-09-15,"民生路36號","","金門縣金城鎮北門里路段","118.3190184","24.43575"
10309,"10309Y00020022","YZA1","10309YZ000040",2014,9,17,8,17,"金門縣","金寧鄉","",NA,"","","",NA,"","","","","","安岐376號旁",NA,NA,NA,NA,NA,NA,NA,NA,NA,0,2,0,"晴","日間自然光線","鄉道",40,"四岔路","交岔路口內","水泥","乾燥","無缺陷","無障礙物","良好","無號誌","無號誌","無分向設施","未繪設車道線","未繪設快慢車道分隔線","無","路口交岔撞","未依規定讓車","Y000","YZ00",1,2,2014-09-17,"金門縣金寧鄉安岐376號旁","","金門縣金寧鄉安岐376號旁","118.325723","24.462384"
10309,"10309Y00020050","YZA1","10309YZ000042",2014,9,18,20,50,"金門縣","金城鎮","",NA,"民族路","","",NA,"","","","","","85度C咖啡館前",NA,NA,NA,NA,NA,NA,NA,NA,NA,0,1,0,"晴","夜間（或隧道、地下道、涵洞）有照明","鄉道",40,"三岔路","交岔路口內","柏油","乾燥","無缺陷","無障礙物","良好","無號誌","無號誌","無分向設施","未繪設車道線","未繪設快慢車道分隔線","有","路上翻車、摔倒","酒醉（後）駕駛失控","Y000","YZ00",1,2,2014-09-18,"民族路","","金門縣金城鎮85度C咖啡館前","118.3157499","24.4302723"
10309,"10309Y00020023","YZA1","10309YZ000043",2014,9,19,9,45,"金門縣","金寧鄉","",NA,"","","",NA,"","","","","","埔後708號巷口",NA,NA,NA,NA,NA,NA,NA,NA,NA,0,2,0,"晴","日間自然光線","鄉道",40,"四岔路","交岔路口內","柏油","乾燥","無缺陷","無障礙物","良好","無號誌","無號誌","無分向設施","未繪設車道線","未繪設快慢車道分隔線","有","路口交岔撞","未依規定讓車","Y000","YZ00",1,2,2014-09-19,"金門縣金寧鄉埔後708號巷口","","金門縣金寧鄉埔後708號巷口","118.317029","24.442928"
10309,"10309Y00020033","YZA1","10309YZ000044",2014,9,19,15,25,"金門縣","金城鎮","",NA,"環島西路","二","",NA,"","","","","","救國團旁",NA,NA,NA,NA,NA,NA,NA,NA,NA,0,1,0,"晴","日間自然光線","村里道路",40,"三岔路","交岔路口內","柏油","乾燥","無缺陷","無障礙物","良好","無號誌","無號誌","無標記","未繪設車道線","未繪設快慢車道分隔線","有","側撞","左轉彎未依規定","Y000","YZ00",1,2,2014-09-19,"環島西路二段","","金門縣金城鎮救國團旁","118.3148723","24.4566699"
10309,"10309Y00020024","YZA1","10309YZ000045",2014,9,20,9,43,"金門縣","金寧鄉","",NA,"","","",NA,"","","","","","埔後活動中心前路口",NA,NA,NA,NA,NA,NA,NA,NA,NA,0,1,0,"晴","日間自然光線","村里道路",40,"四岔路","交岔路口內","柏油","乾燥","無缺陷","無障礙物","良好","無號誌","無號誌","無分向設施","未繪設車道線","未繪設快慢車道分隔線","有","其他","未依規定讓車","Y000","YZ00",1,2,2014-09-20,"金門縣金寧鄉埔後活動中心前路口","","金門縣金寧鄉埔後活動中心前路口","118.317029","24.442928"
10309,"10309Y00020027","YZA1","10309YZ000047",2014,9,18,22,15,"金門縣","金寧鄉","",NA,"環島北路","二","",NA,"","","","","","后盤山村路段",NA,NA,NA,NA,NA,NA,NA,NA,NA,0,1,0,"晴","夜間（或隧道、地下道、涵洞）有照明","村里道路",60,"四岔路","交岔口附近","柏油","乾燥","無缺陷","無障礙物","良好","無號誌","無號誌","無標記","未繪設車道線","未繪設快慢車道分隔線","有","路上翻車、摔倒","未依規定減速","Y000","YZ00",1,2,2014-09-18,"環島北路二段","","金門縣金寧鄉后盤山村路段","118.3537405","24.452631"
10309,"10309Y00020025","YZA1","10309YZ000048",2014,9,22,8,57,"金門縣","金城鎮","",NA,"民權路","","",NA,"","","民生路","","","",NA,NA,NA,NA,NA,NA,NA,NA,NA,0,1,0,"陰","日間自然光線","其他",40,"四岔路","交岔路口內","柏油","乾燥","無缺陷","無障礙物","良好","行車管制號誌（附設行人專用號誌）","正常","無分向設施","未繪設車道線","未繪設快慢車道分隔線","有","路口交岔撞","違反號誌管制或指揮","Y000","YZ00",1,2,2014-09-22,"民權路","民生路","","118.318387","24.437086"
10309,"10309Y00020040","YZA1","10309YZ000049",2014,9,22,13,25,"金門縣","金城鎮","",NA,"民權路","","",NA,"","","","","","元大銀行旁路段",NA,NA,NA,NA,NA,NA,NA,NA,NA,0,1,0,"晴","日間自然光線","村里道路",40,"直路","一般車道（未劃分快慢車道）","柏油","乾燥","無缺陷","無障礙物","良好","無號誌","無號誌","無標記","未繪設車道線","未繪設快慢車道分隔線","無","追撞","未依規定讓車","Y000","YZ00",1,2,2014-09-22,"民權路","","金門縣金城鎮元大銀行旁路段","118.3168946","24.4355379"
10309,"10309Y00020028","YZA1","10309YZ000050",2014,9,22,15,29,"金門縣","金寧鄉","湖埔村",NA,"","","",NA,"頂埔下39","","","","","產業道",NA,NA,NA,NA,NA,NA,NA,NA,NA,0,1,0,"晴","日間自然光線","鄉道",40,"四岔路","交岔路口內","柏油","乾燥","無缺陷","其他障礙物","建築物","無號誌","無號誌","無分向設施","未繪設車道線","未繪設快慢車道分隔線","無","路口交岔撞","未依規定讓車","Y000","YZ00",1,2,2014-09-22,"金門縣金寧鄉湖埔村頂埔下39號","","金門縣金寧鄉湖埔村產業道","118.3099021","24.4474013"
10309,"10309Y00020034","YZA1","10309YZ000053",2014,9,22,19,35,"金門縣","金城鎮","",NA,"環島西路","二","",NA,"1","","","","","救國團",NA,NA,NA,NA,NA,NA,NA,NA,NA,0,1,0,"晴","夜間（或隧道、地下道、涵洞）有照明","鄉道",40,"三岔路","交岔路口內","柏油","乾燥","無缺陷","無障礙物","良好","行車管制號誌","正常","附標記","車道線（附標記）","未繪設快慢車道分隔線","有","側撞","右轉彎未依規定","Y000","YZ00",1,2,2014-09-22,"環島西路二段1號","","金門縣金城鎮救國團","118.3148723","24.4566699"
10309,"10309Y00020046","YZA1","10309YZ000054",2014,9,16,12,5,"金門縣","金城鎮","",NA,"民權路","","",NA,"","","民族路","","","金城國中前路口",NA,NA,NA,NA,NA,NA,NA,NA,NA,0,1,0,"陰","日間自然光線","村里道路",40,"三岔路","交岔路口內","柏油","乾燥","無缺陷","無障礙物","良好","閃光號誌","正常","無分向設施","未繪設車道線","未繪設快慢車道分隔線","有","其他","未依規定讓車","Y000","YZ00",1,2,2014-09-16,"民權路","民族路","","118.313674","24.4315222"
10309,"10309Y00020029","YZA1","10309YZ000055",2014,9,23,13,18,"金門縣","金寧鄉","",NA,"林湖路","","",NA,"","","","","","00502號路燈桿",NA,NA,NA,NA,NA,NA,NA,NA,NA,0,2,0,"晴","日間自然光線","村里道路",50,"三岔路","交岔路口內","柏油","乾燥","無缺陷","無障礙物","良好","無號誌","無號誌","無分向設施","未繪設車道線","未繪設快慢車道分隔線","有","側撞","違規超車","Y000","YZ00",1,2,2014-09-23,"林湖路","","金門縣金寧鄉00502號路燈桿","118.330303","24.4320985"
10309,"10309Y00020035","YZA1","10309YZ000056",2014,9,24,11,50,"金門縣","金城鎮","",NA,"民族路","","318",NA,"5","","","","","",NA,NA,NA,NA,NA,NA,NA,NA,NA,0,1,0,"晴","日間自然光線","村里道路",40,"三岔路","交岔路口內","柏油","乾燥","無缺陷","無障礙物","良好","無號誌","無號誌","無分向設施","未繪設車道線","未繪設快慢車道分隔線","有","側撞","未依規定讓車","Y000","YZ00",1,2,2014-09-24,"民族路318巷5號","","金門縣金城鎮","118.3157499","24.4302723"
10309,"10309Y00020036","YZA1","10309YZ000057",2014,9,24,16,20,"金門縣","金寧鄉","",NA,"環島北路","一","",NA,"","","","","","地政局路口",NA,NA,NA,NA,NA,NA,NA,NA,NA,0,1,0,"晴","日間自然光線","村里道路",60,"三岔路","交岔路口內","柏油","乾燥","無缺陷","無障礙物","良好","無號誌","無號誌","無分向設施","未繪設車道線","未繪設快慢車道分隔線","有","其他","右轉彎未依規定","Y000","YZ00",1,2,2014-09-24,"環島北路一段","","金門縣金寧鄉地政局路口","118.3283226","24.4462231"
10309,"10309Y00020037","YZA1","10309YZ000058",2014,9,24,17,48,"金門縣","金寧鄉","",NA,"伯玉路","一","",NA,"","","","","","田老爺便當店前路段",NA,NA,NA,NA,NA,NA,NA,NA,NA,0,2,0,"晴","日間自然光線","村里道路",60,"直路","一般車道（未劃分快慢車道）","柏油","乾燥","無缺陷","無障礙物","良好","無號誌","無號誌","無標記","未繪設車道線","快慢車道分隔線","有","側撞","左轉彎未依規定","Y000","YZ00",1,2,2014-09-24,"伯玉路一段","","金門縣金寧鄉田老爺便當店前路段","118.3267756","24.4346914"
10309,"10309Y00020047","YZA1","10309YZ000059",2014,9,27,7,27,"金門縣","金寧鄉","",NA,"伯玉路","二","",NA,"","","","","","榜林圓環內",NA,NA,NA,NA,NA,NA,NA,NA,NA,0,3,0,"晴","日間自然光線","鄉道",60,"圓環","一般車道（未劃分快慢車道）","柏油","乾燥","無缺陷","無障礙物","良好","無號誌","無號誌","無分向設施","未繪設車道線","未繪設快慢車道分隔線","有","其他","右轉彎未依規定","Y000","YZ00",1,2,2014-09-27,"伯玉路二段","","金門縣金寧鄉榜林圓環內","118.3416148","24.4414563"
10309,"10309Y00020042","YZA1","10309YZ000061",2014,9,29,12,45,"金門縣","金城鎮","",NA,"珠浦西路","","50",1,"1","","","","","旁",NA,NA,NA,NA,NA,NA,NA,NA,NA,0,1,0,"晴","日間自然光線","鄉道",40,"三岔路","交岔路口內","水泥","乾燥","無缺陷","無障礙物","良好","無號誌","無號誌","無分向設施","未繪設車道線","未繪設快慢車道分隔線","無","側撞","未依規定減速","Y000","YZ00",1,2,2014-09-29,"珠浦西路50巷1弄1號","","金門縣金城鎮旁","118.3147803","24.4384226"
10309,"10309Y00020044","YZA1","10309YZ000063",2014,9,30,2,8,"金門縣","金城鎮","",NA,"","","",NA,"","","","","","金城鎮公所旁",NA,NA,NA,NA,NA,NA,NA,NA,NA,0,2,0,"晴","夜間（或隧道、地下道、涵洞）有照明","村里道路",40,"直路","一般車道（未劃分快慢車道）","柏油","乾燥","無缺陷","無障礙物","良好","無號誌","無號誌","無分向設施","未繪設車道線","未繪設快慢車道分隔線","有","撞橋樑、建築物","未注意車前狀態","Y000","YZ00",1,2,2014-09-30,"金門縣金城鎮金城鎮公所旁","","金門縣金城鎮金城鎮公所旁","118.3209249","24.4326671"
10309,"10309Y00020048","YZA1","10309YZ000064",2014,9,30,12,0,"金門縣","金城鎮","",NA,"伯玉路","一","",NA,"","","","","","吳記自助餐旁路段",NA,NA,NA,NA,NA,NA,NA,NA,NA,0,1,0,"晴","日間自然光線","村里道路",60,"直路","慢車道","柏油","乾燥","無缺陷","無障礙物","良好","無號誌","無號誌","無標記","未繪設車道線","快慢車道分隔線","有","側撞","未依規定讓車","Y000","YZ00",1,2,2014-09-30,"伯玉路一段","","金門縣金城鎮吳記自助餐旁路段","118.3267756","24.4346914"
10309,"10309Y00020049","YZA1","10309YZ000065",2014,9,30,15,50,"金門縣","金寧鄉","",NA,"環島西路","二","",NA,"","","","","","埔後社區路口",NA,NA,NA,NA,NA,NA,NA,NA,NA,0,2,0,"晴","日間自然光線","村里道路",40,"多岔路","交岔路口內","柏油","乾燥","無缺陷","無障礙物","良好","無號誌","無號誌","無分向設施","未繪設車道線","未繪設快慢車道分隔線","無","其他","未保持行車安全距離","Y000","YZ00",1,2,2014-09-30,"環島西路二段","","金門縣金寧鄉埔後社區路口","118.3148723","24.4566699"
10310,"","YYA1","10310YY000005",2014,10,2,11,42,"金門縣","金湖鎮","",NA,"中正路","","",NA,"2-2","","","","","",NA,NA,NA,NA,NA,NA,NA,NA,NA,0,0,0,NA,NA,NA,0,NA,NA,NA,NA,NA,NA,NA,NA,NA,NA,NA,NA,NA,NA,NA,"Y000","YY00",1,4,2014-10-02,"中正路2-2號","","金門縣金湖鎮","118.4156249","24.4409009"
10310,"10310Y00020006","YYA1","10310YY000010",2014,10,3,18,29,"金門縣","金湖鎮","",NA,"金港路","","",NA,"","","","","","順濟宮公車亭路段",NA,NA,NA,NA,NA,NA,NA,NA,NA,0,1,0,"晴","夜間（或隧道、地下道、涵洞）有照明","村里道路",50,"三岔路","交岔口附近","柏油","乾燥","無缺陷","其他障礙物","其他","無號誌","無號誌","附標記","未繪設車道線","未繪設快慢車道分隔線","有","穿越道路中","穿越道路未注意左右來車","Y000","YY00",1,2,2014-10-03,"金港路","","金門縣金湖鎮順濟宮公車亭路段","118.4341546","24.4172342"
10310,"10310Y00020005","YYA1","10310YY000011",2014,10,3,8,25,"金門縣","金沙鎮","",NA,"環島東路","二","",NA,"","","","","","0291號路燈桿處",NA,NA,NA,NA,NA,NA,NA,NA,NA,0,1,0,"晴","日間自然光線","村里道路",60,"彎曲路及附近","一般車道（未劃分快慢車道）","柏油","乾燥","無缺陷","無障礙物","良好","無號誌","無號誌","無標記","未繪設車道線","未繪設快慢車道分隔線","有","撞路樹、電桿","未依規定減速","Y000","YY00",1,2,2014-10-03,"環島東路二段","","金門縣金沙鎮0291號路燈桿處","118.4328094","24.4713308"
10310,"","YYA1","10310YY000013",2014,10,4,12,5,"金門縣","金湖鎮","",NA,"環島南路","四","",NA,"","","","","","陶瓷廠路段",NA,NA,NA,NA,NA,NA,NA,NA,NA,0,0,0,NA,NA,NA,0,NA,NA,NA,NA,NA,NA,NA,NA,NA,NA,NA,NA,NA,NA,NA,"Y000","YY00",1,4,2014-10-04,"環島南路四段","","金門縣金湖鎮陶瓷廠路段","118.40101","24.438041"
10310,"","YYA1","10310YY000015",2014,10,4,21,3,"金門縣","金湖鎮","",NA,"黃海路","","",NA,"","","復興路","","","",NA,NA,NA,NA,NA,NA,NA,NA,NA,0,0,0,NA,NA,NA,0,NA,NA,NA,NA,NA,NA,NA,NA,NA,NA,NA,NA,NA,NA,NA,"Y000","YY00",1,4,2014-10-04,"黃海路","復興路","","118.4143341","24.44234488"
10310,"10310Y00020075","YYA1","10310YY000022",2014,10,6,3,34,"金門縣","金沙鎮","",NA,"環島北路","三","",NA,"","","","","","測速照相機前路段",NA,NA,NA,NA,NA,NA,NA,NA,NA,0,1,0,"晴","夜間（或隧道、地下道、涵洞）有照明","村里道路",60,"直路","一般車道（未劃分快慢車道）","柏油","乾燥","無缺陷","無障礙物","良好","無號誌","無號誌","無標記","未繪設車道線","未繪設快慢車道分隔線","有","撞護欄（樁）","未注意車前狀態","Y000","YY00",1,2,2014-10-06,"環島北路三段","","金門縣金沙鎮測速照相機前路段","118.388325","24.466263"
10310,"10310Y00030002","YYA1","10310YY000023",2014,10,4,11,50,"金門縣","金湖鎮","",NA,"復興路","","",NA,"","","","","","太湖山莊前26136號路桿",NA,NA,NA,NA,NA,NA,NA,NA,NA,0,0,0,"晴","日間自然光線","村里道路",50,"直路","一般車道（未劃分快慢車道）","柏油","乾燥","無缺陷","無障礙物","良好","無號誌","無號誌","無標記","未繪設車道線","未繪設快慢車道分隔線","有","其他","不明原因肇事","Y000","YY00",1,3,2014-10-04,"復興路","","金門縣金湖鎮太湖山莊前26136號路桿","118.4161413","24.4412321"
10310,"10310Y00020025","YYA1","10310YY000030",2014,10,8,20,59,"金門縣","金湖鎮","",NA,"市港路","","",NA,"","","","","","新市重劃區牌樓路段",NA,NA,NA,NA,NA,NA,NA,NA,NA,0,1,0,"晴","夜間（或隧道、地下道、涵洞）有照明","村里道路",60,"四岔路","交岔路口內","柏油","乾燥","無缺陷","無障礙物","良好","無號誌","無號誌","無分向設施","未繪設車道線","未繪設快慢車道分隔線","有","同向擦撞","變換車道或方向不當","Y000","YY00",1,2,2014-10-08,"市港路","","金門縣金湖鎮新市重劃區牌樓路段","118.4099121","24.4348324"
10310,"10310Y00020026","YYA1","10310YY000036",2014,10,9,15,16,"金門縣","金湖鎮","",NA,"四維路","","",NA,"","","柏村路","","","",NA,NA,NA,NA,NA,NA,NA,NA,NA,0,1,0,"陰","日間自然光線","村里道路",50,"四岔路","交岔路口內","柏油","乾燥","無缺陷","無障礙物","其他","無號誌","無號誌","無分向設施","未繪設車道線","未繪設快慢車道分隔線","有","路口交岔撞","未依規定讓車","Y000","YY00",1,2,2014-10-09,"四維路","柏村路","","118.4395744","24.4224393"
10310,"","YYA1","10310YY000038",2014,10,10,14,10,"金門縣","金沙鎮","",NA,"光華路","一","",NA,"","","","","","東山前路口",NA,NA,NA,NA,NA,NA,NA,NA,NA,0,0,0,NA,NA,NA,0,NA,NA,NA,NA,NA,NA,NA,NA,NA,NA,NA,NA,NA,NA,NA,"Y000","YY00",1,4,2014-10-10,"光華路一段","","金門縣金沙鎮東山前路口","118.428921","24.4909929"
10310,"10310Y00020021","YYA1","10310YY000040",2014,10,11,11,55,"金門縣","金湖鎮","",NA,"伯玉路","五","",NA,"","","","","","舊武威營區路段",NA,NA,NA,NA,NA,NA,NA,NA,NA,0,2,0,"晴","日間自然光線","村里道路",60,"直路","一般車道（未劃分快慢車道）","柏油","乾燥","無缺陷","無障礙物","良好","無號誌","無號誌","無標記","未繪設車道線","未繪設快慢車道分隔線","有","衝出路外","未注意車前狀態","Y000","YY00",1,2,2014-10-11,"伯玉路五段","","金門縣金湖鎮舊武威營區路段","118.3897645","24.4505133"
10310,"10310Y00020028","YYA1","10310YY000042",2014,10,11,15,0,"金門縣","金沙鎮","",NA,"環島北路","四","",NA,"","","","","","本砲營砲四連大門前路口",NA,NA,NA,NA,NA,NA,NA,NA,NA,0,2,0,"晴","日間自然光線","村里道路",60,"三岔路","交岔路口內","柏油","乾燥","無缺陷","無障礙物","良好","無號誌","無號誌","無分向設施","未繪設車道線","未繪設快慢車道分隔線","有","側撞","未依規定讓車","Y000","YY00",1,2,2014-10-11,"環島北路四段","","金門縣金沙鎮本砲營砲四連大門前路口","118.4045085","24.4840105"