"年月","總編號","處理單位","處理編號","年","月","日","時","分","縣市","區","村里","鄰","街道","段","巷","弄","號","公尺處","街道.1","段.1","側","附近","道路","公里","公尺處.1","向","車道","平交道","公里.1","公尺處.2","附近.1","死","受傷","X2.30","天候","光線","道路類別","速限","道路型態","事故位置","路面鋪裝","路面狀態","路面缺陷","障礙物","視距","號誌種類","號誌動作","分向設施","快車道或一般車道間","快慢車道間","路面邊線","事故類型及型態","主要肇因","警局","分局","案件類別","事故類別","日期","道路1","道路2","概略位置","lon","lat"
10310,"10310Y00020029","YYA1","10310YY000043",2014,10,12,13,40,"金門縣","金沙鎮","",NA,"環島北路","四","",NA,"","","","","","第二富康農莊路口",NA,NA,NA,NA,NA,NA,NA,NA,NA,0,1,0,"晴","日間自然光線","村里道路",60,"三岔路","交岔路口內","柏油","乾燥","無缺陷","無障礙物","良好","無號誌","無號誌","無分向設施","未繪設車道線","未繪設快慢車道分隔線","有","側撞","未保持行車安全距離","Y000","YY00",1,2,2014-10-12,"環島北路四段","","金門縣金沙鎮第二富康農莊路口","118.4045085","24.4840105"
10310,"10310Y00020032","YYA1","10310YY000051",2014,10,15,11,59,"金門縣","金湖鎮","",NA,"市港路","","",NA,"66","","","","","",NA,NA,NA,NA,NA,NA,NA,NA,NA,0,1,0,"晴","日間自然光線","村里道路",50,"四岔路","交岔路口內","柏油","乾燥","無缺陷","無障礙物","良好","無號誌","無號誌","無分向設施","未繪設車道線","未繪設快慢車道分隔線","有","追撞","未保持行車安全距離","Y000","YY00",1,2,2014-10-15,"市港路66號","","金門縣金湖鎮","118.4099121","24.4348324"
10310,"10310Y00020076","YYA1","10310YY000063",2014,10,19,14,20,"金門縣","金湖鎮","",NA,"士校路","","",NA,"","","南機路","","","",NA,NA,NA,NA,NA,NA,NA,NA,NA,0,1,0,"晴","日間自然光線","村里道路",50,"四岔路","交岔路口內","柏油","乾燥","無缺陷","無障礙物","良好","無號誌","無號誌","無分向設施","未繪設車道線","未繪設快慢車道分隔線","有","路口交岔撞","酒醉（後）駕駛失控","Y000","YY00",1,2,2014-10-19,"士校路","南機路","","118.4326247","24.4500123"
10310,"10310Y00020055","YYA1","10310YY000065",2014,10,20,9,19,"金門縣","金湖鎮","",NA,"中山路","","",NA,"","","","","","00682路燈桿前",NA,NA,NA,NA,NA,NA,NA,NA,NA,0,1,0,"晴","日間自然光線","村里道路",50,"直路","一般車道（未劃分快慢車道）","柏油","乾燥","無缺陷","無障礙物","良好","無號誌","無號誌","無標記","未繪設車道線","未繪設快慢車道分隔線","有","撞動物","未注意車前狀態","Y000","YY00",1,2,2014-10-20,"中山路","","金門縣金湖鎮00682路燈桿前","118.364975","24.4413821"
10310,"10310Y00020049","YYA1","10310YY000069",2014,10,24,17,55,"金門縣","金湖鎮","",NA,"太湖路","一","",NA,"","","","","","往鑑潭山莊路口",NA,NA,NA,NA,NA,NA,NA,NA,NA,0,2,0,"晴","夜間（或隧道、地下道、涵洞）有照明","村里道路",50,"三岔路","交岔路口內","柏油","乾燥","無缺陷","無障礙物","良好","無號誌","無號誌","無分向設施","未繪設車道線","未繪設快慢車道分隔線","有","側撞","左轉彎未依規定","Y000","YY00",1,2,2014-10-24,"太湖路一段","","金門縣金湖鎮往鑑潭山莊路口","118.4047483","24.4473343"
10310,"","YYA1","10310YY000070",2014,10,21,22,30,"金門縣","金沙鎮","",NA,"陽沙路","","",NA,"601","","","","","",NA,NA,NA,NA,NA,NA,NA,NA,NA,0,0,0,"晴",NA,NA,50,NA,NA,NA,NA,NA,NA,NA,NA,NA,NA,NA,NA,NA,NA,NA,"Y000","YY00",1,4,2014-10-21,"陽沙路601號","","金門縣金沙鎮","118.432385","24.4814738"
10310,"10310Y00020057","YYA1","10310YY000074",2014,10,25,15,30,"金門縣","金湖鎮","",NA,"環島北路","三","",NA,"","","","","","近屠宰場路段0133號路燈桿處",NA,NA,NA,NA,NA,NA,NA,NA,NA,0,1,0,"晴","日間自然光線","村里道路",60,"直路","一般車道（未劃分快慢車道）","柏油","乾燥","無缺陷","無障礙物","良好","無號誌","無號誌","無標記","未繪設車道線","未繪設快慢車道分隔線","有","路上翻車、摔倒","未注意車前狀態","Y000","YY00",1,2,2014-10-25,"環島北路三段","","金門縣金湖鎮近屠宰場路段0133號路燈桿處","118.388325","24.466263"
10310,"10310Y00020058","YYA1","10310YY000078",2014,10,27,8,42,"金門縣","金湖鎮","新市里",NA,"復興路","","",NA,"4","","","","","台灣銀行前路口",NA,NA,NA,NA,NA,NA,NA,NA,NA,0,2,0,"晴","日間自然光線","村里道路",50,"三岔路","交岔路口內","柏油","乾燥","無缺陷","無障礙物","良好","無號誌","無號誌","無標記","未繪設車道線","未繪設快慢車道分隔線","有","側撞","右轉彎未依規定","Y000","YY00",1,2,2014-10-27,"復興路4號","","金門縣金湖鎮新市里台灣銀行前路口","118.4161413","24.4412321"
10310,"","YYA1","10310YY000084",2014,10,29,15,14,"金門縣","金沙鎮","",NA,"三民路","","",NA,"","","","","","金沙衛生所前停車場",NA,NA,NA,NA,NA,NA,NA,NA,NA,0,0,0,NA,NA,NA,0,NA,NA,NA,NA,NA,NA,NA,NA,NA,NA,NA,NA,NA,NA,NA,"Y000","YY00",1,4,2014-10-29,"三民路","","金門縣金沙鎮金沙衛生所前停車場","118.4130824","24.4896092"
10310,"10310Y00020068","YYA1","10310YY000090",2014,10,30,19,10,"金門縣","金湖鎮","",NA,"瓊徑路","","",NA,"","","","","","成功候車亭路段",NA,NA,NA,NA,NA,NA,NA,NA,NA,0,1,0,"晴","夜間（或隧道、地下道、涵洞）無照明","村里道路",60,"直路","路肩、路緣","柏油","乾燥","無缺陷","無障礙物","良好","無號誌","無號誌","附標記","未繪設車道線","快慢車道分隔線","有","撞護欄（樁）","未依規定減速","Y000","YY00",1,2,2014-10-30,"瓊徑路","","金門縣金湖鎮成功候車亭路段","118.3837181","24.4489328"
10310,"10310Y00020069","YYA1","10310YY000092",2014,10,31,16,20,"金門縣","金湖鎮","",NA,"伯玉路","五","",NA,"","","","","","魯王墓路段",NA,NA,NA,NA,NA,NA,NA,NA,NA,0,2,0,"晴","日間自然光線","村里道路",60,"彎曲路及附近","交通島（含槽化線）","柏油","乾燥","無缺陷","無障礙物","良好","無號誌","無號誌","窄式無柵欄","禁止雙換車道線（附標記）","未繪設快慢車道分隔線","有","撞交通島","未依規定減速","Y000","YY00",1,2,2014-10-31,"伯玉路五段","","金門縣金湖鎮魯王墓路段","118.3897645","24.4505133"
10310,"10310Y00020002","YZA1","10310YZ000001",2014,10,1,12,12,"金門縣","金寧鄉","",NA,"伯玉路","一","",NA,"","","","","","金鼎大賣場前",NA,NA,NA,NA,NA,NA,NA,NA,NA,0,2,0,"晴","日間自然光線","鄉道",60,"直路","一般車道（未劃分快慢車道）","柏油","乾燥","無缺陷","無障礙物","良好","無號誌","無號誌","無標記","未繪設車道線","快慢車道分隔線","有","其他","起步未注意其他車（人）安全","Y000","YZ00",1,2,2014-10-01,"伯玉路一段","","金門縣金寧鄉金鼎大賣場前","118.3267756","24.4346914"
10310,"10310Y00020001","YZA1","10310YZ000002",2014,10,1,11,46,"金門縣","金城鎮","",NA,"環島西路","一","",NA,"","","","","","莒光橋橋頭",NA,NA,NA,NA,NA,NA,NA,NA,NA,0,1,0,"晴","日間自然光線","村里道路",40,"三岔路","交岔口附近","柏油","乾燥","無缺陷","無障礙物","良好","無號誌","無號誌","無標記","未繪設車道線","未繪設快慢車道分隔線","有","倒車撞","倒車未依規定","Y000","YZ00",1,2,2014-10-01,"環島西路一段","","金門縣金城鎮莒光橋橋頭","118.3184801","24.4172073"
10310,"10310Y00020003","YZA1","10310YZ000003",2014,10,1,18,47,"金門縣","金寧鄉","",NA,"環島北路","一","",NA,"","","","","","明興汽車修護廠前",NA,NA,NA,NA,NA,NA,NA,NA,NA,0,1,0,"晴","日間自然光線","村里道路",60,"直路","一般車道（未劃分快慢車道）","水泥","乾燥","無缺陷","無障礙物","良好","無號誌","無號誌","無標記","未繪設車道線","未繪設快慢車道分隔線","有","側撞","未保持行車安全距離","Y000","YZ00",1,2,2014-10-01,"環島北路一段","","金門縣金寧鄉明興汽車修護廠前","118.3283226","24.4462231"
10310,"10310Y00020007","YZA1","10310YZ000004",2014,10,1,19,49,"金門縣","金城鎮","",NA,"延平路","","",NA,"","","","","","03911燈桿附近",NA,NA,NA,NA,NA,NA,NA,NA,NA,0,2,0,"晴","夜間（或隧道、地下道、涵洞）有照明","鄉道",40,"直路","一般車道（未劃分快慢車道）","柏油","乾燥","無缺陷","無障礙物","良好","無號誌","無號誌","無標記","未繪設車道線","未繪設快慢車道分隔線","無","同向通行中","未注意車前狀態","Y000","YZ00",1,2,2014-10-01,"延平路","","金門縣金城鎮03911燈桿附近","118.304405","24.424809"
10310,"10310Y00020009","YZA1","10310YZ000006",2014,10,2,13,12,"金門縣","金寧鄉","",NA,"桃園路","","",NA,"","","林湖路","","","東洲路口",NA,NA,NA,NA,NA,NA,NA,NA,NA,0,1,0,"晴","日間自然光線","縣道",60,"四岔路","交岔路口內","柏油","乾燥","無缺陷","無障礙物","良好","行車管制號誌","正常","無分向設施","未繪設車道線","未繪設快慢車道分隔線","有","路口交岔撞","違反特定標誌（線）禁制","Y000","YZ00",1,2,2014-10-02,"桃園路","林湖路","","118.3304096","24.43245545"
10310,"10310Y00020042","YZA1","10310YZ000007",2014,10,2,12,50,"金門縣","金寧鄉","埔後村",NA,"","","",NA,"70-8","路口","","","","",NA,NA,NA,NA,NA,NA,NA,NA,NA,0,1,0,"晴","日間自然光線","村里道路",40,"四岔路","交岔路口內","柏油","乾燥","無缺陷","無障礙物","良好","無號誌","無號誌","無分向設施","未繪設車道線","未繪設快慢車道分隔線","有","路口交岔撞","未依規定讓車","Y000","YZ00",1,2,2014-10-02,"金門縣金寧鄉埔後村70-8","","金門縣金寧鄉埔後村","118.317029","24.442928"
10310,"10310Y00020008","YZA1","10310YZ000008",2014,10,1,22,18,"金門縣","金寧鄉","",NA,"桃園路","","",NA,"","","林湖路","","","東洲路口",NA,NA,NA,NA,NA,NA,NA,NA,NA,0,1,0,"晴","夜間（或隧道、地下道、涵洞）有照明","村里道路",50,"四岔路","交岔路口內","柏油","乾燥","無缺陷","無障礙物","良好","閃光號誌","正常","無分向設施","未繪設車道線","未繪設快慢車道分隔線","無","路口交岔撞","未依規定讓車","Y000","YZ00",1,2,2014-10-01,"桃園路","林湖路","","118.3304096","24.43245545"
10310,"10310Y00030001","YZA1","10310YZ000009",2014,10,2,20,24,"金門縣","金城鎮","",NA,"民權路","","",NA,"","","珠浦北路","","","",NA,NA,NA,NA,NA,NA,NA,NA,NA,0,0,0,"晴","夜間（或隧道、地下道、涵洞）有照明","村里道路",40,"四岔路","交岔路口內","柏油","乾燥","無缺陷","無障礙物","良好","無號誌","無號誌","無分向設施","未繪設車道線","未繪設快慢車道分隔線","有","同向擦撞","違規超車","Y000","YZ00",1,3,2014-10-02,"民權路","珠浦北路","","118.3161299","24.43473165"
10310,"10310Y00020010","YZA1","10310YZ000012",2014,10,3,11,34,"金門縣","金寧鄉","湖埔村",NA,"","","",NA,"","","","","","埔後191號旁路口",NA,NA,NA,NA,NA,NA,NA,NA,NA,0,1,0,"晴","日間自然光線","村里道路",40,"四岔路","交岔路口內","柏油","乾燥","無缺陷","無障礙物","良好","無號誌","無號誌","無分向設施","未繪設車道線","未繪設快慢車道分隔線","有","路口交岔撞","未依規定讓車","Y000","YZ00",1,2,2014-10-03,"金門縣金寧鄉湖埔村埔後191號旁路口","","金門縣金寧鄉湖埔村埔後191號旁路口","118.317029","24.442928"
10310,"10310Y00020011","YZA1","10310YZ000014",2014,10,4,9,47,"金門縣","金寧鄉","",NA,"環島北路","一","",NA,"","","林湖路","","","",NA,NA,NA,NA,NA,NA,NA,NA,NA,0,1,0,"晴","日間自然光線","鄉道",50,"三岔路","交岔口附近","柏油","乾燥","無缺陷","無障礙物","良好","無號誌","無號誌","無標記","未繪設車道線","未繪設快慢車道分隔線","無","側撞","左轉彎未依規定","Y000","YZ00",1,2,2014-10-04,"環島北路一段","林湖路","","118.3258302","24.4439927"
10310,"10310Y00020004","YZA1","10310YZ000016",2014,10,2,18,18,"金門縣","金城鎮","",NA,"光前路","","",NA,"","","","","","金門高中前路段",NA,NA,NA,NA,NA,NA,NA,NA,NA,0,2,0,"晴","夜間（或隧道、地下道、涵洞）有照明","村里道路",50,"直路","一般車道（未劃分快慢車道）","柏油","乾燥","無缺陷","無障礙物","良好","無號誌","無號誌","無標記","未繪設車道線","未繪設快慢車道分隔線","有","追撞","未注意車前狀態","Y000","YZ00",1,2,2014-10-02,"光前路","","金門縣金城鎮金門高中前路段","118.3142468","24.4339885"
10310,"10310Y00020012","YZA1","10310YZ000017",2014,10,4,13,42,"金門縣","金城鎮","東門里",NA,"北堤路","","9",NA,"8","","","","","路口",NA,NA,NA,NA,NA,NA,NA,NA,NA,0,1,0,"晴","日間自然光線","村里道路",40,"三岔路","交岔路口內","其他鋪裝","乾燥","無缺陷","無障礙物","建築物","無號誌","無號誌","無分向設施","未繪設車道線","未繪設快慢車道分隔線","無","路口交岔撞","未依規定讓車","Y000","YZ00",1,2,2014-10-04,"北堤路9巷8號","","金門縣金城鎮東門里路口","118.3167419","24.4294062"
10310,"","YZA1","10310YZ000018",2014,10,4,13,40,"金門縣","金城鎮","",NA,"西海路","二","222",22,"2","","","","","路口",NA,NA,NA,NA,NA,NA,NA,NA,NA,0,0,0,NA,NA,NA,0,NA,NA,NA,NA,NA,NA,NA,NA,NA,NA,NA,NA,NA,NA,NA,"Y000","YZ00",1,4,2014-10-04,"西海路二段222巷22弄2號","","金門縣金城鎮路口","118.3041626","24.4144371"
10310,"10310Y00020013","YZA1","10310YZ000019",2014,10,4,19,57,"金門縣","金城鎮","",NA,"","","",NA,"官裡53","","","","","",NA,NA,NA,NA,NA,NA,NA,NA,NA,0,1,0,"晴","夜間（或隧道、地下道、涵洞）有照明","村里道路",40,"三岔路","交岔路口內","水泥","乾燥","無缺陷","無障礙物","良好","無號誌","無號誌","無分向設施","未繪設車道線","未繪設快慢車道分隔線","無","穿越道路中","起步未注意其他車（人）安全","Y000","YZ00",1,2,2014-10-04,"金門縣金城鎮官裡53號","","金門縣金城鎮","118.317606","24.412432"
10310,"10310Y00020014","YZA1","10310YZ000020",2014,10,5,10,5,"金門縣","金城鎮","",NA,"民生路","","",NA,"","","","","","金信大樓",NA,NA,NA,NA,NA,NA,NA,NA,NA,0,1,0,"晴","日間自然光線","鄉道",40,"直路","一般車道（未劃分快慢車道）","柏油","乾燥","無缺陷","無障礙物","路上停放車輛","無號誌","無號誌","附標記","未繪設車道線","未繪設快慢車道分隔線","有","其他","起步未注意其他車（人）安全","Y000","YZ00",1,2,2014-10-05,"民生路","","金門縣金城鎮金信大樓","118.3190184","24.43575"
10310,"10310Y00020034","YZA1","10310YZ000021",2014,10,5,16,24,"金門縣","金寧鄉","",NA,"伯玉路","二","",NA,"161","","","","","金民加油站入口",NA,NA,NA,NA,NA,NA,NA,NA,NA,0,1,0,"晴","日間自然光線","縣道",70,"三岔路","交岔路口內","柏油","乾燥","無缺陷","無障礙物","良好","無號誌","無號誌","無分向設施","未繪設車道線","快慢車道分隔線","有","側撞","右轉彎未依規定","Y000","YZ00",1,2,2014-10-05,"伯玉路二段161號","","金門縣金寧鄉金民加油站入口","118.3416148","24.4414563"
10310,"10310Y00020045","YZA1","10310YZ000024",2014,10,6,12,40,"金門縣","金寧鄉","",NA,"","","",NA,"","","","","","埔後長壽佛具行前路口",NA,NA,NA,NA,NA,NA,NA,NA,NA,0,1,0,"晴","日間自然光線","村里道路",40,"四岔路","交岔路口內","水泥","乾燥","無缺陷","無障礙物","良好","無號誌","無號誌","無分向設施","未繪設車道線","未繪設快慢車道分隔線","無","路口交岔撞","未依規定減速","Y000","YZ00",1,2,2014-10-06,"金門縣金寧鄉埔後長壽佛具行前路口","","金門縣金寧鄉埔後長壽佛具行前路口","118.317029","24.442928"
10310,"10310Y00020035","YZA1","10310YZ000025",2014,10,6,13,35,"金門縣","金寧鄉","",NA,"伯玉路","","",NA,"","","","","","榜林圓環",NA,NA,NA,NA,NA,NA,NA,NA,NA,0,1,0,"晴","日間自然光線","村里道路",60,"圓環","一般車道（未劃分快慢車道）","柏油","乾燥","無缺陷","無障礙物","良好","無號誌","無號誌","無分向設施","車道線（無標記）","未繪設快慢車道分隔線","有","其他","未注意車前狀態","Y000","YZ00",1,2,2014-10-06,"伯玉路","","金門縣金寧鄉榜林圓環","118.3267756","24.4346914"
10310,"10310Y00020015","YZA1","10310YZ000026",2014,10,6,10,5,"金門縣","金城鎮","",NA,"環島西路","二","",NA,"","","","","","3巷口",NA,NA,NA,NA,NA,NA,NA,NA,NA,0,3,0,"晴","日間自然光線","村里道路",50,"四岔路","交岔路口內","柏油","乾燥","無缺陷","無障礙物","良好","無號誌","無號誌","無分向設施","未繪設車道線","未繪設快慢車道分隔線","有","側撞","右轉彎未依規定","Y000","YZ00",1,2,2014-10-06,"環島西路二段","","金門縣金城鎮3巷口","118.3148723","24.4566699"
10310,"10310Y00020023","YZA1","10310YZ000027",2014,10,6,14,14,"金門縣","金城鎮","東門里",NA,"北堤路","","",NA,"58","","","","","",NA,NA,NA,NA,NA,NA,NA,NA,NA,0,2,0,"晴","日間自然光線","村里道路",40,"直路","一般車道（未劃分快慢車道）","柏油","乾燥","無缺陷","無障礙物","良好","無號誌","無號誌","無標記","未繪設車道線","快慢車道分隔線","有","在路上作業中","起步未注意其他車（人）安全","Y000","YZ00",1,2,2014-10-06,"北堤路58號","","金門縣金城鎮東門里","118.3167419","24.4294062"
10310,"10310Y00020016","YZA1","10310YZ000028",2014,10,7,18,45,"金門縣","金城鎮","",NA,"民生路","","",NA,"50","","","","","憲兵隊前路段",NA,NA,NA,NA,NA,NA,NA,NA,NA,0,3,0,"晴","夜間（或隧道、地下道、涵洞）有照明","村里道路",40,"三岔路","交岔口附近","柏油","乾燥","無缺陷","無障礙物","良好","無號誌","無號誌","無標記","未繪設車道線","快慢車道分隔線","有","穿越道路中","未注意車前狀態","Y000","YZ00",1,2,2014-10-07,"民生路50號","","金門縣金城鎮憲兵隊前路段","118.3190184","24.43575"
10310,"10310Y00020024","YZA1","10310YZ000029",2014,10,7,14,30,"金門縣","金城鎮","東門里",NA,"北堤路","","",NA,"","","","","","莒光橋",NA,NA,NA,NA,NA,NA,NA,NA,NA,0,1,0,"晴","日間自然光線","鄉道",40,"三岔路","交岔口附近","柏油","乾燥","無缺陷","無障礙物","良好","行車管制號誌（附設行人專用號誌）","正常","附標記","未繪設車道線","未繪設快慢車道分隔線","有","追撞","未保持行車安全距離","Y000","YZ00",1,2,2014-10-07,"北堤路","","金門縣金城鎮東門里莒光橋","118.3167419","24.4294062"
10310,"10310Y00020017","YZA1","10310YZ000031",2014,10,8,16,50,"金門縣","金寧鄉","",NA,"伯玉路","二","",NA,"","","","","","世清回收場前路段",NA,NA,NA,NA,NA,NA,NA,NA,NA,0,1,1,"晴","日間自然光線","村里道路",70,"四岔路","交岔路口內","柏油","乾燥","無缺陷","無障礙物","良好","無號誌","無號誌","無分向設施","未繪設車道線","快慢車道分隔線","有","側撞","左轉彎未依規定","Y000","YZ00",1,2,2014-10-08,"伯玉路二段","","金門縣金寧鄉世清回收場前路段","118.3416148","24.4414563"
10310,"10310Y00020036","YZA1","10310YZ000032",2014,10,9,6,0,"金門縣","金城鎮","",NA,"珠水路","","",NA,"","","","","","金門城東門牌樓外第2支燈桿",NA,NA,NA,NA,NA,NA,NA,NA,NA,0,1,0,"晴","日間自然光線","鄉道",50,"直路","一般車道（未劃分快慢車道）","柏油","乾燥","無缺陷","無障礙物","良好","無號誌","無號誌","無標記","未繪設車道線","未繪設快慢車道分隔線","有","撞路樹、電桿","未注意車前狀態","Y000","YZ00",1,2,2014-10-09,"珠水路","","金門縣金城鎮金門城東門牌樓外第2支燈桿","118.3077405","24.4021607"
10310,"10310Y00020018","YZA1","10310YZ000033",2014,10,9,7,41,"金門縣","金城鎮","",NA,"民生路","","",NA,"","","民權路","","","",NA,NA,NA,NA,NA,NA,NA,NA,NA,0,2,0,"晴","日間自然光線","鄉道",40,"四岔路","交岔路口內","柏油","乾燥","無缺陷","無障礙物","良好","行車管制號誌","正常","無分向設施","未繪設車道線","未繪設快慢車道分隔線","有","側撞","未依規定讓車","Y000","YZ00",1,2,2014-10-09,"民生路","民權路","","118.318387","24.437086"
10310,"10310Y00020019","YZA1","10310YZ000034",2014,10,9,8,5,"金門縣","金城鎮","",NA,"北堤路","","",NA,"","","","","","真好餐廳附近路段",NA,NA,NA,NA,NA,NA,NA,NA,NA,0,1,0,"晴","日間自然光線","村里道路",40,"三岔路","交岔路口內","柏油","乾燥","無缺陷","無障礙物","良好","無號誌","無號誌","無分向設施","未繪設車道線","未繪設快慢車道分隔線","有","側撞","右轉彎未依規定","Y000","YZ00",1,2,2014-10-09,"北堤路","","金門縣金城鎮真好餐廳附近路段","118.3167419","24.4294062"
10310,"10310Y00020037","YZA1","10310YZ000035",2014,10,9,9,33,"金門縣","金寧鄉","",NA,"桃園路","","",NA,"","","","","","乳山段1277號燈桿前路段",NA,NA,NA,NA,NA,NA,NA,NA,NA,0,1,0,"晴","日間自然光線","村里道路",60,"直路","一般車道（未劃分快慢車道）","柏油","乾燥","無缺陷","無障礙物","良好","無號誌","無號誌","無標記","未繪設車道線","快慢車道分隔線","有","同向擦撞","未保持行車安全間隔","Y000","YZ00",1,2,2014-10-09,"桃園路","","金門縣金寧鄉乳山段1277號燈桿前路段","118.3446627","24.4317794"
10310,"10310Y00020020","YZA1","10310YZ000037",2014,10,9,16,12,"金門縣","金寧鄉","",NA,"林堡路","","",NA,"","","","","","金鼎國小前",NA,NA,NA,NA,NA,NA,NA,NA,NA,0,1,0,"晴","日間自然光線","鄉道",40,"直路","一般車道（未劃分快慢車道）","柏油","乾燥","無缺陷","無障礙物","良好","無號誌","無號誌","無標記","未繪設車道線","未繪設快慢車道分隔線","無","其他","開啟車門不當而肇事","Y000","YZ00",1,2,2014-10-09,"林堡路","","金門縣金寧鄉金鼎國小前","118.3345146","24.4434579"
10310,"10310Y00020033","YZA1","10310YZ000039",2014,10,3,18,25,"金門縣","金城鎮","",NA,"民權路","","",NA,"","","","","","中華電信前路段",NA,NA,NA,NA,NA,NA,NA,NA,NA,0,2,0,"晴","夜間（或隧道、地下道、涵洞）有照明","村里道路",40,"直路","一般車道（未劃分快慢車道）","柏油","乾燥","無缺陷","其他障礙物","良好","無號誌","無號誌","附標記","未繪設車道線","未繪設快慢車道分隔線","無","路上翻車、摔倒","未注意車前狀態","Y000","YZ00",1,2,2014-10-03,"民權路","","金門縣金城鎮中華電信前路段","118.3168946","24.4355379"
10310,"10310Y00020027","YZA1","10310YZ000041",2014,10,11,12,32,"金門縣","金城鎮","",NA,"民生路","","",NA,"","","","","","7號前",NA,NA,NA,NA,NA,NA,NA,NA,NA,0,1,0,"晴","日間自然光線","鄉道",50,"三岔路","交岔口附近","柏油","乾燥","無缺陷","無障礙物","良好","無號誌","無號誌","無標記","未繪設車道線","快慢車道分隔線","無","側撞","右轉彎未依規定","Y000","YZ00",1,2,2014-10-11,"民生路","","金門縣金城鎮7號前","118.3190184","24.43575"
10310,"10310Y00020022","YZA1","10310YZ000044",2014,10,12,13,58,"金門縣","金寧鄉","",NA,"環島北路","一","",NA,"","","林湖路","","","",NA,NA,NA,NA,NA,NA,NA,NA,NA,0,2,0,"晴","日間自然光線","鄉道",50,"三岔路","交岔路口內","柏油","乾燥","無缺陷","無障礙物","良好","無號誌","無號誌","無分向設施","未繪設車道線","未繪設快慢車道分隔線","有","側撞","右轉彎未依規定","Y000","YZ00",1,2,2014-10-12,"環島北路一段","林湖路","","118.3258302","24.4439927"
10310,"","YZA1","10310YZ000045",2014,10,11,9,20,"金門縣","金寧鄉","盤山村",NA,"伯玉路","二","",NA,"","","盤果路","","","",NA,NA,NA,NA,NA,NA,NA,NA,NA,0,0,0,"晴",NA,NA,70,NA,NA,NA,NA,NA,NA,NA,NA,NA,NA,NA,NA,NA,NA,NA,"Y000","YZ00",1,4,2014-10-11,"伯玉路二段","盤果路","","118.3402912","24.44112005"
10310,"10310Y00020052","YZA1","10310YZ000046",2014,10,12,11,56,"金門縣","金寧鄉","盤山里",NA,"伯玉路","二","",NA,"226-1","","","","","嘉揚快遞前路段",NA,NA,NA,NA,NA,NA,NA,NA,NA,0,1,0,"晴","日間自然光線","縣道",70,"直路","慢車道","柏油","乾燥","無缺陷","路上有停車","其他","無號誌","無號誌","無標記","未繪設車道線","快慢車道分隔線","有","其他","起步未注意其他車（人）安全","Y000","YZ00",1,2,2014-10-12,"伯玉路二段226-1號","","金門縣金寧鄉盤山里嘉揚快遞前路段","118.3416148","24.4414563"
10310,"10310Y00020043","YZA1","10310YZ000047",2014,10,12,18,53,"金門縣","金城鎮","",NA,"民生路","","",NA,"","","","","","郵局前路段",NA,NA,NA,NA,NA,NA,NA,NA,NA,0,1,0,"晴","夜間（或隧道、地下道、涵洞）有照明","村里道路",40,"四岔路","交岔路口內","柏油","乾燥","無缺陷","無障礙物","良好","無號誌","無號誌","無分向設施","未繪設車道線","未繪設快慢車道分隔線","無","其他","起步未注意其他車（人）安全","Y000","YZ00",1,2,2014-10-12,"民生路","","金門縣金城鎮郵局前路段","118.3190184","24.43575"
10310,"10310Y00020038","YZA1","10310YZ000048",2014,10,13,7,16,"金門縣","金城鎮","",NA,"伯玉路","一","",NA,"","","","","","東門圓環",NA,NA,NA,NA,NA,NA,NA,NA,NA,0,1,0,"晴","日間自然光線","縣道",60,"圓環","一般車道（未劃分快慢車道）","柏油","乾燥","無缺陷","無障礙物","良好","無號誌","無號誌","無分向設施","車道線（無標記）","未繪設快慢車道分隔線","有","其他","未依規定讓車","Y000","YZ00",1,2,2014-10-13,"伯玉路一段","","金門縣金城鎮東門圓環","118.3267756","24.4346914"
10310,"10310Y00020031","YZA1","10310YZ000049",2014,10,14,18,5,"金門縣","金城鎮","",NA,"珠浦南路","","44",12,"1","","","","","",NA,NA,NA,NA,NA,NA,NA,NA,NA,0,2,0,"晴","夜間（或隧道、地下道、涵洞）有照明","村里道路",40,"四岔路","交岔路口內","其他鋪裝","乾燥","無缺陷","無障礙物","良好","無號誌","無號誌","無分向設施","未繪設車道線","未繪設快慢車道分隔線","無","路口交岔撞","未依規定讓車","Y000","YZ00",1,2,2014-10-14,"珠浦南路44巷12弄1號","","金門縣金城鎮","118.3153418","24.4319762"
10310,"10310Y00020030","YZA1","10310YZ000050",2014,10,14,12,30,"金門縣","金城鎮","",NA,"民權路","","",NA,"","","","","","金帝大飯店前",NA,NA,NA,NA,NA,NA,NA,NA,NA,0,2,0,"晴","日間自然光線","鄉道",50,"直路","一般車道（未劃分快慢車道）","柏油","乾燥","無缺陷","無障礙物","良好","無號誌","無號誌","無標記","未繪設車道線","未繪設快慢車道分隔線","有","路上翻車、摔倒","未注意車前狀態","Y000","YZ00",1,2,2014-10-14,"民權路","","金門縣金城鎮金帝大飯店前","118.3168946","24.4355379"
10310,"10310Y00020053","YZA1","10310YZ000052",2014,10,16,13,5,"金門縣","金城鎮","",NA,"","","",NA,"","","","","","古區往金門城產業路段",NA,NA,NA,NA,NA,NA,NA,NA,NA,0,1,0,"晴","日間自然光線","村里道路",40,"彎曲路及附近","一般車道（未劃分快慢車道）","柏油","乾燥","無缺陷","無障礙物","良好","無號誌","無號誌","無分向設施","未繪設車道線","未繪設快慢車道分隔線","有","對向擦撞","未保持行車安全間隔","Y000","YZ00",1,2,2014-10-16,"金門縣金城鎮古區往金門城產業路段","","金門縣金城鎮古區往金門城產業路段","118.3169714","24.4113998"