"年月","總編號","處理單位","處理編號","年","月","日","時","分","縣市","區","村里","鄰","街道","段","巷","弄","號","公尺處","街道.1","段.1","側","附近","道路","公里","公尺處.1","向","車道","平交道","公里.1","公尺處.2","附近.1","死","受傷","X2.30","天候","光線","道路類別","速限","道路型態","事故位置","路面鋪裝","路面狀態","路面缺陷","障礙物","視距","號誌種類","號誌動作","分向設施","快車道或一般車道間","快慢車道間","路面邊線","事故類型及型態","主要肇因","警局","分局","案件類別","事故類別","日期","道路1","道路2","概略位置","lon","lat"
10310,"10310Y00020046","YZA1","10310YZ000053",2014,10,16,14,19,"金門縣","金城鎮","",NA,"西海路","三","",NA,"","","延平路","","","",NA,NA,NA,NA,NA,NA,NA,NA,NA,0,1,0,"晴","日間自然光線","鄉道",50,"四岔路","交岔路口內","柏油","乾燥","無缺陷","無障礙物","良好","無號誌","無號誌","無分向設施","未繪設車道線","未繪設快慢車道分隔線","有","側撞","左轉彎未依規定","Y000","YZ00",1,2,2014-10-16,"西海路三段","延平路","","118.31559","24.42754"
10310,"10310Y00020039","YZA1","10310YZ000054",2014,10,15,18,0,"金門縣","金城鎮","",NA,"伯玉路","一","",NA,"","","","","","金合利鋼刀前路段",NA,NA,NA,NA,NA,NA,NA,NA,NA,0,1,0,"晴","夜間（或隧道、地下道、涵洞）有照明","村里道路",60,"三岔路","交岔口附近","柏油","乾燥","無缺陷","無障礙物","良好","無號誌","無號誌","附標記","未繪設車道線","快慢車道分隔線","有","側撞","右轉彎未依規定","Y000","YZ00",1,2,2014-10-15,"伯玉路一段","","金門縣金城鎮金合利鋼刀前路段","118.3267756","24.4346914"
10310,"10310Y00020040","YZA1","10310YZ000055",2014,10,16,15,10,"金門縣","金城鎮","",NA,"民權路","","",NA,"","","光前路","","","",NA,NA,NA,NA,NA,NA,NA,NA,NA,0,1,0,"晴","日間自然光線","鄉道",40,"四岔路","交岔路口內","柏油","乾燥","無缺陷","無障礙物","良好","行車管制號誌","正常","無分向設施","未繪設車道線","未繪設快慢車道分隔線","無","路口交岔撞","違反特定標誌（線）禁制","Y000","YZ00",1,2,2014-10-16,"民權路","光前路","","118.3154588","24.43343543"
10310,"","YZA1","10310YZ000056",2014,10,17,20,12,"金門縣","金城鎮","",NA,"","","",NA,"","","","","","體育館前停車場",NA,NA,NA,NA,NA,NA,NA,NA,NA,0,0,0,"晴",NA,NA,30,NA,NA,NA,NA,NA,NA,NA,NA,NA,NA,NA,NA,NA,NA,NA,"Y000","YZ00",1,4,2014-10-17,"金門縣金城鎮體育館前停車場","","金門縣金城鎮體育館前停車場","118.3166667","24.4166667"
10310,"10310Y00030003","YZA1","10310YZ000057",2014,10,17,14,45,"金門縣","金城鎮","",NA,"環島西路","一","",NA,"","","","","","22號前路段",NA,NA,NA,NA,NA,NA,NA,NA,NA,0,0,0,"晴","日間自然光線","村里道路",40,"三岔路","交岔路口內","柏油","乾燥","無缺陷","無障礙物","良好","無號誌","無號誌","無分向設施","未繪設車道線","未繪設快慢車道分隔線","有","側撞","未依規定讓車","Y000","YZ00",1,3,2014-10-17,"環島西路一段","","金門縣金城鎮22號前路段","118.3184801","24.4172073"
10310,"10310Y00020062","YZA1","10310YZ000058",2014,10,18,12,5,"金門縣","金寧鄉","",NA,"","","",NA,"","","","","","埔後65號前路口",NA,NA,NA,NA,NA,NA,NA,NA,NA,0,1,0,"晴","日間自然光線","村里道路",40,"四岔路","交岔路口內","柏油","乾燥","無缺陷","無障礙物","良好","無號誌","無號誌","無分向設施","未繪設車道線","未繪設快慢車道分隔線","無","路口交岔撞","未依規定讓車","Y000","YZ00",1,2,2014-10-18,"金門縣金寧鄉埔後65號前路口","","金門縣金寧鄉埔後65號前路口","118.317029","24.442928"
10310,"10310Y00020061","YZA1","10310YZ000059",2014,10,17,14,45,"金門縣","金城鎮","西門里",NA,"民權路","","",NA,"42-1","","","","","",NA,NA,NA,NA,NA,NA,NA,NA,NA,0,3,0,"晴","日間自然光線","縣道",40,"直路","一般車道（未劃分快慢車道）","柏油","油滑","無缺陷","無障礙物","良好","無號誌","無號誌","附標記","未繪設車道線","未繪設快慢車道分隔線","有","其他","裝載未盡安全措施","Y000","YZ00",1,2,2014-10-17,"民權路42-1號","","金門縣金城鎮西門里","118.3168946","24.4355379"
10310,"10310Y00020070","YZA1","10310YZ000060",2014,10,18,22,43,"金門縣","金城鎮","",NA,"民權路","","",NA,"","","光前路","","","",NA,NA,NA,NA,NA,NA,NA,NA,NA,0,1,0,"晴","夜間（或隧道、地下道、涵洞）有照明","村里道路",40,"四岔路","交岔路口內","柏油","乾燥","無缺陷","無障礙物","良好","無號誌","無號誌","無分向設施","未繪設車道線","未繪設快慢車道分隔線","無","側撞","酒醉（後）駕駛失控","Y000","YZ00",1,2,2014-10-18,"民權路","光前路","","118.3154588","24.43343543"
10310,"10310Y00020054","YZA1","10310YZ000061",2014,10,19,8,5,"金門縣","金寧鄉","",NA,"","","",NA,"","","","","","薩爾斯堡往湖南產業道路",NA,NA,NA,NA,NA,NA,NA,NA,NA,0,1,0,"晴","日間自然光線","村里道路",40,"四岔路","交岔路口內","水泥","乾燥","無缺陷","無障礙物","建築物","無號誌","無號誌","無分向設施","未繪設車道線","未繪設快慢車道分隔線","無","側撞","未依規定讓車","Y000","YZ00",1,2,2014-10-19,"金門縣金寧鄉薩爾斯堡往湖南產業道路","","金門縣金寧鄉薩爾斯堡往湖南產業道路","118.327407","24.450002"
10310,"10310Y00030005","YZA1","10310YZ000062",2014,10,18,20,35,"金門縣","金寧鄉","",NA,"","","",NA,"","","","","","埔後708號前路口",NA,NA,NA,NA,NA,NA,NA,NA,NA,0,0,0,"晴","日間自然光線","村里道路",40,"四岔路","交岔路口內","柏油","乾燥","無缺陷","無障礙物","良好","無號誌","無號誌","無分向設施","未繪設車道線","未繪設快慢車道分隔線","無","路口交岔撞","未依規定讓車","Y000","YZ00",1,3,2014-10-18,"金門縣金寧鄉埔後708號前路口","","金門縣金寧鄉埔後708號前路口","118.317029","24.442928"
10310,"10310Y00020063","YZA1","10310YZ000064",2014,10,19,11,36,"金門縣","金寧鄉","",NA,"桃園路","","",NA,"","","","","","乳山遊客中心路段",NA,NA,NA,NA,NA,NA,NA,NA,NA,0,1,0,"晴","日間自然光線","村里道路",60,"直路","路肩、路緣","柏油","乾燥","無缺陷","無障礙物","良好","無號誌","無號誌","無標記","車道線（無標記）","未繪設快慢車道分隔線","有","路上翻車、摔倒","超速失控","Y000","YZ00",1,2,2014-10-19,"桃園路","","金門縣金寧鄉乳山遊客中心路段","118.3446627","24.4317794"
10310,"10310Y00020041","YZA1","10310YZ000066",2014,10,20,16,26,"金門縣","金城鎮","",NA,"西海路","一","",NA,"","","","","","水頭碼頭T字路口附近路段",NA,NA,NA,NA,NA,NA,NA,NA,NA,0,1,0,"晴","日間自然光線","村里道路",50,"直路","一般車道（未劃分快慢車道）","柏油","乾燥","無缺陷","無障礙物","良好","無號誌","無號誌","附標記","未繪設車道線","未繪設快慢車道分隔線","有","側撞","未依規定讓車","Y000","YZ00",1,2,2014-10-20,"西海路一段","","金門縣金城鎮水頭碼頭T字路口附近路段","118.2906709","24.4124946"
10310,"10310Y00020044","YZA1","10310YZ000067",2014,10,21,9,1,"金門縣","金城鎮","",NA,"民生路","","",NA,"60","","","","","",NA,NA,NA,NA,NA,NA,NA,NA,NA,0,1,0,"晴","日間自然光線","鄉道",40,"三岔路","交岔路口內","柏油","乾燥","無缺陷","無障礙物","良好","無號誌","無號誌","無分向設施","未繪設車道線","未繪設快慢車道分隔線","有","側撞","右轉彎未依規定","Y000","YZ00",1,2,2014-10-21,"民生路60號","","金門縣金城鎮","118.3190184","24.43575"
10310,"10310Y00020047","YZA1","10310YZ000068",2014,10,22,17,5,"金門縣","金城鎮","",NA,"環島西路","一","",NA,"","","","","","庵前路口",NA,NA,NA,NA,NA,NA,NA,NA,NA,0,1,0,"晴","日間自然光線","鄉道",50,"四岔路","交岔路口內","柏油","乾燥","無缺陷","無障礙物","良好","閃光號誌","正常","無分向設施","未繪設車道線","未繪設快慢車道分隔線","無","路口交岔撞","未依規定讓車","Y000","YZ00",1,2,2014-10-22,"環島西路一段","","金門縣金城鎮庵前路口","118.3184801","24.4172073"
10310,"10310Y00020048","YZA1","10310YZ000071",2014,10,23,20,33,"金門縣","金城鎮","",NA,"伯玉路","一","",NA,"","","","","","冠城自助餐前",NA,NA,NA,NA,NA,NA,NA,NA,NA,0,1,0,"晴","夜間（或隧道、地下道、涵洞）有照明","鄉道",60,"四岔路","交岔口附近","柏油","乾燥","無缺陷","有堆積物","良好","無號誌","無號誌","無標記","未繪設車道線","快慢車道分隔線","無","其他","未注意車前狀態","Y000","YZ00",1,2,2014-10-23,"伯玉路一段","","金門縣金城鎮冠城自助餐前","118.3267756","24.4346914"
10310,"10310Y00020056","YZA1","10310YZ000072",2014,10,23,18,13,"金門縣","金城鎮","",NA,"民生路","","",NA,"","","中興路","","","173巷14弄路口",NA,NA,NA,NA,NA,NA,NA,NA,NA,0,1,0,"晴","夜間（或隧道、地下道、涵洞）有照明","鄉道",40,"四岔路","交岔路口內","柏油","乾燥","無缺陷","無障礙物","良好","無號誌","無號誌","無分向設施","未繪設車道線","未繪設快慢車道分隔線","有","側撞","未依規定讓車","Y000","YZ00",1,2,2014-10-23,"民生路","中興路","","118.319696","24.43433386"
10310,"10310Y00030004","YZA1","10310YZ000073",2014,10,25,15,42,"金門縣","金寧鄉","",NA,"慈湖路","一","",NA,"101","","","","","",NA,NA,NA,NA,NA,NA,NA,NA,NA,0,0,0,"晴","日間自然光線","村里道路",40,"三岔路","交岔口附近","柏油","乾燥","無缺陷","無障礙物","良好","無號誌","無號誌","無分向設施","未繪設車道線","未繪設快慢車道分隔線","有","追撞","酒醉（後）駕駛失控","Y000","YZ00",1,3,2014-10-25,"慈湖路一段101號","","金門縣金寧鄉","118.3117387","24.4416084"
10310,"","YZA1","10310YZ000075",2014,10,25,18,5,"金門縣","金城鎮","",NA,"民族路","","",NA,"10","","","","","",NA,NA,NA,NA,NA,NA,NA,NA,NA,0,0,0,"晴",NA,NA,40,NA,NA,NA,NA,NA,NA,NA,NA,NA,NA,NA,NA,NA,NA,NA,"Y000","YZ00",1,4,2014-10-25,"民族路10號","","金門縣金城鎮","118.3157499","24.4302723"
10310,"10310Y00020050","YZA1","10310YZ000076",2014,10,25,12,3,"金門縣","金寧鄉","",NA,"環島北路","一","",NA,"","","","","","鎮西路段",NA,NA,NA,NA,NA,NA,NA,NA,NA,0,1,0,"晴","日間自然光線","鄉道",50,"直路","一般車道（未劃分快慢車道）","柏油","乾燥","無缺陷","無障礙物","良好","無號誌","無號誌","無標記","未繪設車道線","未繪設快慢車道分隔線","無","倒車撞","倒車未依規定","Y000","YZ00",1,2,2014-10-25,"環島北路一段","","金門縣金寧鄉鎮西路段","118.3283226","24.4462231"
10310,"10310Y00020064","YZA1","10310YZ000077",2014,10,20,16,52,"金門縣","金城鎮","",NA,"民生路","","",NA,"","","中興路","","","",NA,NA,NA,NA,NA,NA,NA,NA,NA,0,1,0,"晴","夜間（或隧道、地下道、涵洞）有照明","村里道路",40,"四岔路","交岔路口內","柏油","乾燥","無缺陷","無障礙物","良好","行車管制號誌（附設行人專用號誌）","正常","無分向設施","未繪設車道線","未繪設快慢車道分隔線","有","路上翻車、摔倒","未依規定減速","Y000","YZ00",1,2,2014-10-20,"民生路","中興路","","118.319696","24.43433386"
10310,"10310Y00020074","YZA1","10310YZ000079",2014,10,27,11,40,"金門縣","金城鎮","",NA,"伯玉路","","",NA,"","","","","","東門圓環",NA,NA,NA,NA,NA,NA,NA,NA,NA,0,1,0,"晴","日間自然光線","村里道路",60,"圓環","一般車道（未劃分快慢車道）","柏油","乾燥","無缺陷","無障礙物","良好","無號誌","無號誌","無分向設施","未繪設車道線","未繪設快慢車道分隔線","有","其他","未注意車前狀態","Y000","YZ00",1,2,2014-10-27,"伯玉路","","金門縣金城鎮東門圓環","118.3267756","24.4346914"
10310,"10310Y00020066","YZA1","10310YZ000080",2014,10,26,19,10,"金門縣","金寧鄉","",NA,"慈湖路","一","",NA,"12","","","","","",NA,NA,NA,NA,NA,NA,NA,NA,NA,0,1,0,"晴","晨或暮光","鄉道",50,"直路","一般車道（未劃分快慢車道）","柏油","乾燥","無缺陷","無障礙物","良好","無號誌","無號誌","無標記","未繪設車道線","未繪設快慢車道分隔線","無","撞動物","未注意車前狀態","Y000","YZ00",1,2,2014-10-26,"慈湖路一段12號","","金門縣金寧鄉","118.3117387","24.4416084"
10310,"10310Y00020051","YZA1","10310YZ000081",2014,10,27,22,55,"金門縣","金城鎮","",NA,"民權路","","",NA,"180","","","","","",NA,NA,NA,NA,NA,NA,NA,NA,NA,0,2,0,"晴","夜間（或隧道、地下道、涵洞）有照明","村里道路",40,"直路","一般車道（未劃分快慢車道）","柏油","乾燥","無缺陷","無障礙物","良好","無號誌","無號誌","附標記","未繪設車道線","未繪設快慢車道分隔線","有","路上翻車、摔倒","未注意車前狀態","Y000","YZ00",NA,NA,2014-10-27,"民權路180號","","金門縣金城鎮","118.3183467","24.4371139"
10310,"10310Y00020065","YZA1","10310YZ000082",2014,10,28,13,40,"金門縣","金城鎮","",NA,"","","",NA,"","","","","","金門城1436號旁產業道路路段",NA,NA,NA,NA,NA,NA,NA,NA,NA,0,1,0,"晴","日間自然光線","村里道路",40,"彎曲路及附近","一般車道（未劃分快慢車道）","柏油","乾燥","無缺陷","無障礙物","良好","無號誌","無號誌","無分向設施","未繪設車道線","未繪設快慢車道分隔線","無","對向擦撞","酒醉（後）駕駛失控","Y000","YZ00",1,2,2014-10-28,"金門縣金城鎮金門城1436號旁產業道路路段","","金門縣金城鎮金門城1436號旁產業道路路段","118.306221","24.401537"
10310,"10310Y00020059","YZA1","10310YZ000083",2014,10,28,18,3,"金門縣","金城鎮","",NA,"環島北路","一","",NA,"","","","","","統一精工加油站前",NA,NA,NA,NA,NA,NA,NA,NA,NA,0,2,0,"晴","晨或暮光","鄉道",50,"三岔路","交岔口附近","柏油","乾燥","無缺陷","無障礙物","其他","無號誌","無號誌","無標記","未繪設車道線","未繪設快慢車道分隔線","無","追撞","未保持行車安全距離","Y000","YZ00",1,2,2014-10-28,"環島北路一段","","金門縣金城鎮統一精工加油站前","118.3283226","24.4462231"
10310,"10310Y00020060","YZA1","10310YZ000085",2014,10,29,16,5,"金門縣","金城鎮","",NA,"民生路","","",NA,"","","","","","大同之家旁路口",NA,NA,NA,NA,NA,NA,NA,NA,NA,0,1,0,"晴","日間自然光線","村里道路",40,"四岔路","交岔路口內","柏油","乾燥","無缺陷","無障礙物","良好","無號誌","無號誌","無分向設施","未繪設車道線","未繪設快慢車道分隔線","有","路口交岔撞","未依規定讓車","Y000","YZ00",1,2,2014-10-29,"民生路","","金門縣金城鎮大同之家旁路口","118.3190184","24.43575"
10310,"","YZA1","10310YZ000086",2014,10,7,15,23,"金門縣","金城鎮","",NA,"","","",NA,"","","","","","東門圓環",NA,NA,NA,NA,NA,NA,NA,NA,NA,0,1,0,"晴","日間自然光線","其他",40,"圓環","一般車道（未劃分快慢車道）","柏油","乾燥","無缺陷","無障礙物","良好","無號誌","無號誌","無分向設施","車道線（無標記）","未繪設快慢車道分隔線","有","其他","未依規定讓車","Y000","YZ00",3,2,2014-10-07,"金門縣金城鎮東門圓環","","金門縣金城鎮東門圓環","118.321386","24.431515"
10310,"10310Y00020071","YZA1","10310YZ000087",2014,10,30,10,3,"金門縣","金城鎮","",NA,"伯玉路","一","",NA,"","","","","","東門圓環",NA,NA,NA,NA,NA,NA,NA,NA,NA,0,1,0,"晴","日間自然光線","村里道路",40,"圓環","一般車道（未劃分快慢車道）","柏油","乾燥","無缺陷","無障礙物","良好","無號誌","無號誌","無分向設施","車道線（無標記）","未繪設快慢車道分隔線","無","其他","未注意車前狀態","Y000","YZ00",1,2,2014-10-30,"伯玉路一段","","金門縣金城鎮東門圓環","118.3267756","24.4346914"
10310,"10310Y00020067","YZA1","10310YZ000088",2014,10,30,11,58,"金門縣","金寧鄉","",NA,"伯玉路","一","",NA,"222","","","","","",NA,NA,NA,NA,NA,NA,NA,NA,NA,0,1,0,"晴","日間自然光線","縣道",60,"直路","一般車道（未劃分快慢車道）","柏油","乾燥","無缺陷","無障礙物","良好","無號誌","無號誌","無標記","未繪設車道線","快慢車道分隔線","有","倒車撞","倒車未依規定","Y000","YZ00",1,2,2014-10-30,"伯玉路一段222號","","金門縣金寧鄉","118.3267756","24.4346914"
10310,"10310Y00020072","YZA1","10310YZ000089",2014,10,30,13,18,"金門縣","金城鎮","",NA,"民生路","","",NA,"","","","","","金城車站",NA,NA,NA,NA,NA,NA,NA,NA,NA,0,1,0,"晴","日間自然光線","鄉道",40,"直路","一般車道（未劃分快慢車道）","柏油","乾燥","無缺陷","無障礙物","良好","無號誌","無號誌","附標記","未繪設車道線","未繪設快慢車道分隔線","有","其他","起步未注意其他車（人）安全","Y000","YZ00",1,2,2014-10-30,"民生路","","金門縣金城鎮金城車站","118.3190184","24.43575"
10310,"10310Y00020073","YZA1","10310YZ000091",2014,10,31,14,48,"金門縣","金城鎮","",NA,"民權路","","",NA,"","","","","","物資處前路段",NA,NA,NA,NA,NA,NA,NA,NA,NA,0,1,0,"晴","日間自然光線","村里道路",40,"直路","路肩、路緣","柏油","乾燥","無缺陷","無障礙物","良好","無號誌","無號誌","附標記","未繪設車道線","未繪設快慢車道分隔線","有","路上翻車、摔倒","未依規定減速","Y000","YZ00",1,2,2014-10-31,"民權路","","金門縣金城鎮物資處前路段","118.3168946","24.4355379"
10310,"10310Y00020077","YZA1","10310YZ000093",2014,10,31,20,13,"金門縣","金寧鄉","",NA,"","","",NA,"","","","","","埔後產業道路十字路口Z0056號路燈桿前路口",NA,NA,NA,NA,NA,NA,NA,NA,NA,0,1,0,"晴","夜間（或隧道、地下道、涵洞）有照明","村里道路",40,"四岔路","交岔路口內","柏油","乾燥","無缺陷","無障礙物","建築物","無號誌","無號誌","無分向設施","未繪設車道線","未繪設快慢車道分隔線","無","路口交岔撞","未依規定讓車","Y000","YZ00",1,2,2014-10-31,"金門縣金寧鄉埔後產業道路十字路口Z0056號路燈桿前路口","","金門縣金寧鄉埔後產業道路十字路口Z0056號路燈桿前路口","118.317029","24.442928"
10311,"10311Y00020004","YYA1","10311YY000001",2014,11,1,2,48,"金門縣","金湖鎮","",NA,"瓊義路","","",NA,"","","","","","瓊林街30號前路段00340路燈",NA,NA,NA,NA,NA,NA,NA,NA,NA,0,1,0,"晴","夜間（或隧道、地下道、涵洞）有照明","村里道路",50,"直路","一般車道（未劃分快慢車道）","柏油","乾燥","無缺陷","無障礙物","良好","無號誌","無號誌","無標記","未繪設車道線","未繪設快慢車道分隔線","有","其他","酒醉（後）駕駛失控","Y000","YY00",1,2,2014-11-01,"瓊義路","","金門縣金湖鎮瓊林街30號前路段00340路燈","118.3750744","24.4504136"
10311,"10311Y00020007","YYA1","10311YY000003",2014,11,1,11,5,"金門縣","金沙鎮","",NA,"","","",NA,"","","","","","呂厝產業道路07311號路燈桿路段",NA,NA,NA,NA,NA,NA,NA,NA,NA,0,1,0,"晴","日間自然光線","村里道路",40,"彎曲路及附近","一般車道（未劃分快慢車道）","柏油","乾燥","無缺陷","無障礙物","樹木、農作物","無號誌","無號誌","無分向設施","未繪設車道線","未繪設快慢車道分隔線","有","對向擦撞","未靠右行駛","Y000","YY00",1,2,2014-11-01,"金門縣金沙鎮呂厝產業道路07311號路燈桿路段","","金門縣金沙鎮呂厝產業道路07311號路燈桿路段","118.391347","24.485778"
10311,"10311Y00020017","YYA1","10311YY000006",2014,11,1,7,33,"金門縣","金沙鎮","光前里",NA,"環島東路","一","",NA,"","","","","","0275路燈前陽翟路段",NA,NA,NA,NA,NA,NA,NA,NA,NA,0,1,0,"晴","日間自然光線","村里道路",60,"直路","一般車道（未劃分快慢車道）","柏油","乾燥","無缺陷","無障礙物","良好","無號誌","無號誌","無標記","未繪設車道線","未繪設快慢車道分隔線","有","路上翻車、摔倒","其他裝載不當肇事","Y000","YY00",1,2,2014-11-01,"環島東路一段","","金門縣金沙鎮光前里0275路燈前陽翟路段","118.4213083","24.4841071"
10311,"10311Y00020008","YYA1","10311YY000011",2014,11,3,16,39,"金門縣","金沙鎮","",NA,"","","",NA,"","","","","","金沙圖書館左側路段",NA,NA,NA,NA,NA,NA,NA,NA,NA,0,2,0,"晴","日間自然光線","村里道路",50,"直路","一般車道（未劃分快慢車道）","柏油","乾燥","無缺陷","無障礙物","建築物","無號誌","無號誌","無分向設施","未繪設車道線","未繪設快慢車道分隔線","有","其他","起步未注意其他車（人）安全","Y000","YY00",1,2,2014-11-03,"金門縣金沙鎮金沙圖書館左側路段","","金門縣金沙鎮金沙圖書館左側路段","118.4131317","24.4888973"
10311,"10311Y00020009","YYA1","10311YY000013",2014,11,4,11,10,"金門縣","金湖鎮","",NA,"伯玉路","","",NA,"","","中山路","","","",NA,NA,NA,NA,NA,NA,NA,NA,NA,0,1,0,"晴","日間自然光線","村里道路",60,"四岔路","交岔路口內","柏油","乾燥","無缺陷","無障礙物","良好","閃光號誌","正常","無分向設施","未繪設車道線","未繪設快慢車道分隔線","有","路口交岔撞","未依規定讓車","Y000","YY00",1,2,2014-11-04,"伯玉路","中山路","","118.3650088","24.44601623"
10311,"","YYA1","10311YY000014",2014,11,4,17,5,"金門縣","金沙鎮","",NA,"環島東路","一","",NA,"","","復興街","","","",NA,NA,NA,NA,NA,NA,NA,NA,NA,0,0,0,NA,NA,NA,0,NA,NA,NA,NA,NA,NA,NA,NA,NA,NA,NA,NA,NA,NA,NA,"Y000","YY00",1,4,2014-11-04,"環島東路一段","復興街","","118.413114","24.488629"
10311,"10311Y00020022","YYA1","10311YY000023",2014,11,10,6,29,"金門縣","金湖鎮","新湖里",NA,"環島南路","四","",NA,"","","","","","湖前路口",NA,NA,NA,NA,NA,NA,NA,NA,NA,0,1,0,"晴","日間自然光線","村里道路",50,"四岔路","交岔路口內","柏油","乾燥","無缺陷","無障礙物","良好","行車管制號誌","正常","無分向設施","未繪設車道線","未繪設快慢車道分隔線","有","其他","其他引起事故之故障","Y000","YY00",1,2,2014-11-10,"環島南路四段","","金門縣金湖鎮新湖里湖前路口","118.40101","24.438041"
10311,"10311Y00020013","YYA1","10311YY000025",2014,11,10,17,55,"金門縣","金沙鎮","",NA,"高陽路","","",NA,"111","","","","","",NA,NA,NA,NA,NA,NA,NA,NA,NA,0,1,0,"晴","夜間（或隧道、地下道、涵洞）有照明","村里道路",60,"三岔路","交岔路口內","柏油","乾燥","無缺陷","無障礙物","良好","無號誌","無號誌","無分向設施","未繪設車道線","未繪設快慢車道分隔線","有","側撞","未依規定讓車","Y000","YY00",1,2,2014-11-10,"高陽路111號","","金門縣金沙鎮","118.4078483","24.4727311"
10311,"10311Y00020028","YYA1","10311YY000026",2014,11,10,21,14,"金門縣","金湖鎮","",NA,"瓊義路","","",NA,"","","經武路","","","",NA,NA,NA,NA,NA,NA,NA,NA,NA,0,2,0,"晴","夜間（或隧道、地下道、涵洞）有照明","村里道路",60,"四岔路","交岔路口內","柏油","乾燥","無缺陷","無障礙物","良好","閃光號誌","正常","無分向設施","未繪設車道線","未繪設快慢車道分隔線","有","路口交岔撞","未依規定讓車","Y000","YY00",1,2,2014-11-10,"瓊義路","經武路","","118.3762326","24.4440968"
10311,"","YYA1","10311YY000027",2014,11,11,19,9,"金門縣","金湖鎮","",NA,"環島南路","五","",NA,"","","","","","養護工程所前",NA,NA,NA,NA,NA,NA,NA,NA,NA,0,0,0,NA,NA,NA,0,NA,NA,NA,NA,NA,NA,NA,NA,NA,NA,NA,NA,NA,NA,NA,"Y000","YY00",1,4,2014-11-11,"環島南路五段","","金門縣金湖鎮養護工程所前","118.4239844","24.4324232"
10311,"10311Y00020043","YYA1","10311YY000032",2014,11,13,7,57,"金門縣","金湖鎮","",NA,"瓊徑路","","",NA,"","","環島南路","四","","",NA,NA,NA,NA,NA,NA,NA,NA,NA,0,1,0,"晴","日間自然光線","村里道路",50,"三岔路","交岔口附近","柏油","乾燥","無缺陷","無障礙物","良好","行車管制號誌（附設行人專用號誌）","正常","附標記","未繪設車道線","快慢車道分隔線","有","側撞","變換車道或方向不當","Y000","YY00",1,2,2014-11-13,"瓊徑路","環島南路四段","","118.3917905","24.44048713"
10311,"10311Y00020031","YYA1","10311YY000036",2014,11,15,9,0,"金門縣","金湖鎮","",NA,"黃海路","","",NA,"","","","","","福華飯店前",NA,NA,NA,NA,NA,NA,NA,NA,NA,0,1,0,"晴","日間自然光線","村里道路",50,"直路","一般車道（未劃分快慢車道）","柏油","乾燥","無缺陷","無障礙物","良好","無號誌","無號誌","無標記","未繪設車道線","未繪設快慢車道分隔線","有","同向擦撞","未注意車前狀態","Y000","YY00",1,2,2014-11-15,"黃海路","","金門縣金湖鎮福華飯店前","118.4256931","24.452032"
10311,"10311Y00020039","YYA1","10311YY000039",2014,11,16,10,55,"金門縣","金沙鎮","",NA,"環島北路","四","",NA,"","","","","","金沙自來水廠前路段",NA,NA,NA,NA,NA,NA,NA,NA,NA,0,1,0,"晴","日間自然光線","村里道路",50,"直路","一般車道（未劃分快慢車道）","柏油","乾燥","無缺陷","其他障礙物","良好","無號誌","無號誌","無標記","未繪設車道線","未繪設快慢車道分隔線","有","撞護欄（樁）","未注意車前狀態","Y000","YY00",1,2,2014-11-16,"環島北路四段","","金門縣金沙鎮金沙自來水廠前路段","118.4045085","24.4840105"
10311,"10311Y00020033","YYA1","10311YY000041",2014,11,17,8,55,"金門縣","金湖鎮","",NA,"黃海路","","",NA,"","","林森路","","","",NA,NA,NA,NA,NA,NA,NA,NA,NA,0,2,0,"晴","日間自然光線","村里道路",50,"四岔路","交岔路口內","柏油","乾燥","無缺陷","無障礙物","良好","無號誌","無號誌","無分向設施","未繪設車道線","未繪設快慢車道分隔線","有","側撞","未依規定讓車","Y000","YY00",1,2,2014-11-17,"黃海路","林森路","","118.4146947","24.44280044"
10311,"10311Y00030002","YYA1","10311YY000042",2014,11,17,14,49,"金門縣","金湖鎮","",NA,"復興路","","",NA,"89","","","","","",NA,NA,NA,NA,NA,NA,NA,NA,NA,0,0,0,"晴","日間自然光線","村里道路",40,"直路","一般車道（未劃分快慢車道）","柏油","乾燥","無缺陷","無障礙物","良好","無號誌","無號誌","無標記","未繪設車道線","未繪設快慢車道分隔線","有","倒車撞","倒車未依規定","Y000","YY00",1,3,2014-11-17,"復興路89號","","金門縣金湖鎮","118.4161413","24.4412321"
10311,"10311Y00020051","YYA1","10311YY000044",2014,11,19,14,3,"金門縣","金湖鎮","",NA,"太湖路","二","",NA,"","","","","","復國寺路口附近路段",NA,NA,NA,NA,NA,NA,NA,NA,NA,0,1,0,"晴","日間自然光線","村里道路",50,"三岔路","交岔口附近","柏油","乾燥","無缺陷","無障礙物","良好","無號誌","無號誌","附標記","未繪設車道線","未繪設快慢車道分隔線","有","路上翻車、摔倒","未注意車前狀態","Y000","YY00",1,2,2014-11-19,"太湖路二段","","金門縣金湖鎮復國寺路口附近路段","118.4170143","24.4394812"
10311,"","YYA1","10311YY000050",2014,11,20,19,5,"金門縣","金湖鎮","",NA,"太湖路","二","",NA,"","","","","","201旁路口",NA,NA,NA,NA,NA,NA,NA,NA,NA,0,0,0,NA,NA,NA,0,NA,NA,NA,NA,NA,NA,NA,NA,NA,NA,NA,NA,NA,NA,NA,"Y000","YY00",1,4,2014-11-20,"太湖路二段","","金門縣金湖鎮201旁路口","118.4170143","24.4394812"
10311,"10311Y00020042","YYA1","10311YY000053",2014,11,23,9,5,"金門縣","金湖鎮","",NA,"市港路","","",NA,"","","","","","武德新莊加水站旁路口",NA,NA,NA,NA,NA,NA,NA,NA,NA,0,1,0,"晴","日間自然光線","村里道路",40,"四岔路","交岔路口內","柏油","乾燥","無缺陷","無障礙物","良好","無號誌","無號誌","無分向設施","未繪設車道線","未繪設快慢車道分隔線","有","路口交岔撞","未依規定讓車","Y000","YY00",1,2,2014-11-23,"市港路","","金門縣金湖鎮武德新莊加水站旁路口","118.4099121","24.4348324"