"年月","總編號","處理單位","處理編號","年","月","日","時","分","縣市","區","村里","鄰","街道","段","巷","弄","號","公尺處","街道.1","段.1","側","附近","道路","公里","公尺處.1","向","車道","平交道","公里.1","公尺處.2","附近.1","死","受傷","X2.30","天候","光線","道路類別","速限","道路型態","事故位置","路面鋪裝","路面狀態","路面缺陷","障礙物","視距","號誌種類","號誌動作","分向設施","快車道或一般車道間","快慢車道間","路面邊線","事故類型及型態","主要肇因","警局","分局","案件類別","事故類別","日期","道路1","道路2","概略位置","lon","lat"
10311,"10311Y00020044","YZA1","10311YZ000048",2014,11,20,12,34,"金門縣","金寧鄉","",NA,"頂林路","","",NA,"","","瓊安路","","","",NA,NA,NA,NA,NA,NA,NA,NA,NA,0,1,0,"晴","日間自然光線","其他",50,"四岔路","交岔路口內","柏油","乾燥","無缺陷","無障礙物","良好","閃光號誌","正常","無分向設施","未繪設車道線","未繪設快慢車道分隔線","有","路口交岔撞","未依規定讓車","Y000","YZ00",1,2,2014-11-20,"頂林路","瓊安路","","118.32535","24.46123779"
10311,"10311Y00020036","YZA1","10311YZ000049",2014,11,20,15,28,"金門縣","金寧鄉","榜林村",NA,"伯玉路","二","",NA,"","","","","","榜林圓環內",NA,NA,NA,NA,NA,NA,NA,NA,NA,0,1,0,"晴","日間自然光線","縣道",70,"圓環","一般車道（未劃分快慢車道）","柏油","乾燥","無缺陷","無障礙物","良好","無號誌","無號誌","無分向設施","車道線（無標記）","未繪設快慢車道分隔線","有","其他","未注意車前狀態","Y000","YZ00",1,2,2014-11-20,"伯玉路二段","","金門縣金寧鄉榜林村榜林圓環內","118.3416148","24.4414563"
10311,"10311Y00020067","YZA1","10311YZ000051",2014,11,21,9,40,"金門縣","金寧鄉","",NA,"環島西路","二","",NA,"","","大學路","","北","往埔後產業道路",NA,NA,NA,NA,NA,NA,NA,NA,NA,0,2,0,"晴","日間自然光線","村里道路",50,"四岔路","交岔口附近","柏油","乾燥","無缺陷","無障礙物","良好","無號誌","無號誌","無標記","未繪設車道線","未繪設快慢車道分隔線","有","側撞","左轉彎未依規定","Y000","YZ00",NA,NA,2014-11-21,"環島西路二段","大學路","","118.319604","24.444293"
10311,"10311Y00020037","YZA1","10311YZ000052",2014,11,21,13,22,"金門縣","金城鎮","",NA,"民權路","","",NA,"","","莒光路","","","",NA,NA,NA,NA,NA,NA,NA,NA,NA,0,1,0,"晴","日間自然光線","鄉道",40,"三岔路","交岔路口內","柏油","乾燥","無缺陷","無障礙物","良好","無號誌","無號誌","無分向設施","未繪設車道線","未繪設快慢車道分隔線","無","側撞","未依規定讓車","Y000","YZ00",1,2,2014-11-21,"民權路","莒光路","","118.3156202","24.43419458"
10311,"10311Y00020058","YZA1","10311YZ000054",2014,11,23,16,28,"金門縣","金城鎮","",NA,"伯玉路","一","",NA,"","","桃園路","","","",NA,NA,NA,NA,NA,NA,NA,NA,NA,0,1,0,"晴","日間自然光線","縣道",60,"四岔路","交岔路口內","柏油","乾燥","無缺陷","無障礙物","良好","行車管制號誌","正常","無分向設施","未繪設車道線","未繪設快慢車道分隔線","無","側撞","未注意車前狀態","Y000","YZ00",1,2,2014-11-23,"伯玉路一段","桃園路","","118.3245732","24.4324356"
10311,"10311Y00020046","YZA1","10311YZ000058",2014,11,24,22,46,"金門縣","金城鎮","",NA,"民權路","","",NA,"","","","","","金城新莊1巷口",NA,NA,NA,NA,NA,NA,NA,NA,NA,0,4,0,"晴","夜間（或隧道、地下道、涵洞）有照明","村里道路",50,"三岔路","交岔口附近","柏油","乾燥","無缺陷","無障礙物","良好","無號誌","無號誌","無標記","未繪設車道線","未繪設快慢車道分隔線","有","追撞","未保持行車安全距離","Y000","YZ00",1,2,2014-11-24,"民權路","","金門縣金城鎮金城新莊1巷口","118.3168946","24.4355379"
10311,"10311Y00020060","YZA1","10311YZ000062",2014,11,25,18,10,"金門縣","金城鎮","",NA,"民生路","","45",NA,"","","","","","",NA,NA,NA,NA,NA,NA,NA,NA,NA,0,2,0,"晴","夜間（或隧道、地下道、涵洞）有照明","村里道路",40,"三岔路","交岔路口內","柏油","乾燥","無缺陷","無障礙物","良好","無號誌","無號誌","無分向設施","未繪設車道線","未繪設快慢車道分隔線","有","側撞","左轉彎未依規定","Y000","YZ00",1,2,2014-11-25,"民生路45巷","","金門縣金城鎮","118.3190184","24.43575"
10311,"10311Y00020047","YZA1","10311YZ000063",2014,11,25,11,35,"金門縣","金城鎮","",NA,"民權路","","184",6,"7","旁路口","","","","",NA,NA,NA,NA,NA,NA,NA,NA,NA,0,1,0,"晴","日間自然光線","村里道路",40,"四岔路","交岔路口內","柏油","乾燥","無缺陷","無障礙物","良好","無號誌","無號誌","無分向設施","未繪設車道線","未繪設快慢車道分隔線","有","路口交岔撞","未依規定讓車","Y000","YZ00",1,2,2014-11-25,"民權路184巷6弄7號","","金門縣金城鎮","118.3190753","24.4394076"
10311,"","YZA1","10311YZ000064",2014,11,26,14,12,"金門縣","金城鎮","",NA,"民族路","","31",NA,"","","","","","",NA,NA,NA,NA,NA,NA,NA,NA,NA,0,0,0,"晴",NA,NA,40,NA,NA,NA,NA,NA,NA,NA,NA,NA,NA,NA,NA,NA,NA,NA,"Y000","YZ00",1,4,2014-11-26,"民族路31巷","","金門縣金城鎮","118.3157499","24.4302723"
10311,"","YZA1","10311YZ000066",2014,11,21,12,5,"金門縣","金寧鄉","",NA,"桃園路","","",NA,"","","","","","中山林1265號路燈桿前",NA,NA,NA,NA,NA,NA,NA,NA,NA,0,1,0,"晴","日間自然光線","縣道",60,"直路","一般車道（未劃分快慢車道）","柏油","乾燥","無缺陷","無障礙物","良好","無號誌","無號誌","附標記","車道線（無標記）","未繪設快慢車道分隔線","有","側撞","迴轉未依規定","Y000","YZ00",3,2,2014-11-21,"桃園路","","金門縣金寧鄉中山林1265號路燈桿前","118.3446627","24.4317794"
10311,"","YZA1","10311YZ000068",2014,11,28,9,5,"金門縣","金寧鄉","",NA,"慈湖路","一","",NA,"","","","","","全聯福利中心前",NA,NA,NA,NA,NA,NA,NA,NA,NA,0,0,0,"雨",NA,NA,50,NA,NA,NA,NA,NA,NA,NA,NA,NA,NA,NA,NA,NA,NA,NA,"Y000","YZ00",1,4,2014-11-28,"慈湖路一段","","金門縣金寧鄉全聯福利中心前","118.3117387","24.4416084"
10311,"10311Y00020048","YZA1","10311YZ000070",2014,11,28,11,35,"金門縣","金寧鄉","",NA,"","","",NA,"","","","","","埔後191號前路口",NA,NA,NA,NA,NA,NA,NA,NA,NA,0,1,0,"陰","日間自然光線","村里道路",40,"四岔路","交岔路口內","柏油","乾燥","無缺陷","無障礙物","良好","無號誌","無號誌","無分向設施","未繪設車道線","未繪設快慢車道分隔線","有","路口交岔撞","未依規定讓車","Y000","YZ00",1,2,2014-11-28,"金門縣金寧鄉埔後191號前路口","","金門縣金寧鄉埔後191號前路口","118.317029","24.442928"
10311,"10311Y00020061","YZA1","10311YZ000071",2014,11,27,17,50,"金門縣","金城鎮","",NA,"環島北路","","",NA,"88","","","","","路口",NA,NA,NA,NA,NA,NA,NA,NA,NA,0,2,0,"晴","夜間（或隧道、地下道、涵洞）有照明","村里道路",60,"四岔路","交岔口附近","柏油","乾燥","無缺陷","無障礙物","良好","無號誌","無號誌","附標記","未繪設車道線","未繪設快慢車道分隔線","有","穿越道路中","違規超車","Y000","YZ00",1,2,2014-11-27,"環島北路88號","","金門縣金城鎮路口","118.322662","24.441264"
10311,"10311Y00020049","YZA1","10311YZ000076",2014,11,28,22,43,"金門縣","金城鎮","",NA,"民生路","","",NA,"","","","","","大同之家旁路口",NA,NA,NA,NA,NA,NA,NA,NA,NA,0,1,0,"晴","夜間（或隧道、地下道、涵洞）有照明","村里道路",40,"四岔路","交岔路口內","柏油","乾燥","無缺陷","無障礙物","良好","無號誌","無號誌","無分向設施","未繪設車道線","未繪設快慢車道分隔線","有","追撞","未保持行車安全距離","Y000","YZ00",1,2,2014-11-28,"民生路","","金門縣金城鎮大同之家旁路口","118.3190184","24.43575"
10311,"","YZA1","10311YZ000077",2014,11,29,8,19,"金門縣","金寧鄉","",NA,"","","",NA,"","","","","","埔後65號前路口",NA,NA,NA,NA,NA,NA,NA,NA,NA,0,0,0,"晴",NA,NA,40,NA,NA,NA,NA,NA,NA,NA,NA,NA,NA,NA,NA,NA,NA,NA,"Y000","YZ00",1,4,2014-11-29,"金門縣金寧鄉埔後65號前路口","","金門縣金寧鄉埔後65號前路口","118.317029","24.442928"
10311,"10311Y00020065","YZA1","10311YZ000079",2014,11,29,17,4,"金門縣","金城鎮","",NA,"民生路","","",NA,"","","","","","大同之家旁路口",NA,NA,NA,NA,NA,NA,NA,NA,NA,0,1,0,"晴","夜間（或隧道、地下道、涵洞）有照明","村里道路",40,"四岔路","交岔路口內","水泥","乾燥","無缺陷","無障礙物","良好","無號誌","無號誌","無分向設施","未繪設車道線","未繪設快慢車道分隔線","有","對向擦撞","左轉彎未依規定","Y000","YZ00",1,2,2014-11-29,"民生路","","金門縣金城鎮大同之家旁路口","118.3190184","24.43575"
10311,"","YZA1","10311YZ000080",2014,11,27,19,35,"金門縣","金寧鄉","",NA,"伯玉路","二","",NA,"","","","","","聖祖貢糖前路段",NA,NA,NA,NA,NA,NA,NA,NA,NA,0,0,0,"陰","夜間（或隧道、地下道、涵洞）有照明","村里道路",70,"三岔路","交岔口附近","柏油","乾燥","無缺陷","無障礙物","良好","行車管制號誌","正常","無標記","未繪設車道線","快慢車道分隔線","有","追撞","未保持行車安全距離","Y000","YZ00",1,4,2014-11-27,"伯玉路二段","","金門縣金寧鄉聖祖貢糖前路段","118.3416148","24.4414563"
10311,"10311Y00020059","YZA1","10311YZ000081",2014,11,27,16,42,"金門縣","金城鎮","",NA,"環島北路","","",NA,"69","","","","","",NA,NA,NA,NA,NA,NA,NA,NA,NA,0,1,0,"晴","日間自然光線","縣道",60,"直路","一般車道（未劃分快慢車道）","柏油","乾燥","無缺陷","無障礙物","良好","無號誌","無號誌","附標記","未繪設車道線","未繪設快慢車道分隔線","有","側撞","左轉彎未依規定","Y000","YZ00",1,2,2014-11-27,"環島北路69號","","金門縣金城鎮","118.322662","24.441264"
10311,"10311Y00030005","YZA1","10311YZ000082",2014,11,30,13,11,"金門縣","金寧鄉","",NA,"","","",NA,"","","","","","埔邊三叉路口",NA,NA,NA,NA,NA,NA,NA,NA,NA,0,0,0,"晴","日間自然光線","村里道路",40,"三岔路","交岔路口內","柏油","乾燥","無缺陷","無障礙物","良好","無號誌","無號誌","無分向設施","未繪設車道線","未繪設快慢車道分隔線","有","同向擦撞","違規超車","Y000","YZ00",1,3,2014-11-30,"金門縣金寧鄉埔邊三叉路口","","金門縣金寧鄉埔邊三叉路口","118.317249","24.439896"
10312,"10312Y00020006","YYA1","10312YY000001",2014,12,1,6,20,"金門縣","金湖鎮","",NA,"市港路","","",NA,"62","","","","","",NA,NA,NA,NA,NA,NA,NA,NA,NA,0,1,0,"晴","日間自然光線","村里道路",50,"直路","慢車道","柏油","乾燥","無缺陷","路上有停車","良好","無號誌","無號誌","無標記","未繪設車道線","快慢車道分隔線","有","其他","違規停車或暫停不當而肇事","Y000","YY00",1,2,2014-12-01,"市港路62號","","金門縣金湖鎮","118.4099121","24.4348324"
10312,"10312Y00020001","YYA1","10312YY000002",2014,12,1,18,0,"金門縣","金沙鎮","",NA,"高陽路","","",NA,"","","","","","斗門路口",NA,NA,NA,NA,NA,NA,NA,NA,NA,0,1,0,"雨","夜間（或隧道、地下道、涵洞）有照明","村里道路",60,"四岔路","交岔路口內","柏油","濕潤","無缺陷","無障礙物","良好","無號誌","無號誌","無分向設施","未繪設車道線","未繪設快慢車道分隔線","有","側撞","未依規定讓車","Y000","YY00",1,2,2014-12-01,"高陽路","","金門縣金沙鎮斗門路口","118.4078483","24.4727311"
10312,"10312Y00020002","YYA1","10312YY000003",2014,12,1,20,49,"金門縣","金湖鎮","",NA,"環島南路","三","",NA,"","","","","","柳營路段",NA,NA,NA,NA,NA,NA,NA,NA,NA,0,1,0,"雨","夜間（或隧道、地下道、涵洞）有照明","村里道路",60,"直路","一般車道（未劃分快慢車道）","柏油","濕潤","無缺陷","無障礙物","良好","無號誌","無號誌","無標記","未繪設車道線","未繪設快慢車道分隔線","有","路上翻車、摔倒","酒醉（後）駕駛失控","Y000","YY00",1,2,2014-12-01,"環島南路三段","","金門縣金湖鎮柳營路段","118.3757827","24.4398961"
10312,"","YYA1","10312YY000008",2014,12,2,10,58,"金門縣","金湖鎮","",NA,"太湖路","一","",NA,"","","","","","TP15路段",NA,NA,NA,NA,NA,NA,NA,NA,NA,0,0,0,"晴","日間自然光線","村里道路",50,"直路","一般車道（未劃分快慢車道）","柏油","乾燥","無缺陷","無障礙物","良好","無號誌","無號誌","無標記","未繪設車道線","未繪設快慢車道分隔線","有","撞護欄（樁）","未注意車前狀態","Y000","YY00",1,4,2014-12-02,"太湖路一段","","金門縣金湖鎮TP15路段","118.4047483","24.4473343"
10312,"10312Y00030001","YYA1","10312YY000010",2014,12,4,6,53,"金門縣","金湖鎮","",NA,"黃海路","","",NA,"","","復興路","","","",NA,NA,NA,NA,NA,NA,NA,NA,NA,0,0,0,"雨","晨或暮光","村里道路",40,"多岔路","交岔路口內","柏油","濕潤","無缺陷","無障礙物","良好","閃光號誌","正常","無分向設施","未繪設車道線","未繪設快慢車道分隔線","有","其他","未依規定讓車","Y000","YY00",1,3,2014-12-04,"黃海路","復興路","","118.4143341","24.44234488"
10312,"","YYA1","10312YY000011",2014,12,5,13,12,"金門縣","金湖鎮","",NA,"伯玉路","四","",NA,"","","瓊徑路","","","小徑圓環內",NA,NA,NA,NA,NA,NA,NA,NA,NA,0,0,0,"晴","日間自然光線","村里道路",50,"圓環","一般車道（未劃分快慢車道）","柏油","乾燥","無缺陷","無障礙物","良好","無號誌","無號誌","無分向設施","車道線（無標記）","未繪設快慢車道分隔線","有","其他","未依規定讓車","Y000","YY00",1,4,2014-12-05,"伯玉路四段","瓊徑路","","118.3851529","24.44734108"
10312,"10312Y00020005","YYA1","10312YY000012",2014,12,5,13,53,"金門縣","金湖鎮","料羅里",NA,"金港路","","",NA,"","","","","","1561路燈桿路段",NA,NA,NA,NA,NA,NA,NA,NA,NA,0,2,0,"晴","日間自然光線","村里道路",50,"三岔路","交岔口附近","柏油","乾燥","無缺陷","無障礙物","良好","無號誌","無號誌","無標記","未繪設車道線","未繪設快慢車道分隔線","有","撞路樹、電桿","未注意車前狀態","Y000","YY00",1,2,2014-12-05,"金港路","","金門縣金湖鎮料羅里1561路燈桿路段","118.4341546","24.4172342"
10312,"10312Y00020060","YYA1","10312YY000013",2014,12,5,17,50,"金門縣","金湖鎮","",NA,"環島南路","四","",NA,"","","","","","夏興三角公園路口",NA,NA,NA,NA,NA,NA,NA,NA,NA,0,1,0,"晴","夜間（或隧道、地下道、涵洞）有照明","村里道路",50,"三岔路","交岔路口內","柏油","乾燥","無缺陷","無障礙物","良好","無號誌","無號誌","無標記","車道線（無標記）","未繪設快慢車道分隔線","有","側撞","右轉彎未依規定","Y000","YY00",1,2,2014-12-05,"環島南路四段","","金門縣金湖鎮夏興三角公園路口","118.40101","24.438041"
10312,"10312Y00020004","YYA1","10312YY000015",2014,12,9,10,40,"金門縣","金湖鎮","新市里",NA,"復興路","","",NA,"2","","","","","金門醫院急診室前",NA,NA,NA,NA,NA,NA,NA,NA,NA,0,1,0,"晴","日間自然光線","村里道路",50,"三岔路","交岔路口內","柏油","乾燥","無缺陷","無障礙物","良好","無號誌","無號誌","無分向設施","未繪設車道線","未繪設快慢車道分隔線","有","側撞","右轉彎未依規定","Y000","YY00",1,2,2014-12-09,"復興路2號","","金門縣金湖鎮新市里金門醫院急診室前","118.4161413","24.4412321"
10312,"","YYA1","10312YY000019",2014,12,11,17,0,"金門縣","金湖鎮","",NA,"環島南路","三","",NA,"","","瓊徑路","","","成功路口",NA,NA,NA,NA,NA,NA,NA,NA,NA,0,0,0,NA,NA,NA,0,NA,NA,NA,NA,NA,NA,NA,NA,NA,NA,NA,NA,NA,NA,NA,"Y000","YY00",1,4,2014-12-11,"環島南路三段","瓊徑路","","118.3917905","24.44048713"
10312,"10312Y00020008","YYA1","10312YY000020",2014,12,11,18,6,"金門縣","金湖鎮","山外里",NA,"","","",NA,"","","","","","山外22號旁巷口",NA,NA,NA,NA,NA,NA,NA,NA,NA,0,2,0,"晴","夜間（或隧道、地下道、涵洞）有照明","村里道路",40,"巷弄","一般車道（未劃分快慢車道）","其他鋪裝","乾燥","無缺陷","無障礙物","建築物","無號誌","無號誌","無分向設施","未繪設車道線","未繪設快慢車道分隔線","無","對向擦撞","未靠右行駛","Y000","YY00",1,2,2014-12-11,"金門縣金湖鎮山外里山外22號旁巷口","","金門縣金湖鎮山外里山外22號旁巷口","118.4162306","24.4418802"
10312,"10312Y00020009","YYA1","10312YY000023",2014,12,12,18,47,"金門縣","金湖鎮","",NA,"環島南路","四","",NA,"","","","","","塔后段22號旁路口",NA,NA,NA,NA,NA,NA,NA,NA,NA,0,1,0,"晴","夜間（或隧道、地下道、涵洞）有照明","村里道路",50,"三岔路","交岔路口內","柏油","乾燥","無缺陷","無障礙物","良好","無號誌","無號誌","無分向設施","未繪設車道線","快慢車道分隔線","有","側撞","右轉彎未依規定","Y000","YY00",1,2,2014-12-12,"環島南路四段","","金門縣金湖鎮塔后段22號旁路口","118.40101","24.438041"
10312,"10312Y00020010","YYA1","10312YY000029",2014,12,15,9,48,"金門縣","金湖鎮","",NA,"四維路","","",NA,"","","","","","料羅新村1633號路燈桿",NA,NA,NA,NA,NA,NA,NA,NA,NA,0,1,0,"晴","日間自然光線","村里道路",50,"直路","一般車道（未劃分快慢車道）","柏油","乾燥","無缺陷","無障礙物","良好","無號誌","無號誌","附標記","未繪設車道線","未繪設快慢車道分隔線","有","其他","起步未注意其他車（人）安全","Y000","YY00",1,2,2014-12-15,"四維路","","金門縣金湖鎮料羅新村1633號路燈桿","118.4499743","24.4314346"
10312,"","YYA1","10312YY000032",2014,12,15,12,29,"金門縣","金湖鎮","",NA,"環島南路","四","",NA,"","","市港路","","","",NA,NA,NA,NA,NA,NA,NA,NA,NA,0,0,0,NA,NA,NA,0,NA,NA,NA,NA,NA,NA,NA,NA,NA,NA,NA,NA,NA,NA,NA,"Y000","YY00",1,4,2014-12-15,"環島南路四段","市港路","","118.4098864","24.43594534"
10312,"","YYA1","10312YY000033",2014,12,15,7,35,"金門縣","金沙鎮","官澳里",NA,"","","",NA,"99","","","","","",NA,NA,NA,NA,NA,NA,NA,NA,NA,0,1,0,"晴","日間自然光線","村里道路",40,"三岔路","交岔路口內","水泥","乾燥","無缺陷","無障礙物","良好","無號誌","無號誌","無分向設施","未繪設車道線","未繪設快慢車道分隔線","無","路上翻車、摔倒","未注意車前狀態","Y000","YY00",3,2,2014-12-15,"金門縣金沙鎮官澳里99","","金門縣金沙鎮官澳里","118.4135119","24.5212789"
10312,"10312Y00020025","YYA1","10312YY000034",2014,12,13,2,40,"金門縣","金湖鎮","",NA,"伯玉路","四","",NA,"","","瓊徑路","","","小徑圓環內",NA,NA,NA,NA,NA,NA,NA,NA,NA,0,2,0,"晴","夜間（或隧道、地下道、涵洞）有照明","村里道路",50,"圓環","一般車道（未劃分快慢車道）","柏油","乾燥","無缺陷","無障礙物","良好","無號誌","無號誌","無分向設施","車道線（無標記）","未繪設快慢車道分隔線","有","撞護欄（樁）","未依規定減速","Y000","YY00",1,2,2014-12-13,"伯玉路四段","瓊徑路","","118.3851529","24.44734108"
10312,"10312Y00020011","YYA1","10312YY000035",2014,12,16,6,50,"金門縣","金湖鎮","",NA,"士校路","","",NA,"","","","","","青年農莊路段",NA,NA,NA,NA,NA,NA,NA,NA,NA,0,2,0,"晴","日間自然光線","村里道路",50,"三岔路","交岔路口內","柏油","乾燥","無缺陷","無障礙物","良好","無號誌","無號誌","無分向設施","未繪設車道線","未繪設快慢車道分隔線","有","側撞","未依規定讓車","Y000","YY00",1,2,2014-12-16,"士校路","","金門縣金湖鎮青年農莊路段","118.4271704","24.4453138"
10312,"10312Y00030002","YYA1","10312YY000037",2014,12,16,15,50,"金門縣","金湖鎮","",NA,"瓊義路","","",NA,"","","雙瓊路","","","旁",NA,NA,NA,NA,NA,NA,NA,NA,NA,0,0,0,"晴","日間自然光線","村里道路",50,"三岔路","交岔口附近","柏油","乾燥","無缺陷","無障礙物","良好","無號誌","無號誌","寬式（50公分以上）","未繪設車道線","未繪設快慢車道分隔線","有","側撞","未注意車前狀態","Y000","YY00",1,3,2014-12-16,"瓊義路","雙瓊路","","118.3713142","24.45522347"
10312,"10312Y00020012","YYA1","10312YY000038",2014,12,17,13,5,"金門縣","金湖鎮","",NA,"市港路","","",NA,"","","","","","武德新莊162號旁路口",NA,NA,NA,NA,NA,NA,NA,NA,NA,0,1,0,"晴","日間自然光線","村里道路",50,"四岔路","交岔路口內","柏油","乾燥","無缺陷","無障礙物","良好","無號誌","無號誌","無分向設施","未繪設車道線","未繪設快慢車道分隔線","有","側撞","右轉彎未依規定","Y000","YY00",1,2,2014-12-17,"市港路","","金門縣金湖鎮武德新莊162號旁路口","118.4099121","24.4348324"
10312,"10312Y00020013","YYA1","10312YY000039",2014,12,17,15,14,"金門縣","金沙鎮","西園里",NA,"西園路","","",NA,"","","","","","50306路燈桿路段",NA,NA,NA,NA,NA,NA,NA,NA,NA,0,1,0,"晴","日間自然光線","村里道路",40,"直路","一般車道（未劃分快慢車道）","柏油","乾燥","無缺陷","無障礙物","良好","無號誌","無號誌","無分向設施","未繪設車道線","未繪設快慢車道分隔線","有","路上翻車、摔倒","未注意車前狀態","Y000","YY00",1,2,2014-12-17,"西園路","","金門縣金沙鎮西園里50306路燈桿路段","118.4043962","24.5084626"
10312,"10312Y00020028","YYA1","10312YY000040",2014,12,18,17,57,"金門縣","金湖鎮","",NA,"太湖路","一","",NA,"","","","","","塔后重劃區段1481號路燈桿",NA,NA,NA,NA,NA,NA,NA,NA,NA,0,1,0,"晴","夜間（或隧道、地下道、涵洞）有照明","村里道路",50,"直路","一般車道（未劃分快慢車道）","柏油","乾燥","無缺陷","無障礙物","良好","無號誌","無號誌","無標記","未繪設車道線","未繪設快慢車道分隔線","有","同向通行中","未注意車前狀態","Y000","YY00",1,2,2014-12-18,"太湖路一段","","金門縣金湖鎮塔后重劃區段1481號路燈桿","118.4047483","24.4473343"
10312,"10312Y00020029","YYA1","10312YY000041",2014,12,18,18,47,"金門縣","金湖鎮","",NA,"環島南路","四","",NA,"","","","","","塔后12610號",NA,NA,NA,NA,NA,NA,NA,NA,NA,0,1,0,"晴","夜間（或隧道、地下道、涵洞）有照明","村里道路",50,"直路","一般車道（未劃分快慢車道）","柏油","乾燥","突出（高低）不平","道路工事（程）中","其他","無號誌","無號誌","無分向設施","未繪設車道線","未繪設快慢車道分隔線","無","路上翻車、摔倒","未注意車前狀態","Y000","YY00",1,2,2014-12-18,"環島南路四段","","金門縣金湖鎮塔后12610號","118.40101","24.438041"
10312,"10312Y00020032","YYA1","10312YY000043",2014,12,19,7,16,"金門縣","金湖鎮","",NA,"伯玉路","三","",NA,"","","中山路","","","前路段",NA,NA,NA,NA,NA,NA,NA,NA,NA,0,1,0,"雨","日間自然光線","村里道路",70,"直路","一般車道（未劃分快慢車道）","柏油","濕潤","無缺陷","無障礙物","良好","無號誌","無號誌","無標記","車道線（無標記）","未繪設快慢車道分隔線","有","路上翻車、摔倒","未注意車前狀態","Y000","YY00",1,2,2014-12-19,"伯玉路三段","中山路","","118.3650088","24.44601623"
10312,"10312Y00020014","YYA1","10312YY000049",2014,12,20,8,30,"金門縣","金湖鎮","",NA,"環島南路","四","",NA,"后園2","","","","","",NA,NA,NA,NA,NA,NA,NA,NA,NA,0,2,0,"晴","日間自然光線","村里道路",60,"直路","一般車道（未劃分快慢車道）","柏油","乾燥","無缺陷","其他障礙物","良好","無號誌","無號誌","無標記","未繪設車道線","快慢車道分隔線","有","路上翻車、摔倒","未注意車前狀態","Y000","YY00",1,2,2014-12-20,"金門縣金湖鎮后園2號","","金門縣金湖鎮","118.402155","24.438436"
10312,"","YYA1","10312YY000051",2014,12,21,17,45,"金門縣","金湖鎮","",NA,"瓊徑路","","",NA,"","","經武路","","","",NA,NA,NA,NA,NA,NA,NA,NA,NA,0,0,0,NA,NA,NA,0,NA,NA,NA,NA,NA,NA,NA,NA,NA,NA,NA,NA,NA,NA,NA,"Y000","YY00",1,4,2014-12-21,"瓊徑路","經武路","","118.3880485","24.44342822"
10312,"10312Y00030003","YYA1","10312YY000052",2014,12,22,4,31,"金門縣","金湖鎮","",NA,"環島南路","","",NA,"","","市港路","","","湖前76號前",NA,NA,NA,NA,NA,NA,NA,NA,NA,0,0,0,"陰","夜間（或隧道、地下道、涵洞）有照明","村里道路",50,"四岔路","人行道","其他鋪裝","乾燥","無缺陷","無障礙物","良好","閃光號誌","正常","無分向設施","未繪設車道線","未繪設快慢車道分隔線","有","其他","酒醉（後）駕駛失控","Y000","YY00",1,3,2014-12-22,"環島南路","市港路","","118.4098864","24.43594534"
10312,"10312Y00020015","YYA1","10312YY000053",2014,12,22,15,10,"金門縣","金湖鎮","",NA,"環島北路","三","",NA,"","","瓊徑路","","","",NA,NA,NA,NA,NA,NA,NA,NA,NA,0,1,0,"晴","日間自然光線","村里道路",60,"三岔路","交岔路口內","柏油","乾燥","無缺陷","無障礙物","良好","閃光號誌","正常","無分向設施","未繪設車道線","未繪設快慢車道分隔線","有","路上翻車、摔倒","酒醉（後）駕駛失控","Y000","YY00",1,2,2014-12-22,"環島北路三段","瓊徑路","","118.3759138","24.45751572"
10312,"10312Y00020031","YYA1","10312YY000055",2014,12,23,7,45,"金門縣","金湖鎮","",NA,"環島東路","五","",NA,"","","太湖路","三","","西村路口",NA,NA,NA,NA,NA,NA,NA,NA,NA,0,1,0,"晴","日間自然光線","村里道路",60,"四岔路","交岔路口內","柏油","乾燥","無缺陷","無障礙物","良好","無號誌","無號誌","無分向設施","未繪設車道線","未繪設快慢車道分隔線","有","側撞","未依規定讓車","Y000","YY00",1,2,2014-12-23,"環島東路五段","太湖路三段","","118.4420085","24.43024947"
10312,"","YYA1","10312YY000057",2014,12,24,13,47,"金門縣","金湖鎮","",NA,"環島東路","五","",NA,"","","太湖路","三","","西村路口",NA,NA,NA,NA,NA,NA,NA,NA,NA,0,0,0,"晴","日間自然光線","村里道路",60,"四岔路","交岔路口內","柏油","乾燥","無缺陷","無障礙物","良好","無號誌","無號誌","無分向設施","未繪設車道線","未繪設快慢車道分隔線","有","路口交岔撞","未依規定讓車","Y000","YY00",1,4,2014-12-24,"環島東路五段","太湖路三段","","118.4420085","24.43024947"
10312,"10312Y00020043","YYA1","10312YY000064",2014,12,28,11,9,"金門縣","金沙鎮","",NA,"陽沙路","","",NA,"","","","","","獅山砲陣地路口",NA,NA,NA,NA,NA,NA,NA,NA,NA,0,1,0,"晴","日間自然光線","村里道路",50,"三岔路","交岔路口內","柏油","乾燥","無缺陷","無障礙物","良好","無號誌","無號誌","無分向設施","未繪設車道線","未繪設快慢車道分隔線","有","側撞","未依規定讓車","Y000","YY00",1,2,2014-12-28,"陽沙路","","金門縣金沙鎮獅山砲陣地路口","118.432385","24.4814738"
10312,"","YYA1","10312YY000066",2014,12,28,19,30,"金門縣","金沙鎮","",NA,"環島東路","二","",NA,"","","","","","屏東路段0309號路燈桿",NA,NA,NA,NA,NA,NA,NA,NA,NA,0,0,0,NA,NA,NA,0,NA,NA,NA,NA,NA,NA,NA,NA,NA,NA,NA,NA,NA,NA,NA,"Y000","YY00",1,4,2014-12-28,"環島東路二段","","金門縣金沙鎮屏東路段0309號路燈桿","118.4328094","24.4713308"