"年月","總編號","處理單位","處理編號","年","月","日","時","分","縣市","區","村里","鄰","街道","段","巷","弄","號","公尺處","街道.1","段.1","側","附近","道路","公里","公尺處.1","向","車道","平交道","公里.1","公尺處.2","附近.1","死","受傷","X2.30","天候","光線","道路類別","速限","道路型態","事故位置","路面鋪裝","路面狀態","路面缺陷","障礙物","視距","號誌種類","號誌動作","分向設施","快車道或一般車道間","快慢車道間","路面邊線","事故類型及型態","主要肇因","警局","分局","案件類別","事故類別","日期","道路1","道路2","概略位置","lon","lat"
10312,"","YYA1","10312YY000069",2014,12,29,11,50,"金門縣","金湖鎮","",NA,"伯玉路","五","",NA,"","","","","","魯王墓路段",NA,NA,NA,NA,NA,NA,NA,NA,NA,0,0,0,NA,NA,NA,0,NA,NA,NA,NA,NA,NA,NA,NA,NA,NA,NA,NA,NA,NA,NA,"Y000","YY00",1,4,2014-12-29,"伯玉路五段","","金門縣金湖鎮魯王墓路段","118.3897645","24.4505133"
10312,"10312Y00020051","YYA1","10312YY000076",2014,12,30,13,40,"金門縣","金湖鎮","",NA,"瓊徑路","","",NA,"","","經武路","","","",NA,NA,NA,NA,NA,NA,NA,NA,NA,0,1,0,"晴","日間自然光線","村里道路",50,"四岔路","交岔路口內","柏油","乾燥","無缺陷","無障礙物","良好","行車管制號誌","正常","無分向設施","未繪設車道線","未繪設快慢車道分隔線","有","路口交岔撞","違反號誌管制或指揮","Y000","YY00",1,2,2014-12-30,"瓊徑路","經武路","","118.3880485","24.44342822"
10312,"10312Y00020062","YYA1","10312YY000077",2014,12,31,14,12,"金門縣","金湖鎮","",NA,"士校路","","",NA,"","","","","","新頭2137號路燈桿前",NA,NA,NA,NA,NA,NA,NA,NA,NA,0,1,0,"晴","日間自然光線","村里道路",50,"三岔路","交岔路口內","柏油","乾燥","無缺陷","其他障礙物","彎道","無號誌","無號誌","無分向設施","未繪設車道線","未繪設快慢車道分隔線","有","側撞","未依規定讓車","Y000","YY00",1,2,2014-12-31,"士校路","","金門縣金湖鎮新頭2137號路燈桿前","118.4271704","24.4453138"
10312,"10312Y00020007","YZA1","10312YZ000004",2014,12,2,17,40,"金門縣","金寧鄉","",NA,"環島北路","一","",NA,"","","","","","地政局路段",NA,NA,NA,NA,NA,NA,NA,NA,NA,0,2,0,"晴","夜間（或隧道、地下道、涵洞）有照明","鄉道",50,"三岔路","交岔路口內","柏油","乾燥","無缺陷","無障礙物","良好","無號誌","無號誌","無分向設施","未繪設車道線","未繪設快慢車道分隔線","無","側撞","未依規定讓車","Y000","YZ00",1,2,2014-12-02,"環島北路一段","","金門縣金寧鄉地政局路段","118.3283226","24.4462231"
10312,"10312Y00020016","YZA1","10312YZ000005",2014,12,1,8,9,"金門縣","金城鎮","",NA,"民權路","","",NA,"173","","","","","中華電信前路段",NA,NA,NA,NA,NA,NA,NA,NA,NA,0,1,0,"晴","日間自然光線","縣道",40,"三岔路","交岔口附近","柏油","乾燥","無缺陷","無障礙物","良好","無號誌","無號誌","附標記","禁止雙換車道線（附標記）","未繪設快慢車道分隔線","有","側撞","右轉彎未依規定","Y000","YZ00",NA,NA,2014-12-01,"民權路173號","","金門縣金城鎮中華電信前路段","118.3192898","24.4381016"
10312,"10312Y00020024","YZA1","10312YZ000006",2014,12,2,18,48,"金門縣","金寧鄉","榜林村",NA,"伯玉路","二","",NA,"","","","","","榜林圓環",NA,NA,NA,NA,NA,NA,NA,NA,NA,0,2,0,"晴","夜間（或隧道、地下道、涵洞）有照明","縣道",70,"圓環","一般車道（未劃分快慢車道）","柏油","乾燥","無缺陷","無障礙物","良好","無號誌","無號誌","無分向設施","車道線（無標記）","未繪設快慢車道分隔線","有","其他","未依規定讓車","Y000","YZ00",1,2,2014-12-02,"伯玉路二段","","金門縣金寧鄉榜林村榜林圓環","118.3416148","24.4414563"
10312,"10312Y00020003","YZA1","10312YZ000007",2014,12,3,10,23,"金門縣","金城鎮","",NA,"民生路","","",NA,"","","","","","大同之家旁路口",NA,NA,NA,NA,NA,NA,NA,NA,NA,0,1,0,"晴","日間自然光線","村里道路",40,"四岔路","交岔路口內","柏油","乾燥","無缺陷","無障礙物","良好","無號誌","無號誌","無分向設施","未繪設車道線","未繪設快慢車道分隔線","有","側撞","未依規定讓車","Y000","YZ00",1,2,2014-12-03,"民生路","","金門縣金城鎮大同之家旁路口","118.3190184","24.43575"
10312,"10312Y00020017","YZA1","10312YZ000014",2014,12,6,10,25,"金門縣","金城鎮","",NA,"西海路","二","",NA,"","","","","","賢聚超商旁路段",NA,NA,NA,NA,NA,NA,NA,NA,NA,0,2,0,"晴","日間自然光線","村里道路",40,"三岔路","交岔路口內","柏油","乾燥","無缺陷","無障礙物","良好","無號誌","無號誌","無分向設施","未繪設車道線","未繪設快慢車道分隔線","有","其他","起步未注意其他車（人）安全","Y000","YZ00",1,2,2014-12-06,"西海路二段","","金門縣金城鎮賢聚超商旁路段","118.3041626","24.4144371"
10312,"10312Y00020018","YZA1","10312YZ000016",2014,12,9,11,23,"金門縣","金城鎮","",NA,"西海路","三","",NA,"","","","","","石雕公園路口",NA,NA,NA,NA,NA,NA,NA,NA,NA,0,2,0,"晴","日間自然光線","縣道",50,"三岔路","交岔路口內","柏油","乾燥","無缺陷","無障礙物","良好","閃光號誌","正常","無分向設施","未繪設車道線","未繪設快慢車道分隔線","有","追撞","未注意車前狀態","Y000","YZ00",1,2,2014-12-09,"西海路三段","","金門縣金城鎮石雕公園路口","118.3124964","24.4226194"
10312,"10312Y00020020","YZA1","10312YZ000017",2014,12,10,18,45,"金門縣","金城鎮","",NA,"伯玉路","一","",NA,"","","","","","白玉樓餐廳前路段",NA,NA,NA,NA,NA,NA,NA,NA,NA,0,1,0,"陰","夜間（或隧道、地下道、涵洞）有照明","村里道路",70,"直路","快車道","柏油","乾燥","無缺陷","無障礙物","良好","無號誌","無號誌","附標記","未繪設車道線","快慢車道分隔線","有","側撞","迴轉未依規定","Y000","YZ00",1,2,2014-12-10,"伯玉路一段","","金門縣金城鎮白玉樓餐廳前路段","118.3267756","24.4346914"
10312,"10312Y00020019","YZA1","10312YZ000018",2014,12,10,11,30,"金門縣","金城鎮","",NA,"民族路","","",NA,"253","","","","","",NA,NA,NA,NA,NA,NA,NA,NA,NA,0,1,0,"晴","日間自然光線","專用道路",40,"三岔路","交岔路口內","柏油","乾燥","無缺陷","路上有停車","良好","無號誌","無號誌","無分向設施","未繪設車道線","未繪設快慢車道分隔線","有","側撞","未注意車前狀態","Y000","YZ00",1,2,2014-12-10,"民族路253號","","金門縣金城鎮","118.3157499","24.4302723"
10312,"10312Y00020021","YZA1","10312YZ000021",2014,12,11,18,29,"金門縣","金寧鄉","",NA,"環島北路","一","",NA,"81-2","","","","","",NA,NA,NA,NA,NA,NA,NA,NA,NA,0,1,0,"晴","夜間（或隧道、地下道、涵洞）有照明","村里道路",40,"三岔路","交岔口附近","柏油","乾燥","無缺陷","無障礙物","良好","無號誌","無號誌","無標記","未繪設車道線","未繪設快慢車道分隔線","有","同向擦撞","未保持行車安全距離","Y000","YZ00",1,2,2014-12-11,"環島北路一段81-2號","","金門縣金寧鄉","118.3283226","24.4462231"
10312,"10312Y00020033","YZA1","10312YZ000022",2014,12,11,20,6,"金門縣","金城鎮","西門里",NA,"民權路","","",NA,"150","","","","","",NA,NA,NA,NA,NA,NA,NA,NA,NA,0,2,0,"晴","夜間（或隧道、地下道、涵洞）有照明","縣道",40,"直路","一般車道（未劃分快慢車道）","柏油","乾燥","無缺陷","其他障礙物","良好","無號誌","無號誌","附標記","未繪設車道線","快慢車道分隔線","有","側撞","左轉彎未依規定","Y000","YZ00",1,2,2014-12-11,"民權路150號","","金門縣金城鎮西門里","118.3173152","24.4360218"
10312,"10312Y00020026","YZA1","10312YZ000024",2014,12,13,8,43,"金門縣","金城鎮","",NA,"民族路","","",NA,"","","","","","天后宮前路段",NA,NA,NA,NA,NA,NA,NA,NA,NA,0,1,0,"晴","日間自然光線","村里道路",40,"三岔路","交岔路口內","柏油","乾燥","無缺陷","無障礙物","良好","無號誌","無號誌","無分向設施","未繪設車道線","未繪設快慢車道分隔線","有","其他","未依規定讓車","Y000","YZ00",1,2,2014-12-13,"民族路","","金門縣金城鎮天后宮前路段","118.3157499","24.4302723"
10312,"10312Y00020035","YZA1","10312YZ000025",2014,12,13,11,55,"金門縣","金城鎮","",NA,"民權路","","",NA,"","","","","","中正國小側門",NA,NA,NA,NA,NA,NA,NA,NA,NA,0,1,0,"晴","日間自然光線","村里道路",40,"直路","一般車道（未劃分快慢車道）","柏油","乾燥","無缺陷","無障礙物","良好","無號誌","無號誌","無標記","未繪設車道線","未繪設快慢車道分隔線","有","其他","穿越道路未注意左右來車","Y000","YZ00",1,2,2014-12-13,"民權路","","金門縣金城鎮中正國小側門","118.3168946","24.4355379"
10312,"10312Y00030004","YZA1","10312YZ000026",2014,12,14,0,55,"金門縣","金寧鄉","",NA,"伯玉路","一","",NA,"","","","","","0945號燈桿旁",NA,NA,NA,NA,NA,NA,NA,NA,NA,0,0,0,"晴","夜間（或隧道、地下道、涵洞）有照明","鄉道",60,"直路","一般車道（未劃分快慢車道）","柏油","乾燥","無缺陷","無障礙物","良好","無號誌","無號誌","無標記","未繪設車道線","未繪設快慢車道分隔線","無","衝出路外","未注意車前狀態","Y000","YZ00",1,3,2014-12-14,"伯玉路一段","","金門縣金寧鄉0945號燈桿旁","118.3267756","24.4346914"
10312,"10312Y00030005","YZA1","10312YZ000027",2014,12,14,1,25,"金門縣","金城鎮","",NA,"民生路","","7",NA,"","","","","","麟閣大樓前",NA,NA,NA,NA,NA,NA,NA,NA,NA,0,0,0,"晴","晨或暮光","鄉道",50,"三岔路","交岔路口內","柏油","乾燥","無缺陷","無障礙物","其他","無號誌","無號誌","無分向設施","未繪設車道線","未繪設快慢車道分隔線","無","其他","未注意車前狀態","Y000","YZ00",1,3,2014-12-14,"民生路7巷","","金門縣金城鎮麟閣大樓前","118.3190184","24.43575"
10312,"10312Y00020034","YZA1","10312YZ000028",2014,12,12,21,18,"金門縣","金城鎮","東門里",NA,"北堤路","","",NA,"18","","","","","",NA,NA,NA,NA,NA,NA,NA,NA,NA,0,2,0,"晴","夜間（或隧道、地下道、涵洞）有照明","鄉道",40,"三岔路","交岔口附近","柏油","乾燥","無缺陷","無障礙物","路上停放車輛","無號誌","無號誌","無標記","未繪設車道線","快慢車道分隔線","有","穿越道路中","穿越道路未注意左右來車","Y000","YZ00",1,2,2014-12-12,"北堤路18號","","金門縣金城鎮東門里","118.3167419","24.4294062"
10312,"10312Y00020027","YZA1","10312YZ000030",2014,12,15,9,55,"金門縣","金寧鄉","",NA,"","","",NA,"","","","","","埔後191號前",NA,NA,NA,NA,NA,NA,NA,NA,NA,0,1,0,"晴","日間自然光線","鄉道",40,"四岔路","交岔路口內","柏油","乾燥","無缺陷","無障礙物","良好","無號誌","無號誌","無分向設施","未繪設車道線","未繪設快慢車道分隔線","無","路口交岔撞","未依規定讓車","Y000","YZ00",1,2,2014-12-15,"金門縣金寧鄉埔後191號前","","金門縣金寧鄉埔後191號前","118.317029","24.442928"
10312,"10312Y00020022","YZA1","10312YZ000031",2014,12,15,12,20,"金門縣","金城鎮","",NA,"伯玉路","一","",NA,"","","桃園路","","","",NA,NA,NA,NA,NA,NA,NA,NA,NA,0,1,0,"晴","日間自然光線","縣道",60,"四岔路","交岔路口內","柏油","乾燥","無缺陷","無障礙物","良好","無號誌","無號誌","無分向設施","未繪設車道線","未繪設快慢車道分隔線","有","側撞","未注意車前狀態","Y000","YZ00",1,2,2014-12-15,"伯玉路一段","桃園路","","118.3245732","24.4324356"
10312,"10312Y00020036","YZA1","10312YZ000036",2014,12,14,13,45,"金門縣","金城鎮","",NA,"民生路","","",NA,"","","","","","陳滄江議員服務處旁路口",NA,NA,NA,NA,NA,NA,NA,NA,NA,0,1,0,"晴","日間自然光線","村里道路",40,"四岔路","交岔路口內","柏油","乾燥","無缺陷","無障礙物","良好","無號誌","無號誌","無分向設施","未繪設車道線","未繪設快慢車道分隔線","有","路口交岔撞","未依規定讓車","Y000","YZ00",1,2,2014-12-14,"民生路","","金門縣金城鎮陳滄江議員服務處旁路口","118.3190184","24.43575"
10312,"10312Y00030006","YZA1","10312YZ000042",2014,12,18,19,14,"金門縣","金寧鄉","",NA,"","","",NA,"","","","","","埔後127號旁",NA,NA,NA,NA,NA,NA,NA,NA,NA,0,0,0,"晴","晨或暮光","鄉道",40,"直路","一般車道（未劃分快慢車道）","柏油","乾燥","無缺陷","道路工事（程）中","良好","無號誌","無號誌","無分向設施","未繪設車道線","未繪設快慢車道分隔線","無","其他","未注意車前狀態","Y000","YZ00",1,3,2014-12-18,"金門縣金寧鄉埔後127號旁","","金門縣金寧鄉埔後127號旁","118.317029","24.442928"
10312,"10312Y00020023","YZA1","10312YZ000044",2014,12,19,7,25,"金門縣","金城鎮","",NA,"民族路","","",NA,"","","","","","代天府前",NA,NA,NA,NA,NA,NA,NA,NA,NA,0,1,0,"雨","日間自然光線","村里道路",40,"直路","一般車道（未劃分快慢車道）","柏油","濕潤","無缺陷","無障礙物","良好","無號誌","無號誌","無標記","未繪設車道線","未繪設快慢車道分隔線","無","同向通行中","未注意車前狀態","Y000","YZ00",1,2,2014-12-19,"民族路","","金門縣金城鎮代天府前","118.3157499","24.4302723"
10312,"10312Y00020030","YZA1","10312YZ000045",2014,12,19,13,55,"金門縣","金城鎮","",NA,"民族路","","",NA,"18","","","","","",NA,NA,NA,NA,NA,NA,NA,NA,NA,0,1,0,"雨","日間自然光線","村里道路",40,"直路","一般車道（未劃分快慢車道）","柏油","濕潤","無缺陷","無障礙物","良好","無號誌","無號誌","無分向設施","車道線（無標記）","未繪設快慢車道分隔線","有","路上翻車、摔倒","酒醉（後）駕駛失控","Y000","YZ00",1,2,2014-12-19,"民族路18號","","金門縣金城鎮","118.3157499","24.4302723"
10312,"10312Y00020038","YZA1","10312YZ000046",2014,12,19,14,10,"金門縣","金城鎮","",NA,"西海路","一","",NA,"","","","","","水頭T字路口",NA,NA,NA,NA,NA,NA,NA,NA,NA,0,1,0,"晴","日間自然光線","鄉道",50,"三岔路","交岔路口內","柏油","濕潤","無缺陷","無障礙物","良好","無號誌","無號誌","無分向設施","未繪設車道線","未繪設快慢車道分隔線","無","其他","未依規定減速","Y000","YZ00",1,2,2014-12-19,"西海路一段","","金門縣金城鎮水頭T字路口","118.2906709","24.4124946"
10312,"10312Y00020037","YZA1","10312YZ000047",2014,12,19,11,11,"金門縣","金城鎮","",NA,"環島西路","一","",NA,"","","北堤路","","","",NA,NA,NA,NA,NA,NA,NA,NA,NA,0,1,0,"雨","日間自然光線","村里道路",40,"四岔路","交岔路口內","柏油","濕潤","無缺陷","無障礙物","其他","行車管制號誌","正常","無分向設施","未繪設車道線","未繪設快慢車道分隔線","有","側撞","未依規定讓車","Y000","YZ00",1,2,2014-12-19,"環島西路一段","北堤路","","118.3213944","24.42983234"
10312,"10312Y00020052","YZA1","10312YZ000048",2014,12,19,17,45,"金門縣","金城鎮","",NA,"伯玉路","一","",NA,"","","","","","東門圓環口",NA,NA,NA,NA,NA,NA,NA,NA,NA,0,1,0,"雨","夜間（或隧道、地下道、涵洞）有照明","村里道路",60,"廣場","一般車道（未劃分快慢車道）","柏油","濕潤","無缺陷","無障礙物","良好","無號誌","無號誌","無分向設施","車道線（無標記）","未繪設快慢車道分隔線","有","路上翻車、摔倒","酒醉（後）駕駛失控","Y000","YZ00",1,2,2014-12-19,"伯玉路一段","","金門縣金城鎮東門圓環口","118.3267756","24.4346914"
10312,"10312Y00020040","YZA1","10312YZ000050",2014,12,20,20,0,"金門縣","金城鎮","",NA,"民生路","","",NA,"","","","","","53號前",NA,NA,NA,NA,NA,NA,NA,NA,NA,0,2,0,"陰","夜間（或隧道、地下道、涵洞）有照明","村里道路",40,"直路","一般車道（未劃分快慢車道）","柏油","乾燥","無缺陷","無障礙物","良好","無號誌","無號誌","無標記","未繪設車道線","未繪設快慢車道分隔線","有","側撞","未依規定讓車","Y000","YZ00",1,2,2014-12-20,"民生路","","金門縣金城鎮53號前","118.3190184","24.43575"
10312,"10312Y00020041","YZA1","10312YZ000054",2014,12,22,17,35,"金門縣","金城鎮","",NA,"珠浦西路","","",NA,"","","","","","宏德宮旁路口",NA,NA,NA,NA,NA,NA,NA,NA,NA,0,1,0,"晴","夜間（或隧道、地下道、涵洞）有照明","村里道路",40,"多岔路","交岔路口內","柏油","乾燥","無缺陷","無障礙物","良好","無號誌","無號誌","無分向設施","未繪設車道線","未繪設快慢車道分隔線","有","路上翻車、摔倒","未注意車前狀態","Y000","YZ00",1,2,2014-12-22,"珠浦西路","","金門縣金城鎮宏德宮旁路口","118.3147803","24.4384226"
10312,"10312Y00020053","YZA1","10312YZ000056",2014,12,24,13,46,"金門縣","金寧鄉","",NA,"伯玉路","二","",NA,"","","","","","王大夫一條根文化館前路段",NA,NA,NA,NA,NA,NA,NA,NA,NA,0,1,0,"晴","日間自然光線","村里道路",70,"直路","慢車道","柏油","乾燥","無缺陷","無障礙物","良好","無號誌","無號誌","無標記","未繪設車道線","快慢車道分隔線","有","追撞","未注意車前狀態","Y000","YZ00",1,2,2014-12-24,"伯玉路二段","","金門縣金寧鄉王大夫一條根文化館前路段","118.3416148","24.4414563"
10312,"10312Y00020058","YZA1","10312YZ000058",2014,12,24,7,4,"金門縣","金城鎮","西門里",NA,"珠浦西路","","",NA,"","","","","","宏德宮旁路口",NA,NA,NA,NA,NA,NA,NA,NA,NA,0,1,0,"晴","日間自然光線","村里道路",40,"多岔路","交岔路口內","柏油","乾燥","無缺陷","無障礙物","良好","無號誌","無號誌","無分向設施","未繪設車道線","未繪設快慢車道分隔線","無","路口交岔撞","未依規定讓車","Y000","YZ00",1,2,2014-12-24,"珠浦西路","","金門縣金城鎮西門里宏德宮旁路口","118.3147803","24.4384226"
10312,"","YZA1","10312YZ000059",2014,12,24,18,30,"金門縣","金城鎮","",NA,"民生路","","",NA,"2","","","","","車站圓環",NA,NA,NA,NA,NA,NA,NA,NA,NA,0,0,0,"晴",NA,NA,40,NA,NA,NA,NA,NA,NA,NA,NA,NA,NA,NA,NA,NA,NA,NA,"Y000","YZ00",1,4,2014-12-24,"民生路2號","","金門縣金城鎮車站圓環","118.3190184","24.43575"
10312,"10312Y00020042","YZA1","10312YZ000060",2014,12,25,9,50,"金門縣","金城鎮","",NA,"民權路","","",NA,"156","","","","","",NA,NA,NA,NA,NA,NA,NA,NA,NA,0,1,0,"陰","日間自然光線","鄉道",40,"四岔路","交岔口附近","柏油","乾燥","無缺陷","無障礙物","良好","無號誌","無號誌","無標記","未繪設車道線","快慢車道分隔線","有","側撞","迴轉未依規定","Y000","YZ00",1,2,2014-12-25,"民權路156號","","金門縣金城鎮","118.3177629","24.4364948"
10312,"10312Y00020039","YZA1","10312YZ000061",2014,12,20,18,25,"金門縣","金城鎮","",NA,"金山路","","",NA,"21","","","","","",NA,NA,NA,NA,NA,NA,NA,NA,NA,0,1,0,"晴","夜間（或隧道、地下道、涵洞）有照明","鄉道",40,"直路","一般車道（未劃分快慢車道）","柏油","乾燥","無缺陷","無障礙物","良好","無號誌","無號誌","附標記","未繪設車道線","未繪設快慢車道分隔線","有","同向通行中","未注意車前狀態","Y000","YZ00",1,2,2014-12-20,"金山路21號","","金門縣金城鎮","118.3277754","24.4167689"
10312,"10312Y00020054","YZA1","10312YZ000062",2014,12,25,20,50,"金門縣","金寧鄉","",NA,"","","",NA,"下埔下90-3","","","","","",NA,NA,NA,NA,NA,NA,NA,NA,NA,0,3,0,"晴","夜間（或隧道、地下道、涵洞）有照明","村里道路",40,"四岔路","交岔路口內","水泥","乾燥","無缺陷","無障礙物","良好","無號誌","無號誌","無分向設施","未繪設車道線","未繪設快慢車道分隔線","無","側撞","未依規定讓車","Y000","YZ00",1,2,2014-12-25,"金門縣金寧鄉下埔下90-3號","","金門縣金寧鄉","118.3126857","24.4442026"
10312,"10312Y00020061","YZA1","10312YZ000063",2014,12,25,17,45,"金門縣","金城鎮","",NA,"環島西路","二","3",NA,"","","","","","口",NA,NA,NA,NA,NA,NA,NA,NA,NA,0,2,0,"雨","夜間（或隧道、地下道、涵洞）有照明","鄉道",40,"四岔路","交岔路口內","柏油","濕潤","無缺陷","無障礙物","良好","無號誌","無號誌","無分向設施","未繪設車道線","未繪設快慢車道分隔線","有","側撞","未依規定讓車","Y000","YZ00",1,2,2014-12-25,"環島西路二段3巷","","金門縣金城鎮口","118.3148723","24.4566699"
10312,"10312Y00020055","YZA1","10312YZ000065",2014,12,28,18,44,"金門縣","金城鎮","",NA,"環島北路","一","",NA,"","","環島西路","二","","救國團旁",NA,NA,NA,NA,NA,NA,NA,NA,NA,0,1,0,"晴","夜間（或隧道、地下道、涵洞）有照明","鄉道",50,"三岔路","交岔路口內","柏油","乾燥","無缺陷","無障礙物","良好","無號誌","無號誌","無分向設施","未繪設車道線","未繪設快慢車道分隔線","無","側撞","未依規定讓車","Y000","YZ00",1,2,2014-12-28,"環島北路一段","環島西路二段","","118.321074","24.439927"
10312,"10312Y00020044","YZA1","10312YZ000067",2014,12,28,11,30,"金門縣","金城鎮","",NA,"中興路","","205",NA,"","","","","","寶貝園地托兒所",NA,NA,NA,NA,NA,NA,NA,NA,NA,0,1,0,"陰","日間自然光線","其他",40,"三岔路","交岔路口內","柏油","乾燥","無缺陷","無障礙物","良好","無號誌","無號誌","無分向設施","未繪設車道線","未繪設快慢車道分隔線","無","倒車撞","倒車未依規定","Y000","YZ00",1,2,2014-12-28,"中興路205巷","","金門縣金城鎮寶貝園地托兒所","118.3208731","24.4352122"
10312,"10312Y00020045","YZA1","10312YZ000068",2014,12,29,5,5,"金門縣","金城鎮","",NA,"民生路","","",NA,"","","","","","中興路路口",NA,NA,NA,NA,NA,NA,NA,NA,NA,0,2,0,"晴","夜間（或隧道、地下道、涵洞）有照明","村里道路",40,"四岔路","交岔路口內","柏油","乾燥","無缺陷","無障礙物","良好","閃光號誌","正常","無分向設施","未繪設車道線","未繪設快慢車道分隔線","有","撞號誌、標誌桿","酒醉（後）駕駛失控","Y000","YZ00",1,2,2014-12-29,"民生路","","金門縣金城鎮中興路路口","118.3190184","24.43575"
10312,"","YZA1","10312YZ000070",2014,12,29,19,19,"金門縣","金城鎮","",NA,"民生路","","",NA,"","","中興路","","","",NA,NA,NA,NA,NA,NA,NA,NA,NA,0,1,0,"晴","夜間（或隧道、地下道、涵洞）有照明","鄉道",50,"四岔路","交岔路口內","柏油","乾燥","無缺陷","無障礙物","良好","行車管制號誌（附設行人專用號誌）","正常","無分向設施","未繪設車道線","未繪設快慢車道分隔線","無","側撞","左轉彎未依規定","Y000","YZ00",3,2,2014-12-29,"民生路","中興路","","118.319696","24.43433386"
10312,"10312Y00020046","YZA1","10312YZ000071",2014,12,29,22,10,"金門縣","金城鎮","",NA,"民權路","","",NA,"","","","","","元大銀行前路段",NA,NA,NA,NA,NA,NA,NA,NA,NA,0,1,0,"陰","夜間（或隧道、地下道、涵洞）有照明","村里道路",40,"直路","一般車道（未劃分快慢車道）","柏油","乾燥","無缺陷","無障礙物","良好","無號誌","無號誌","無標記","未繪設車道線","未繪設快慢車道分隔線","無","側撞","未保持行車安全距離","Y000","YZ00",1,2,2014-12-29,"民權路","","金門縣金城鎮元大銀行前路段","118.3168946","24.4355379"
10312,"10312Y00020056","YZA1","10312YZ000072",2014,12,30,8,0,"金門縣","金寧鄉","榜林村",NA,"","","",NA,"","","","","","和成衛浴公司前",NA,NA,NA,NA,NA,NA,NA,NA,NA,0,1,0,"晴","日間自然光線","村里道路",40,"彎曲路及附近","一般車道（未劃分快慢車道）","柏油","乾燥","無缺陷","無障礙物","良好","無號誌","無號誌","無分向設施","未繪設車道線","未繪設快慢車道分隔線","有","對撞","未靠右行駛","Y000","YZ00",1,2,2014-12-30,"金門縣金寧鄉榜林村和成衛浴公司前","","金門縣金寧鄉榜林村和成衛浴公司前","118.329691","24.436387"
10312,"10312Y00020057","YZA1","10312YZ000073",2014,12,30,8,22,"金門縣","金城鎮","",NA,"光前路","","",NA,"147","","","","","路口",NA,NA,NA,NA,NA,NA,NA,NA,NA,0,1,0,"晴","日間自然光線","村里道路",50,"三岔路","交岔路口內","柏油","乾燥","無缺陷","無障礙物","良好","無號誌","無號誌","無標記","禁止雙換車道線（無標記）","未繪設快慢車道分隔線","有","側撞","未依規定讓車","Y000","YZ00",1,2,2014-12-30,"光前路147號","","金門縣金城鎮路口","118.3142468","24.4339885"
10312,"10312Y00020059","YZA1","10312YZ000074",2014,12,30,15,44,"金門縣","金城鎮","",NA,"民生路","","45",NA,"","","","","","LANEW旁",NA,NA,NA,NA,NA,NA,NA,NA,NA,0,1,0,"晴","日間自然光線","鄉道",50,"三岔路","交岔口附近","柏油","乾燥","無缺陷","無障礙物","良好","無號誌","無號誌","無標記","未繪設車道線","未繪設快慢車道分隔線","無","追撞","未注意車前狀態","Y000","YZ00",1,2,2014-12-30,"民生路45巷","","金門縣金城鎮LANEW旁","118.3190184","24.43575"
10312,"10312Y00020049","YZA1","10312YZ000078",2014,12,31,18,8,"金門縣","金寧鄉","",NA,"大學路","","",NA,"","","","","","莫瑪傢俱前路口",NA,NA,NA,NA,NA,NA,NA,NA,NA,0,1,0,"陰","夜間（或隧道、地下道、涵洞）有照明","村里道路",40,"四岔路","交岔路口內","柏油","乾燥","無缺陷","無障礙物","良好","無號誌","無號誌","無分向設施","未繪設車道線","未繪設快慢車道分隔線","無","側撞","違規超車","Y000","YZ00",1,2,2014-12-31,"大學路","","金門縣金寧鄉莫瑪傢俱前路口","118.325279","24.4466751"
10312,"10312Y00020048","YZA1","10312YZ000079",2014,12,31,17,40,"金門縣","金寧鄉","",NA,"伯玉路","一","",NA,"","","","","","0929號燈桿附近",NA,NA,NA,NA,NA,NA,NA,NA,NA,0,2,0,"晴","夜間（或隧道、地下道、涵洞）有照明","村里道路",60,"四岔路","交岔路口內","柏油","乾燥","無缺陷","無障礙物","良好","無號誌","無號誌","無分向設施","未繪設車道線","未繪設快慢車道分隔線","無","路口交岔撞","未依規定讓車","Y000","YZ00",1,2,2014-12-31,"伯玉路一段","","金門縣金寧鄉0929號燈桿附近","118.3267756","24.4346914"
10312,"10312Y00020047","YZA1","10312YZ000080",2014,12,31,15,41,"金門縣","金城鎮","",NA,"民權路","","70",2,"4","","","","","",NA,NA,NA,NA,NA,NA,NA,NA,NA,0,1,0,"晴","日間自然光線","村里道路",40,"四岔路","交岔路口內","其他鋪裝","乾燥","無缺陷","無障礙物","良好","無號誌","無號誌","無分向設施","未繪設車道線","未繪設快慢車道分隔線","有","路口交岔撞","未依規定讓車","Y000","YZ00",1,2,2014-12-31,"民權路70巷2弄4號","","金門縣金城鎮","118.3120733","24.4331197"
10312,"","YZA1","10312YZ000081",2014,12,31,16,12,"金門縣","金城鎮","",NA,"伯玉路","一","",NA,"90","","","","","陳金福號貢糖前",NA,NA,NA,NA,NA,NA,NA,NA,NA,0,0,0,"晴",NA,NA,60,NA,NA,NA,NA,NA,NA,NA,NA,NA,NA,NA,NA,NA,NA,NA,"Y000","YZ00",1,4,2014-12-31,"伯玉路一段90號","","金門縣金城鎮陳金福號貢糖前","118.3267756","24.4346914"
10312,"10312Y00020050","YZA1","10312YZ000082",2014,12,31,19,11,"金門縣","金寧鄉","盤山村",NA,"大學路","","",NA,"1","","","","","",NA,NA,NA,NA,NA,NA,NA,NA,NA,0,1,0,"晴","夜間（或隧道、地下道、涵洞）有照明","縣道",40,"直路","一般車道（未劃分快慢車道）","水泥","乾燥","無缺陷","無障礙物","良好","無號誌","無號誌","寬式（50公分以上）","未繪設車道線","未繪設快慢車道分隔線","有","路上翻車、摔倒","未注意車前狀態","Y000","YZ00",1,2,2014-12-31,"大學路1號","","金門縣金寧鄉盤山村","118.325279","24.4466751"